rank,sorted_distance,sorted_idx
1,0.0,6733
2,0.00011547652684384957,26440
3,0.00011753606668207794,21859
4,0.0001193166317534633,2652
5,0.00012029556091874838,3210
6,0.0001216651508002542,12987
7,0.0001229000772582367,24563
8,0.00012303296534810215,12488
9,0.00012322922702878714,3584
10,0.0001233135408256203,24028
11,0.00012352548947092146,27526
12,0.00012451013026293367,16624
13,0.00012493995018303394,22712
14,0.00012503904872573912,15808
15,0.0001252388465218246,14359
16,0.00012526384671218693,27302
17,0.00012537387374322861,24665
18,0.00012548004451673478,22618
19,0.0001256098476005718,23582
20,0.00012634604354389012,22237
21,0.0001264940801775083,18810
22,0.00012713261821772903,9893
23,0.0001271609653485939,5803
24,0.00012742805120069534,22348
25,0.0001274353708140552,22209
26,0.00012765098654199392,24484
27,0.0001276747352676466,8480
28,0.00012813693319913,18489
29,0.00012842238356824964,1402
30,0.00012859198614023626,25998
31,0.00012888555647805333,2072
32,0.0001289581268792972,5596
33,0.00012927733769174665,3636
34,0.0001300751609960571,2005
35,0.00013024626241531223,6994
36,0.00013041203783359379,19152
37,0.00013050550478510559,25363
38,0.00013084102829452604,22270
39,0.00013091093569528311,13974
40,0.0001310348598053679,23889
41,0.00013116990157868713,19460
42,0.00013130316801834852,19572
43,0.0001313621032750234,2043
44,0.00013138943177182227,10207
45,0.0001314639812335372,6856
46,0.00013175493222661316,4946
47,0.00013178758672438562,24807
48,0.0001318806898780167,20287
49,0.0001319353759754449,27121
50,0.0001320715236943215,15928
51,0.00013209867756813765,12383
52,0.00013219477841630578,11705
53,0.00013239092368166894,24252
54,0.00013242039131000638,5857
55,0.00013247788592707366,6065
56,0.00013264798326417804,24621
57,0.00013268532347865403,371
58,0.00013279917766340077,21910
59,0.0001329106162302196,9081
60,0.00013305431639309973,1963
61,0.00013309695350471884,12602
62,0.00013314580428414047,18197
63,0.00013319318532012403,25702
64,0.00013322965241968632,23567
65,0.00013335600669961423,4040
66,0.0001335109700448811,10189
67,0.00013366318307816982,2916
68,0.0001337357534794137,11990
69,0.00013375416165217757,21376
70,0.00013379077427089214,5990
71,0.00013396673602983356,18031
72,0.0001340162561973557,14969
73,0.00013409483653958887,17296
74,0.0001342087343800813,24193
75,0.00013421410403680056,19246
76,0.00013432023115456104,16267
77,0.00013432260311674327,8835
78,0.00013434085121843964,2883
79,0.00013456451415549964,10301
80,0.0001347163342870772,13319
81,0.00013478889013640583,7738
82,0.0001348285295534879,18534
83,0.00013499983469955623,4719
84,0.00013511483848560601,24214
85,0.00013512489385902882,4770
86,0.00013515457976609468,7749
87,0.00013516076433006674,24109
88,0.00013518420746549964,11003
89,0.00013521565415430814,9477
90,0.00013530784053727984,2797
91,0.00013535315520130098,22514
92,0.0001355479471385479,3021
93,0.00013561379455495626,16430
94,0.0001357025175821036,16843
95,0.00013589250738732517,16368
96,0.0001359283778583631,21297
97,0.00013594774645753205,8445
98,0.00013596435019280761,8647
99,0.00013604921696241945,7876
100,0.00013605121057480574,257
101,0.000136098125949502,16383
102,0.00013612856855615973,21402
103,0.00013614926137961447,166
104,0.0001362097536912188,6334
105,0.00013631580804940313,6643
106,0.0001363703777315095,20415
107,0.00013645668514072895,10627
108,0.0001364636846119538,15942
109,0.000136488102725707,12500
110,0.0001365377102047205,25454
111,0.00013662519631907344,24029
112,0.00013665721053257585,12888
113,0.00013671600027009845,5965
114,0.00013674329966306686,20483
115,0.00013689776824321598,23761
116,0.00013689891784451902,16208
117,0.00013698394468519837,26879
118,0.00013701927673537284,17441
119,0.0001370228419546038,3925
120,0.0001370415702695027,1842
121,0.00013704395678360015,27648
122,0.00013704461161978543,11893
123,0.00013705344463232905,2168
124,0.00013714906526729465,4818
125,0.0001372118858853355,3819
126,0.00013727434270549566,18701
127,0.00013731107173953205,17557
128,0.0001374092244077474,6457
129,0.00013744515308644623,16980
130,0.00013747795310337096,9636
131,0.00013763763126917183,14823
132,0.00013765004405286163,10756
133,0.000137662747874856,19885
134,0.00013777014100924134,13173
135,0.0001377993612550199,6535
136,0.00013781314191874117,15435
137,0.00013781513553112745,16576
138,0.00013784175098408014,10019
139,0.00013788392243441194,16153
140,0.00013799518637824804,25089
141,0.00013799543376080692,27544
142,0.0001382072368869558,15528
143,0.00013821959146298468,27090
144,0.00013826040958520025,21484
145,0.00013827225484419614,1361
146,0.00013828252849634737,9637
147,0.00013832798867952079,6873
148,0.000138376111863181,16587
149,0.0001384071947541088,12119
150,0.00013842436601407826,3687
151,0.00013843155466020107,19567
152,0.00013847934314981103,16141
153,0.0001384920469718054,2779
154,0.00013852055417373776,27006
155,0.0001385814684908837,8583
156,0.0001386366639053449,2334
157,0.00013869660324417055,1405
158,0.00013876544835511595,20530
159,0.00013876856246497482,22753
160,0.00013877704623155296,24334
161,0.00013881834456697106,23671
162,0.00013890117406845093,18088
163,0.00013894426228944212,21517
164,0.00013898844190407544,4262
165,0.00013902799400966614,19674
166,0.00013909769768361002,18582
167,0.0001391750411130488,7143
168,0.0001391806436004117,8333
169,0.00013920883066020906,6185
170,0.00013922309153713286,9396
171,0.0001392466074321419,24622
172,0.00013926386600360274,1974
173,0.00013928038242738694,26890
174,0.00013928397675044835,14993
175,0.00013934276648797095,15265
176,0.00013940232747700065,21726
177,0.000139409996336326,11515
178,0.00013941971701569855,22791
179,0.00013950333232060075,26357
180,0.00013957632472738624,9649
181,0.00013959038187749684,3790
182,0.00013962810044176877,21621
183,0.00013967714039608836,3980
184,0.00013968611892778426,25644
185,0.00013977450726088136,4017
186,0.0001397924352204427,18804
187,0.00013980123912915587,3439
188,0.00013983850658405572,22938
189,0.0001398463937221095,24749
190,0.00013986128033138812,8332
191,0.00013986726116854697,1751
192,0.00013992859749123454,10325
193,0.00013999082148075104,11861
194,0.0001400015753461048,15288
195,0.00014000646478962153,3017
196,0.00014002442185301334,25794
197,0.00014005551929585636,17486
198,0.00014010317681822926,1257
199,0.00014011010352987796,17524
200,0.00014011425082571805,17453
201,0.0001401466433890164,22592
202,0.00014016199565958232,3893
203,0.00014017641660757363,4741
204,0.00014019946684129536,7705
205,0.00014023741823621094,21699
206,0.00014025844575371593,3356
207,0.0001402951020281762,15523
208,0.0001403026544721797,22277
209,0.00014036223001312464,5418
210,0.00014042638940736651,27035
211,0.00014047881995793432,3458
212,0.0001404872164130211,4647
213,0.0001405617076670751,15887
214,0.00014061610272619873,11776
215,0.00014062192349229008,10151
216,0.0001406314695486799,15248
217,0.00014067637675907463,3664
218,0.00014070436009205878,26495
219,0.00014070578617975116,7296
220,0.00014074226783122867,7856
221,0.00014075830404181033,20164
222,0.0001407982490491122,3517
223,0.00014080156688578427,27050
224,0.0001408152747899294,7444
225,0.00014085372094996274,19659
226,0.00014090190234128386,23013
227,0.0001409428077749908,18558
228,0.00014094298239797354,25392
229,0.0001409487595083192,11773
230,0.000140955118695274,4091
231,0.0001409669202985242,20933
232,0.00014098006067797542,10137
233,0.00014099563122726977,17128
234,0.00014099858526606113,3174
235,0.0001410129334544763,8241
236,0.00014103951980359852,21783
237,0.00014105098671279848,21063
238,0.00014105784066487104,7306
239,0.00014107255265116692,25922
240,0.0001410944532835856,12238
241,0.00014114571968093514,23035
242,0.00014116280362941325,19892
243,0.00014124359586276114,4680
244,0.00014129505143500865,4754
245,0.0001413255522493273,11033
246,0.00014133844524621964,25203
247,0.000141357711981982,18538
248,0.00014136903337202966,15822
249,0.00014136913523543626,7367
250,0.0001413723366567865,16370
251,0.00014137504331301898,12883
252,0.0001414044527336955,24280
253,0.00014140730490908027,10921
254,0.00014143742737360299,8322
255,0.0001414721191395074,14415
256,0.0001415156584698707,25318
257,0.00014153112715575844,9190
258,0.0001415648584952578,5308
259,0.00014162105799186975,20596
260,0.00014163897139951587,659
261,0.00014164551976136863,13585
262,0.0001416822342434898,19271
263,0.0001417017774656415,9841
264,0.00014170416397973895,23914
265,0.0001417046441929415,14234
266,0.00014174675743561238,1518
267,0.0001418070460204035,20301
268,0.0001418731117155403,23785
269,0.0001418811152689159,22898
270,0.00014190026558935642,27784
271,0.00014192971866577864,7413
272,0.00014194285904522985,20169
273,0.00014194352843333036,23597
274,0.00014196510892361403,24773
275,0.00014198123244568706,24222
276,0.00014206186460796744,2852
277,0.00014209322398528457,24613
278,0.0001421041670255363,7166
279,0.00014210733934305608,1127
280,0.00014222573372535408,20875
281,0.0001423148496542126,23442
282,0.00014234390982892364,23164
283,0.0001424070942448452,15089
284,0.00014244842168409377,25715
285,0.00014250673120841384,25207
286,0.00014254644338507205,25894
287,0.00014254915004130453,19828
288,0.00014258446753956378,25826
289,0.00014259527961257845,16094
290,0.00014269744860939682,24447
291,0.00014270281826611608,2394
292,0.0001427175448043272,4578
293,0.0001427195529686287,27402
294,0.00014274475688580424,1048
295,0.00014277748414315283,26026
296,0.00014279139577411115,15171
297,0.00014280140749178827,13280
298,0.00014280153845902532,17093
299,0.00014280238247010857,5632
300,0.0001428125106031075,20041
301,0.0001428293762728572,7056
302,0.00014283524069469422,2509
303,0.00014289004320744425,4514
304,0.00014291649858932942,18971
305,0.0001429911790182814,25428
306,0.0001429914846085012,24180
307,0.00014299321628641337,11829
308,0.00014299637405201793,9615
309,0.00014305974764283746,2289
310,0.000143076540553011,11750
311,0.00014309579273685813,16026
312,0.00014309662219602615,21625
313,0.00014312488201539963,7990
314,0.00014317686145659536,16851
315,0.00014318939065560699,27214
316,0.00014321993512567133,5718
317,0.0001432511053280905,8962
318,0.00014325219672173262,20954
319,0.00014329391706269234,17050
320,0.00014335806190501899,24730
321,0.0001433766883565113,26168
322,0.00014340145571622998,21052
323,0.00014340509369503707,22854
324,0.00014344406372401863,24612
325,0.00014344803639687598,4954
326,0.00014346836542245,17938
327,0.00014351712889038026,12945
328,0.00014354116865433753,3481
329,0.00014354246377479285,25653
330,0.00014355358143802732,18632
331,0.0001435580343240872,6056
332,0.0001435769081581384,8846
333,0.0001435945014236495,24439
334,0.0001436037855455652,26161
335,0.00014362239744514227,4073
336,0.0001436565798940137,23677
337,0.0001436608872609213,13136
338,0.00014367875701282173,13029
339,0.00014372621080838144,19693
340,0.0001437314203940332,25631
341,0.00014373766316566616,22231
342,0.0001437827741028741,17236
343,0.00014381497749127448,4851
344,0.0001438389444956556,3868
345,0.00014384291716851294,24931
346,0.00014384477981366217,2221
347,0.00014386154362000525,26146
348,0.0001438702893210575,324
349,0.00014389592979568988,26403
350,0.00014390258002094924,4998
351,0.00014395730977412313,1399
352,0.00014396636106539518,12743
353,0.000143978075357154,4098
354,0.00014402340457309037,11856
355,0.00014404125977307558,17454
356,0.00014405808178707957,17883
357,0.0001440597843611613,26610
358,0.00014407956041395664,16762
359,0.00014410402218345553,1796
360,0.0001441320200683549,22217
361,0.0001441544882254675,11145
362,0.0001441559288650751,19946
363,0.0001441776694264263,10770
364,0.0001441820786567405,3739
365,0.00014425050176214427,24729
366,0.00014425494009628892,22962
367,0.00014426649431698024,25353
368,0.0001442732464056462,10126
369,0.00014428200665861368,12977
370,0.00014429430302698165,1784
371,0.00014431437011808157,1951
372,0.00014432077296078205,18562
373,0.0001443418877897784,3466
374,0.0001443740475224331,4059
375,0.0001444108347641304,11066
376,0.00014442992687691003,13335
377,0.00014450194430537522,22595
378,0.00014452477626036853,26431
379,0.00014453520998358727,25502
380,0.0001445777015760541,18476
381,0.00014458212535828352,5093
382,0.0001446052046958357,10774
383,0.00014461210230365396,16132
384,0.00014470786845777184,9536
385,0.00014471955364570022,24581
386,0.00014474611089099199,21750
387,0.0001448076800443232,16408
388,0.0001448357943445444,18207
389,0.00014485382416751236,20827
390,0.000144887701026164,2594
391,0.00014491044566966593,3506
392,0.0001449569099349901,2774
393,0.0001449600385967642,21777
394,0.0001449905103072524,3146
395,0.00014500979159493,13804
396,0.00014503634884022176,12588
397,0.00014506698062177747,26623
398,0.00014511584595311433,13958
399,0.00014511837798636407,1509
400,0.0001451446587452665,22794
401,0.00014514844224322587,9816
402,0.00014514948998112231,4067
403,0.00014516945520881563,5739
404,0.00014517197269015014,24255
405,0.00014518029638566077,11481
406,0.00014518371608573943,19856
407,0.0001452709111617878,17190
408,0.0001452719880035147,18271
409,0.0001452777360100299,27068
410,0.00014528041356243193,21930
411,0.00014529521286021918,21354
412,0.00014529823965858668,8662
413,0.00014530529733747244,2775
414,0.00014532274508383125,7660
415,0.00014533654029946774,9261
416,0.0001453499135095626,3171
417,0.00014537511742673814,25924
418,0.00014541609562002122,6057
419,0.00014541810378432274,24874
420,0.0001454307493986562,27342
421,0.00014546758029609919,15588
422,0.00014547145110554993,19468
423,0.00014547150931321084,20907
424,0.00014550666674040258,31
425,0.00014552158245351166,6182
426,0.00014552337233908474,24801
427,0.00014554346853401512,1458
428,0.00014557165559381247,14845
429,0.00014557746180798858,9379
430,0.00014558025577571243,17636
431,0.00014558897237293422,24617
432,0.00014559955161530524,2214
433,0.0001456114259781316,4920
434,0.00014564089360646904,20295
435,0.0001456515456084162,23492
436,0.00014565527089871466,12054
437,0.00014567408652510494,1428
438,0.00014568326878361404,24867
439,0.00014568341430276632,27615
440,0.0001457085891161114,8874
441,0.00014572670625057071,20440
442,0.0001457656908314675,13908
443,0.000145807396620512,6315
444,0.00014581922732759267,859
445,0.0001458663900848478,2080
446,0.00014589140482712537,9271
447,0.00014589390775654465,15874
448,0.0001459124468965456,21461
449,0.00014591883518733084,17048
450,0.00014599892892874777,23423
451,0.00014601278235204518,9857
452,0.00014604133320972323,6759
453,0.00014606904005631804,20932
454,0.00014610971265938133,23960
455,0.00014611336519010365,6445
456,0.00014612423547077924,5814
457,0.00014613194798585027,21468
458,0.00014614354586228728,18755
459,0.0001461509964428842,362
460,0.00014619261492043734,20438
461,0.00014623253082390875,16985
462,0.00014627911150455475,20965
463,0.0001463045773562044,21008
464,0.00014631231897510588,15290
465,0.00014633785758633167,25692
466,0.00014634616672992706,665
467,0.0001463491062168032,22783
468,0.00014636995911132544,262
469,0.00014637599815614522,17243
470,0.00014638365246355534,1668
471,0.00014638571883551776,10967
472,0.00014640337030868977,10380
473,0.00014647985517513007,5636
474,0.00014648154319729656,2380
475,0.00014649904915131629,18819
476,0.00014651160745415837,27308
477,0.0001465338427806273,11639
478,0.00014653787366114557,14531
479,0.00014659126463811845,25407
480,0.0001465944660594687,26326
481,0.00014660214947070926,19452
482,0.00014661235036328435,12254
483,0.00014661456225439906,14866
484,0.0001466502289986238,5378
485,0.0001466857793275267,24151
486,0.0001466889079893008,2887
487,0.0001466961984988302,18860
488,0.00014673358236905187,10783
489,0.00014674838166683912,69
490,0.00014678743900731206,2261
491,0.00014680427557323128,22890
492,0.00014681246830150485,12528
493,0.00014684782945550978,17361
494,0.0001468481932533905,24513
495,0.00014686293434351683,26275
496,0.00014686489885207266,22311
497,0.00014686612121295184,20453
498,0.0001468985719839111,21129
499,0.00014690776879433542,19731
500,0.0001469086855649948,21326
501,0.00014692460536025465,21901
502,0.00014692547847516835,21237
503,0.00014692996046505868,3072
504,0.00014695455320179462,11073
505,0.00014696955622639507,22077
506,0.00014697053120471537,25006
507,0.00014697204460389912,5182
508,0.0001469734124839306,13794
509,0.00014698643644805998,10820
510,0.0001469874696340412,2713
511,0.00014700510655529797,23215
512,0.00014700950123369694,26005
513,0.00014702741464134306,21009
514,0.00014703701890539378,2174
515,0.00014704269415233284,937
516,0.00014704940258525312,25926
517,0.00014705886133015156,14448
518,0.00014710317191202193,24075
519,0.00014710324467159808,2396
520,0.00014711942640133202,26783
521,0.00014715893485117704,25488
522,0.00014718552120029926,18772
523,0.00014718710735905915,17920
524,0.00014720116450916976,9726
525,0.0001472176081733778,5024
526,0.00014724922948516905,10951
527,0.00014730572002008557,6896
528,0.00014733649732079357,18438
529,0.0001473502634325996,3341
530,0.0001473581069149077,23766
531,0.00014735967852175236,20755
532,0.00014736101729795337,24511
533,0.0001473775482736528,23736
534,0.00014738990284968168,5709
535,0.00014740660844836384,2272
536,0.00014741714403498918,8043
537,0.0001474402379244566,17967
538,0.00014744345389772207,24281
539,0.0001474507007515058,22469
540,0.00014748546527698636,18246
541,0.00014748740068171173,19407
542,0.0001475451426813379,19876
543,0.0001475766475778073,9491
544,0.00014758046017959714,19825
545,0.0001475876197218895,3583
546,0.00014759073383174837,5188
547,0.00014759514306206256,20149
548,0.0001475960307288915,1323
549,0.00014759771875105798,24558
550,0.00014759796613361686,615
551,0.00014761817874386907,435
552,0.00014766558888368309,27524
553,0.00014766947424504906,10264
554,0.0001476993493270129,25796
555,0.00014772584836464375,4686
556,0.00014773805742152035,10805
557,0.0001477693294873461,22275
558,0.00014777775504626334,24051
559,0.0001477863552281633,11950
560,0.00014779088087379932,25833
561,0.0001477945625083521,16552
562,0.00014782350626774132,969
563,0.00014784850645810366,19234
564,0.00014785527309868485,11892
565,0.00014786527026444674,26317
566,0.0001478815102018416,4328
567,0.00014795393508393317,428
568,0.0001479557977290824,1503
569,0.0001479562051827088,3756
570,0.00014795915922150016,16868
571,0.00014795971219427884,3986
572,0.00014798171469010413,19584
573,0.00014799092605244368,23356
574,0.00014800301869399846,17722
575,0.00014802342047914863,1634
576,0.00014803670637775213,6818
577,0.0001480469509260729,24291
578,0.00014806138642597944,21666
579,0.0001480626524426043,21917
580,0.00014806559192948043,21281
581,0.0001480698265368119,2253
582,0.00014808685227762908,6235
583,0.00014808776904828846,27660
584,0.00014809356071054935,1477
585,0.0001481062499806285,9776
586,0.00014813014422543347,17912
587,0.00014816202747169882,12701
588,0.0001481678191339597,26970
589,0.0001481758226873353,15618
590,0.00014817890769336373,27166
591,0.00014819152420386672,11332
592,0.0001482273219153285,422
593,0.0001482446532463655,8230
594,0.00014824690879322588,17548
595,0.00014826847473159432,7983
596,0.00014830540749244392,5434
597,0.00014832895249128342,359
598,0.00014835846377536654,6232
599,0.00014837612980045378,18842
600,0.00014837914204690605,20978
601,0.00014838211063761264,24701
602,0.00014839362120255828,14154
603,0.00014840828953310847,24185
604,0.0001484204112784937,10991
605,0.000148426930536516,16090
606,0.0001484351814724505,23072
607,0.00014843599637970328,25928
608,0.00014844848192296922,26969
609,0.00014844986435491592,22860
610,0.0001484555978095159,24200
611,0.00014848170394543558,27629
612,0.00014850246952846646,18474
613,0.00014850293518975377,25020
614,0.00014852260937914252,19124
615,0.00014852338063064963,1203
616,0.00014852867752779275,23563
617,0.00014853785978630185,7307
618,0.00014854283654130995,26100
619,0.00014854893379379064,23178
620,0.00014856745838187635,11268
621,0.00014857503992971033,21352
622,0.0001485802058596164,22501
623,0.00014859413204248995,21442
624,0.00014864769764244556,5869
625,0.00014866083802189678,2452
626,0.00014869777078274637,3539
627,0.00014870120503474027,5826
628,0.000148701379657723,25189
629,0.00014870715676806867,22607
630,0.00014874553016852587,9503
631,0.0001487506669946015,17844
632,0.0001487573463236913,20704
633,0.00014877384819556028,24960
634,0.00014878807996865362,23231
635,0.00014879224181640893,26792
636,0.00014879358059260994,22840
637,0.00014879550144542009,7909
638,0.00014880798698868603,23114
639,0.000148810533573851,19107
640,0.00014882662799209356,2755
641,0.00014883975381962955,19402
642,0.00014886203280184418,15140
643,0.0001488728739786893,10776
644,0.00014889281010255218,11535
645,0.00014890101738274097,1513
646,0.00014891992032062262,19164
647,0.00014893285697326064,8558
648,0.00014894093328621238,23100
649,0.00014894190826453269,10104
650,0.0001490006543463096,10918
651,0.00014900074165780097,10160
652,0.00014900718815624714,22887
653,0.00014900832320563495,2971
654,0.00014904308773111552,2826
655,0.00014904886484146118,27172
656,0.00014906178694218397,3920
657,0.00014909423771314323,18791
658,0.000149120285641402,16087
659,0.00014913181075826287,13458
660,0.00014913250925019383,24397
661,0.00014915390056557953,5691
662,0.00014917203225195408,7105
663,0.00014918646775186062,687
664,0.00014919776003807783,5993
665,0.00014920381363481283,9349
666,0.00014920740795787424,10988
667,0.00014921858382876962,15976
668,0.0001492366282036528,13589
669,0.00014924931747373194,9272
670,0.00014926071162335575,7940
671,0.00014929148892406374,15274
672,0.00014930259203538299,1016
673,0.0001493028539698571,8990
674,0.00014930768520571291,25373
675,0.00014941967674531043,281
676,0.00014943224960006773,18928
677,0.0001494666066719219,18957
678,0.00014949962496757507,12342
679,0.00014951512275729328,14182
680,0.0001495311880717054,16354
681,0.00014953799836803228,13608
682,0.00014955448568798602,26804
683,0.00014955691585782915,6887
684,0.0001495900796726346,32
685,0.00014965097943786532,1444
686,0.00014966409071348608,23927
687,0.00014968807226978242,23779
688,0.0001496888289693743,10305
689,0.00014968962932471186,4210
690,0.00014970044139772654,24304
691,0.00014970797928981483,22523
692,0.00014971030759625137,26032
693,0.00014973347424529493,24959
694,0.00014975244994275272,15451
695,0.00014975325029809028,8804
696,0.00014975399244576693,24693
697,0.00014975624799262732,7245
698,0.0001497651683166623,15674
699,0.00014976535749156028,5013
700,0.00014980290143284947,1689
701,0.0001498193887528032,18710
702,0.00014982347784098238,25032
703,0.00014983183064032346,11017
704,0.00014983792789280415,1183
705,0.00014984419976826757,7569
706,0.00014984866720624268,4897
707,0.0001499016216257587,2924
708,0.00014991330681368709,18506
709,0.00014991591160651296,24522
710,0.00014991601346991956,558
711,0.00014993143850006163,19744
712,0.00014993920922279358,26905
713,0.00014995863602962345,24506
714,0.00014997378457337618,25022
715,0.00014997785910964012,6923
716,0.00015000141866039485,18396
717,0.0001500279176980257,4696
718,0.00015004973101895303,14118
719,0.00015006802277639508,5870
720,0.00015007289766799659,15819
721,0.00015007769980002195,2391
722,0.00015008056652732193,24804
723,0.00015009150956757367,22363
724,0.00015012371295597404,25285
725,0.00015015625103842467,8495
726,0.00015015937970019877,27531
727,0.0001501626247772947,8807
728,0.00015017420810181648,25773
729,0.00015018641715869308,26926
730,0.00015018727572169155,27120
731,0.00015019185957498848,7363
732,0.00015019752027001232,17913
733,0.00015020107093732804,16787
734,0.00015021490980871022,7254
735,0.00015022205479908735,20254
736,0.00015022409206721932,4508
737,0.0001502255763625726,15014
738,0.00015024068125057966,13552
739,0.00015024421736598015,2219
740,0.00015024874301161617,22722
741,0.0001502555824117735,17984
742,0.00015025983157102019,1314
743,0.00015027221525087953,27432
744,0.0001502847735537216,10363
745,0.00015029656060505658,8805
746,0.00015030130452942103,20591
747,0.0001503053936176002,2250
748,0.0001503057574154809,6066
749,0.00015033905219752342,15816
750,0.0001503504900028929,26273
751,0.00015035379328764975,3365
752,0.00015037781849969178,27091
753,0.00015039175923448056,3489
754,0.00015039749268908054,17667
755,0.00015040567086543888,16524
756,0.0001504255924373865,18032
757,0.0001504332758486271,14950
758,0.0001504441606812179,24298
759,0.0001504571846453473,24078
760,0.0001504629763076082,20322
761,0.00015046709449961782,24014
762,0.00015048758359625936,13576
763,0.0001504921237938106,14423
764,0.00015050932415761054,670
765,0.00015051306399982423,6150
766,0.00015051652735564858,13085
767,0.00015053768584039062,15753
768,0.00015054340474307537,5923
769,0.000150547013618052,25688
770,0.00015055362018756568,25080
771,0.0001505944674136117,24367
772,0.00015059956058394164,4402
773,0.0001506194967078045,25509
774,0.0001506240660091862,26718
775,0.00015062848979141563,1688
776,0.0001506453554611653,27494
777,0.00015065466868691146,7069
778,0.00015066933701746166,17242
779,0.0001506772096036002,25612
780,0.00015068362699821591,15692
781,0.0001507010165369138,12447
782,0.0001507016277173534,5901
783,0.00015071149391587824,20416
784,0.0001507727283751592,7320
785,0.00015081028686836362,8376
786,0.00015081871242728084,8693
787,0.00015082806930877268,1708
788,0.0001508541899966076,8094
789,0.00015086500206962228,193
790,0.0001508659915998578,4840
791,0.00015090829401742667,15233
792,0.0001509165158495307,17828
793,0.00015095312846824527,26575
794,0.0001509573048679158,8186
795,0.00015096038987394422,11193
796,0.00015096363495104015,23167
797,0.00015099947631824762,26225
798,0.0001510132133262232,3444
799,0.00015101580356713384,18023
800,0.00015102261386346072,14940
801,0.00015102939505595714,23135
802,0.00015103032637853175,13132
803,0.00015103770419955254,21588
804,0.00015106167120393366,17739
805,0.00015106622595340014,17325
806,0.00015107222134247422,17348
807,0.00015107386570889503,8571
808,0.0001510842121206224,17186
809,0.00015110339154489338,18245
810,0.00015112456458155066,18081
811,0.00015113259723875672,6497
812,0.00015113555127754807,3161
813,0.000151159314555116,27144
814,0.00015118971350602806,25146
815,0.00015119749878067523,26637
816,0.0001512124144937843,24459
817,0.00015128056111279875,13511
818,0.0001512952003395185,19700
819,0.00015129911480471492,24824
820,0.0001513044408056885,6500
821,0.00015130455722101033,26729
822,0.00015131990949157625,6353
823,0.0001513325987616554,8759
824,0.00015133370470721275,4443
825,0.00015137213631533086,18492
826,0.00015137324226088822,4489
827,0.0001513778988737613,21036
828,0.0001513778988737613,22322
829,0.00015138219168875366,24482
830,0.00015138450544327497,26530
831,0.00015138514572754502,677
832,0.00015139357128646225,12753
833,0.00015139406605158,18085
834,0.0001514188916189596,23337
835,0.0001514270988991484,24010
836,0.00015143044583965093,9080
837,0.00015145372890401632,16089
838,0.00015146427904255688,19995
839,0.00015146830992307514,16774
840,0.00015147635713219643,4436
841,0.00015148220700211823,12127
842,0.0001514852192485705,27512
843,0.00015149141836445779,18555
844,0.00015149929095059633,575
845,0.00015151964908000082,15402
846,0.00015158890164457262,8745
847,0.00015163938223849982,18079
848,0.00015166577941272408,21227
849,0.00015166644880082458,18745
850,0.0001516673801233992,8945
851,0.00015174980217125267,18746
852,0.00015179140609689057,13162
853,0.00015185306256171316,7911
854,0.0001518534409115091,5112
855,0.00015185470692813396,9770
856,0.00015185766096692532,27618
857,0.00015187107783276588,20611
858,0.00015188513498287648,11894
859,0.00015191122656688094,399
860,0.00015191211423370987,12267
861,0.0001519479410490021,23853
862,0.00015195431478787214,1858
863,0.00015195718151517212,20171
864,0.0001519596844445914,12137
865,0.0001519690704299137,23854
866,0.00015197377069853246,13399
867,0.00015198678011074662,20919
868,0.00015199868357740343,26230
869,0.00015200447523966432,533
870,0.00015201665519271046,18647
871,0.00015201675705611706,22725
872,0.00015201930364128202,18719
873,0.00015202733629848808,15850
874,0.00015202866052277386,5337
875,0.00015202997019514441,1245
876,0.00015206322132144123,9174
877,0.00015207513934001327,8531
878,0.00015209920820780098,21060
879,0.00015209935372695327,17114
880,0.00015210517449304461,24288
881,0.0001521169178886339,18074
882,0.00015214151062536985,2982
883,0.00015214299492072314,16598
884,0.0001521602098364383,22132
885,0.00015216432802844793,6987
886,0.0001521799567854032,25296
887,0.00015218317275866866,6585
888,0.0001521859667263925,17736
889,0.00015219936904031783,12609
890,0.0001522007369203493,18702
891,0.00015220390923786908,5830
892,0.00015220399654936045,27241
893,0.00015220425848383456,233
894,0.0001522198144812137,20376
895,0.0001522272068541497,3434
896,0.00015224202070385218,21144
897,0.00015224389790091664,15989
898,0.0001522465463494882,7692
899,0.0001522479287814349,3422
900,0.0001522593665868044,26559
901,0.00015226975665427744,13180
902,0.0001522788661532104,754
903,0.0001523024693597108,17144
904,0.0001523588871350512,13266
905,0.00015236034232657403,9557
906,0.00015237486513797194,15465
907,0.0001523894170532003,571
908,0.00015240180073305964,4181
909,0.0001524104445707053,8256
910,0.0001524423569208011,2592
911,0.00015246342809405178,12592
912,0.00015248559066094458,4516
913,0.0001524924300611019,10644
914,0.0001524948311271146,27
915,0.00015250210708472878,10941
916,0.0001525083789601922,19654
917,0.0001525175030110404,8601
918,0.00015252384764607996,8822
919,0.0001525378756923601,15310
920,0.00015256067854352295,27272
921,0.00015256325423251837,1158
922,0.00015256543701980263,5874
923,0.00015256866754498333,17199
924,0.00015257610357366502,13278
925,0.00015259464271366596,6047
926,0.0001526177948107943,22239
927,0.00015262866509146988,23154
928,0.00015263269597198814,8180
929,0.00015264019020833075,15459
930,0.00015265763795468956,8099
931,0.0001526677078800276,17187
932,0.00015266958507709205,11703
933,0.00015267271373886615,9742
934,0.00015268179413396865,2202
935,0.00015268234710674733,3901
936,0.00015268882270902395,23750
937,0.00015269008872564882,1948
938,0.00015270589210558683,24945
939,0.00015271539450623095,8986
940,0.00015272505697794259,12170
941,0.00015272913151420653,2707
942,0.00015274800534825772,3875
943,0.0001527492277091369,8299
944,0.0001527572312625125,18436
945,0.00015276821795850992,17903
946,0.00015277089551091194,24110
947,0.0001527767162770033,1325
948,0.00015277788043022156,17468
949,0.00015278135833796114,26644
950,0.00015279851504601538,10052
951,0.00015282921958714724,19568
952,0.00015283348329830915,13791
953,0.00015284169057849795,6636
954,0.00015284394612535834,4061
955,0.00015285983681678772,22461
956,0.0001528781867818907,13771
957,0.00015290547162294388,11804
958,0.00015290598093997687,7048
959,0.00015291951422113925,24446
960,0.00015292083844542503,16438
961,0.00015292147872969508,24531
962,0.00015292182797566056,21074
963,0.00015292777970898896,16621
964,0.00015293002070393413,4077
965,0.00015293560863938183,26479
966,0.0001529369328636676,24609
967,0.0001530016743345186,11358
968,0.0001530260924482718,23931
969,0.0001530303416075185,5025
970,0.00015304134285543114,9694
971,0.00015304247790481895,27387
972,0.00015305625856854022,10864
973,0.000153068351210095,20194
974,0.0001530759036540985,10728
975,0.00015307801368180662,9731
976,0.00015309311856981367,20556
977,0.00015310330491047353,27088
978,0.00015310676826629788,20771
979,0.00015311429160647094,1527
980,0.00015314090705942363,1071
981,0.0001531662855995819,15570
982,0.00015317348879761994,16134
983,0.00015317706856876612,23607
984,0.00015320985403377563,23158
985,0.00015322591934818774,5196
986,0.00015326461289077997,22869
987,0.00015326518041547388,21581
988,0.00015327153960242867,1725
989,0.00015327727305702865,5077
990,0.0001532828900963068,6847
991,0.0001532976166345179,5731
992,0.00015330199676100165,6960
993,0.00015330500900745392,7437
994,0.00015330873429775238,3115
995,0.00015331240138038993,6784
996,0.00015332887414842844,17503
997,0.00015333354531321675,21221
998,0.00015333470946643502,25976
999,0.00015334274212364107,7637
1000,0.00015336350770667195,27383
1001,0.00015336454089265317,14120
1002,0.00015336531214416027,10531
1003,0.00015338763478212059,8126
1004,0.00015339419769588858,8891
1005,0.00015340218669734895,26231
1006,0.00015340691606979817,16236
1007,0.00015340946265496314,8530
1008,0.0001534141192678362,25721
1009,0.00015341966354753822,15620
1010,0.0001534234033897519,22895
1011,0.00015342998085543513,9583
1012,0.00015343638369813561,10580
1013,0.00015344172425102443,24118
1014,0.00015344224811997265,453
1015,0.0001534423208795488,18815
1016,0.00015344249550253153,18103
1017,0.00015344342682510614,2215
1018,0.00015344610437750816,4260
1019,0.00015345218707807362,6763
1020,0.00015347365115303546,5075
1021,0.00015350317698903382,2737
1022,0.00015350425383076072,15855
1023,0.00015350528701674193,2840
1024,0.00015351346519310027,19231
1025,0.00015352935588452965,992
1026,0.00015353324124589562,4085
1027,0.00015353495837189257,5943
1028,0.00015354643983300775,2049
1029,0.00015355806681327522,9869
1030,0.00015357392840087414,6723
1031,0.000153579399921,24789
1032,0.00015360116958618164,18519
1033,0.0001536231575300917,12007
1034,0.00015363309648819268,10247
1035,0.0001536332565592602,25803
1036,0.00015364780847448856,9685
1037,0.00015367387095466256,15000
1038,0.00015367659216281027,7206
1039,0.0001536775380373001,11405
1040,0.00015368842286989093,6696
1041,0.0001536919444333762,3166
1042,0.00015370977052953094,2626
1043,0.00015371730842161924,19591
1044,0.00015371883637271821,6239
1045,0.00015372976486105472,16445
1046,0.0001537338102934882,10276
1047,0.00015373728820122778,25785
1048,0.0001537409407319501,1812
1049,0.00015374261420220137,17862
1050,0.00015374619397334754,1059
1051,0.00015375135990325361,11115
1052,0.0001537526841275394,26540
1053,0.00015375763177871704,17655
1054,0.0001537584321340546,6522
1055,0.0001537591451779008,16068
1056,0.0001537670032121241,6940
1057,0.00015377681120298803,25893
1058,0.00015378986427094787,12140
1059,0.00015379210526589304,27310
1060,0.00015380268450826406,1502
1061,0.0001538055221317336,27791
1062,0.00015382700075861067,27711
1063,0.0001538504147902131,4146
1064,0.0001538520591566339,17196
1065,0.00015386444283649325,20205
1066,0.00015386994346044958,21905
1067,0.0001538801152491942,10498
1068,0.0001538845244795084,7375
1069,0.000153910688823089,17483
1070,0.00015391553461086005,9361
1071,0.00015392347995657474,1996
1072,0.00015392347995657474,7721
1073,0.00015392347995657474,16040
1074,0.00015392347995657474,22224
1075,0.00015393158537335694,24268
1076,0.00015396012167911977,1813
1077,0.00015396856178995222,9274
1078,0.00015397089009638876,23311
1079,0.00015397802053485066,924
1080,0.00015399171388708055,8956
1081,0.000154012770508416,4071
1082,0.0001540144148748368,22116
1083,0.00015403010183945298,21880
1084,0.00015403373981826007,11177
1085,0.0001540429366286844,16263
1086,0.000154046225361526,22264
1087,0.0001540644298074767,16515
1088,0.00015407163300551474,22995
1089,0.00015407358296215534,27123
1090,0.0001540784869575873,14067
1091,0.0001540962839499116,22268
1092,0.0001541189121780917,7165
1093,0.0001541419915156439,27597
1094,0.00015414564404636621,6727
1095,0.00015414586232509464,10006
1096,0.00015415443340316415,10202
1097,0.00015415772213600576,4944
1098,0.000154160923557356,18994
1099,0.0001541690289741382,12936
1100,0.00015417196846101433,11523
1101,0.0001541807287139818,25238
1102,0.000154183799168095,4765
1103,0.0001541915553389117,12333
1104,0.00015421604621224105,16601
1105,0.0001542231038911268,21873
1106,0.00015423716104123741,22818
1107,0.00015424055163748562,22593
1108,0.000154243316501379,21886
1109,0.00015424481534864753,26594
1110,0.0001542469544801861,17146
1111,0.00015425094170495868,20545
1112,0.0001542901009088382,10227
1113,0.00015430786879733205,21327
1114,0.00015431566862389445,22398
1115,0.00015431665815412998,13480
1116,0.00015431725478265435,327
1117,0.00015432032523676753,4782
1118,0.0001543247781228274,13886
1119,0.0001543270336696878,1136
1120,0.00015433403314091265,15258
1121,0.00015435412933584303,6554
1122,0.00015436705143656582,1102
1123,0.00015437316324096173,15029
1124,0.00015437701949849725,6640
1125,0.00015438790433108807,24738
1126,0.00015438810805790126,8998
1127,0.00015439091657754034,12045
1128,0.00015439791604876518,2065
1129,0.00015441005234606564,5215
1130,0.00015442266885656863,9991
1131,0.00015442632138729095,21974
1132,0.00015443318989127874,3223
1133,0.00015444010205101222,27231
1134,0.0001544459373690188,13081
1135,0.00015449376951437443,22909
1136,0.00015450629871338606,26422
1137,0.00015451127546839416,2732
1138,0.00015452731167897582,19319
1139,0.00015452763182111084,17216
1140,0.00015453291416633874,14811
1141,0.00015453752712346613,3607
1142,0.00015454959066119045,16325
1143,0.00015456201799679548,3620
1144,0.00015457205881830305,3576
1145,0.00015460944268852472,19766
1146,0.00015461524890270084,15986
1147,0.00015463873569387943,13746
1148,0.0001546488783787936,23751
1149,0.0001546512357890606,11688
1150,0.00015465347678400576,20303
1151,0.00015467363118659705,17922
1152,0.00015469029312953353,5591
1153,0.0001547143911011517,23622
1154,0.00015471846563741565,23951
1155,0.0001547196152387187,9850
1156,0.00015473576786462218,15444
1157,0.00015474138490390033,5736
1158,0.0001547504070913419,17363
1159,0.00015475557302124798,8317
1160,0.00015476768021471798,3704
1161,0.0001547681022202596,25551
1162,0.00015476878616027534,12554
1163,0.0001547701976960525,8920
1164,0.00015477488341275603,7624
1165,0.00015477593115065247,6113
1166,0.00015478496789000928,14389
1167,0.00015478608838748187,3236
1168,0.000154786670464091,21787
1169,0.00015478732530027628,8493
1170,0.0001547894935356453,11006
1171,0.00015479115245398134,27029
1172,0.00015479643479920924,18807
1173,0.0001547966676298529,19732
1174,0.00015481148147955537,18580
1175,0.00015481197624467313,20903
1176,0.00015484467439819127,13687
1177,0.00015484748291783035,12397
1178,0.00015485490439459682,4279
1179,0.00015485721814911813,6751
1180,0.00015488224744331092,7314
1181,0.0001548841391922906,11531
1182,0.00015488604549318552,5201
1183,0.00015489170618820935,1249
1184,0.00015490160149056464,20729
1185,0.00015490190708078444,4573
1186,0.00015491146768908948,1773
1187,0.00015491805970668793,1695
1188,0.00015492396778427064,27203
1189,0.00015495167463086545,8424
1190,0.00015496875857934356,7122
1191,0.00015498722495976835,20787
1192,0.00015499982691835612,4336
1193,0.00015500403242185712,2837
1194,0.00015502570022363216,357
1195,0.00015503108443226665,18977
1196,0.00015504276962019503,22784
1197,0.00015505697228945792,15078
1198,0.0001550756423966959,5520
1199,0.00015507890202570707,7500
1200,0.0001550842571305111,22194
1201,0.00015508780779782683,6933
1202,0.00015508971409872174,9769
1203,0.0001551039022160694,8010
1204,0.00015511941455770284,26141
1205,0.00015512389654759318,22684
1206,0.0001551369350636378,14077
1207,0.0001551406894577667,20685
1208,0.00015514413826167583,4122
1209,0.00015515064296778291,16111
1210,0.00015517621068283916,7333
1211,0.00015522136527579278,1277
1212,0.0001552221510792151,21803
1213,0.00015522216563113034,22720
1214,0.00015523098409175873,11811
1215,0.00015523945330642164,17310
1216,0.00015524672926403582,12876
1217,0.00015525237540714443,25564
1218,0.00015525661001447588,6297
1219,0.00015525701746810228,25035
1220,0.00015526324568782002,21689
1221,0.00015527648793067783,21760
1222,0.0001552876055939123,25731
1223,0.00015529943630099297,6192
1224,0.00015532011457253247,9389
1225,0.000155328176333569,289
1226,0.0001553339825477451,20917
1227,0.00015533858095295727,4286
1228,0.00015535061538685113,9553
1229,0.00015535372949671,9635
1230,0.00015535534475930035,24181
1231,0.0001553655310999602,18615
1232,0.000155375586473383,21719
1233,0.00015537769650109112,5076
1234,0.0001553881011204794,15721
1235,0.0001553940965095535,9307
1236,0.00015539889864157885,27348
1237,0.0001554005139041692,10920
1238,0.00015540818276349455,27218
1239,0.0001554146147100255,22396
1240,0.00015543773770332336,6321
1241,0.00015543987683486193,10418
1242,0.00015544169582426548,22526
1243,0.0001554475020384416,23314
1244,0.0001554489426780492,15920
1245,0.00015546954819001257,21614
1246,0.00015547178918495774,2383
1247,0.00015547691145911813,4026
1248,0.00015547974908258766,24838
1249,0.0001554865448269993,10575
1250,0.0001554930495331064,24764
1251,0.00015549871022813022,19545
1252,0.00015550355601590127,16959
1253,0.00015550428361166269,25016
1254,0.0001555198396090418,18886
1255,0.00015552328841295093,15061
1256,0.00015554043056908995,18518
1257,0.00015554710989817977,136
1258,0.00015554777928628027,1117
1259,0.00015555520076304674,385
1260,0.00015556336438748986,10962
1261,0.00015556464495602995,1472
1262,0.0001555919152451679,15594
1263,0.00015559208986815065,14344
1264,0.00015560821339022368,16522
1265,0.0001556092029204592,16628
1266,0.00015561103646177799,9664
1267,0.0001556163333589211,4281
1268,0.00015561837062705308,23081
1269,0.00015562069893348962,23616
1270,0.00015563631313852966,7796
1271,0.00015563846682198346,27147
1272,0.00015564171189907938,27595
1273,0.00015564922068733722,5272
1274,0.00015566022193524987,9700
1275,0.0001556609640829265,14367
1276,0.0001556638308102265,25447
1277,0.00015566866204608232,23200
1278,0.00015568909293506294,8659
1279,0.00015569034439977258,26502
1280,0.0001556931238155812,20182
1281,0.00015569663082715124,10188
1282,0.0001556968200020492,22384
1283,0.00015571237599942833,12242
1284,0.00015572742267977446,15383
1285,0.0001557353971293196,24369
1286,0.00015573839482385665,16788
1287,0.00015573963173665106,24860
1288,0.00015574612189084291,26193
1289,0.00015575852012261748,27032
1290,0.00015576487930957228,15300
1291,0.00015576636360492557,17586
1292,0.00015582579362671822,7292
1293,0.00015583269123453647,9072
1294,0.0001558535295771435,18552
1295,0.00015585552318952978,6267
1296,0.0001558574294904247,27043
1297,0.00015585884102620184,24672
1298,0.00015586201334372163,16697
1299,0.00015587198140565306,27196
1300,0.0001558748190291226,11222
1301,0.00015589622489642352,18185
1302,0.0001559022639412433,910
1303,0.0001559062657179311,11083
1304,0.0001559267402626574,5385
1305,0.0001559302763780579,20101
1306,0.00015595181321259588,22900
1307,0.00015596394950989634,22874
1308,0.0001559800439281389,24366
1309,0.0001559865049785003,6803
1310,0.00015599894686602056,19249
1311,0.00015599955804646015,7679
1312,0.00015600190090481192,20608
1313,0.00015601227642036974,4041
1314,0.00015601381892338395,10668
1315,0.00015602896746713668,10067
1316,0.00015603740757796913,20717
1317,0.00015604084182996303,27397
1318,0.00015605366206727922,3216
1319,0.00015605542284902185,14684
1320,0.0001560598029755056,11810
1321,0.00015606889792252332,7930
1322,0.00015606897068209946,4251
1323,0.00015607233217451721,2619
1324,0.00015607342356815934,26262
1325,0.0001560775126563385,8949
1326,0.00015609605179633945,18062
1327,0.00015609616821166128,5029
1328,0.0001561217795824632,23605
1329,0.0001561393146403134,16388
1330,0.00015615260053891689,17388
1331,0.0001561577373649925,7768
1332,0.00015617295866832137,15411
1333,0.0001561768149258569,15508
1334,0.00015620152407791466,15538
1335,0.00015621536294929683,2037
1336,0.00015621840429957956,12591
1337,0.0001562229444971308,13140
1338,0.00015622995852027088,2301
1339,0.00015623326180502772,24941
1340,0.00015623369836248457,15076
1341,0.00015623630315531045,18230
1342,0.00015624509251210839,5791
1343,0.00015624838124495,20480
1344,0.00015625159721821547,4760
1345,0.00015625241212546825,5095
1346,0.00015626063395757228,3858
1347,0.00015626366075593978,12400
1348,0.0001562656689202413,5506
1349,0.00015627799439243972,22537
1350,0.00015627937682438642,19208
1351,0.00015628215624019504,2723
1352,0.0001562890683999285,24974
1353,0.000156292095198296,4187
1354,0.0001562991237733513,17896
1355,0.0001563072291901335,3998
1356,0.00015631326823495328,6395
1357,0.00015632572467438877,27240
1358,0.00015634793089702725,3771
1359,0.00015635632735211402,14059
1360,0.00015637192700523883,3886
1361,0.0001563737023388967,18704
1362,0.00015638905460946262,641
1363,0.00015639343473594636,13858
1364,0.00015645011444576085,20737
1365,0.00015645308303646743,10964
1366,0.000156457579578273,2078
1367,0.00015646472456865013,22243
1368,0.00015646785323042423,26967
1369,0.00015646933752577752,15584
1370,0.00015646967221982777,6154
1371,0.00015648906992282718,25569
1372,0.00015649311535526067,16088
1373,0.00015649604029022157,23058
1374,0.00015650520799681544,10190
1375,0.00015650645946152508,19244
1376,0.0001565376005601138,4416
1377,0.00015653790615033358,13852
1378,0.00015654446906410158,7966
1379,0.00015657076437491924,23493
1380,0.00015657325275242329,19993
1381,0.00015658333722967654,19515
1382,0.000156593625433743,10010
1383,0.00015661021461710334,23148
1384,0.00015663185331504792,12031
1385,0.00015663796511944383,24876
1386,0.0001566460996400565,4152
1387,0.00015665938553866,3493
1388,0.00015666343097109348,25901
1389,0.00015667735715396702,7959
1390,0.00015667913248762488,19340
1391,0.00015668261039536446,27473
1392,0.00015668899868614972,5945
1393,0.00015669561980757862,26770
1394,0.0001567071012686938,3120
1395,0.00015670871653128415,18336
1396,0.00015671677829232067,23262
1397,0.0001567211584188044,23704
1398,0.00015672498557250947,25972
1399,0.00015673702000640333,24189
1400,0.00015674355381634086,20666
1401,0.00015674513997510076,25412
1402,0.0001567467988934368,26350
1403,0.00015675205213483423,19060
1404,0.00015675893519073725,8508
1405,0.00015676685143262148,1119
1406,0.00015676867042202502,27211
1407,0.00015678083582315594,21763
1408,0.00015678195632062852,6810
1409,0.00015678955242037773,1214
1410,0.0001567903527757153,23277
1411,0.00015680155775044113,26237
1412,0.00015680273645557463,17737
1413,0.00015680586511734873,11278
1414,0.00015682310913689435,25575
1415,0.00015682377852499485,26586
1416,0.00015682504454161972,2928
1417,0.00015684941899962723,23984
1418,0.00015685147081967443,26803
1419,0.00015685756807215512,26966
1420,0.00015685788821429014,22904
1421,0.0001568590960232541,9801
1422,0.0001568645384395495,10567
1423,0.00015687044651713222,26924
1424,0.00015689498104620725,16456
1425,0.00015689748397562653,17522
1426,0.00015689969586674124,25058
1427,0.00015692682063672692,4963
1428,0.00015692895976826549,15765
1429,0.0001569332234794274,24607
1430,0.00015693361638113856,25687
1431,0.0001569512241985649,26993
1432,0.00015695230104029179,9873
1433,0.00015695345064159483,19012
1434,0.00015695671027060598,26169
1435,0.00015696012997068465,6136
1436,0.0001569607702549547,18748
1437,0.00015696581976953894,27082
1438,0.00015699466166552156,21486
1439,0.00015699543291702867,24519
1440,0.0001570002787047997,16387
1441,0.0001570064341649413,1901
1442,0.0001570183230796829,11581
1443,0.0001570212043588981,21828
1444,0.0001570221793372184,19286
1445,0.00015703817189205438,1667
1446,0.00015704293036833405,22495
1447,0.00015705682744737715,24420
1448,0.00015705867554061115,2300
1449,0.00015705983969382942,25480
1450,0.00015706561680417508,5979
1451,0.00015707190323155373,4300
1452,0.00015707372222095728,25208
1453,0.00015708307910244912,27634
1454,0.00015708757564425468,25923
1455,0.00015708802675362676,8255
1456,0.00015709141734987497,26878
1457,0.00015709410945419222,5230
1458,0.00015709699073340744,18154
1459,0.0001571020547999069,4450
1460,0.0001571072789374739,27442
1461,0.00015710925799794495,19035
1462,0.00015711085870862007,15067
1463,0.00015711595187895,5255
1464,0.00015711833839304745,4565
1465,0.00015712331514805555,19367
1466,0.0001571300090290606,3122
1467,0.0001571318571222946,18771
1468,0.00015713779430370778,17397
1469,0.000157138827489689,21816
1470,0.000157144371769391,14392
1471,0.00015715474728494883,15153
1472,0.0001571577595314011,457
1473,0.00015716190682724118,13349
1474,0.00015717001224402338,15728
1475,0.00015718117356300354,22420
1476,0.00015718399663455784,16716
1477,0.0001571916654938832,16091
1478,0.00015719173825345933,24731
1479,0.00015719319344498217,1129
1480,0.00015719413931947201,2075
1481,0.00015720004739705473,9541
1482,0.00015720035298727453,24545
1483,0.00015720429655630141,15257
1484,0.00015721912495791912,19004
1485,0.00015722165699116886,4151
1486,0.00015723206161055714,8226
1487,0.0001572411274537444,2092
1488,0.00015725074626971036,23696
1489,0.00015725688717793673,24474
1490,0.00015726361016277224,7597
1491,0.0001572681067045778,130
1492,0.00015727162826806307,22100
1493,0.00015727714344393462,3572
1494,0.00015727819118183106,4216
1495,0.00015727976278867573,22145
1496,0.00015728066500741988,3142
1497,0.00015728079597465694,11049
1498,0.00015729102597106248,27148
1499,0.00015729208826087415,19510
1500,0.00015729537699371576,5549
1501,0.00015729678852949291,13691
1502,0.00015730629093013704,14589
1503,0.0001573080662637949,17916
1504,0.0001573286426719278,26834
1505,0.00015733404143247753,11933
1506,0.00015733818872831762,5777
1507,0.00015733858163002878,26642
1508,0.0001573563349666074,12283
1509,0.00015735991473775357,6715
1510,0.0001573830668348819,11744
1511,0.00015739238006062806,25225
1512,0.00015739611990284175,16160
1513,0.00015739796799607575,15314
1514,0.00015741449897177517,24209
1515,0.00015742906543891877,7055
1516,0.00015743002586532384,7326
1517,0.0001574320631334558,6175
1518,0.00015743491530884057,18709
1519,0.00015743500262033194,19314
1520,0.00015744029951747507,21011
1521,0.00015745229029562324,3496
1522,0.00015745460405014455,6681
1523,0.00015746179269626737,4567
1524,0.00015747362340334803,7731
1525,0.0001574861234985292,2178
1526,0.0001574945927131921,9752
1527,0.0001574947964400053,15794
1528,0.00015750297461636364,25194
1529,0.00015750492457300425,13070
1530,0.0001575090573169291,26600
1531,0.00015751272439956665,22504
1532,0.000157518035848625,18577
1533,0.00015752165927551687,2651
1534,0.00015752534091006964,9789
1535,0.00015752739273011684,5330
1536,0.0001575433707330376,685
1537,0.0001575613277964294,10134
1538,0.0001575674396008253,18075
1539,0.00015757720393594354,10176
1540,0.00015759389498271048,6592
1541,0.0001575972855789587,22494
1542,0.00015760306268930435,20445
1543,0.00015760563837829977,3030
1544,0.00015762362454552203,21630
1545,0.000157627509906888,23794
1546,0.00015763030387461185,13156
1547,0.00015763542614877224,22608
1548,0.0001576373033458367,6344
1549,0.00015764901763759553,5419
1550,0.00015765023999847472,27117
1551,0.00015766231808811426,14984
1552,0.0001576687500346452,22683
1553,0.0001576725480845198,13818
1554,0.0001576733193360269,13547
1555,0.00015767822333145887,27546
1556,0.00015770520258229226,14084
1557,0.0001577098882989958,3423
1558,0.00015772787446621805,7884
1559,0.0001577288203407079,22413
1560,0.00015773547056596726,15424
1561,0.00015774081111885607,6848
1562,0.00015774434723425657,17461
1563,0.0001577523653395474,12392
1564,0.00015777880616951734,9784
1565,0.000157779039000161,26937
1566,0.0001577843213453889,15915
1567,0.00015780057583469898,22212
1568,0.00015780702233314514,24400
1569,0.00015781605907250196,20100
1570,0.0001578273659106344,22661
1571,0.0001578313676873222,9177
1572,0.00015783165872562677,152
1573,0.00015783941489644349,16567
1574,0.00015784204879309982,8252
1575,0.00015786931908223778,10290
1576,0.0001578734372742474,26395
1577,0.00015787807933520526,351
1578,0.0001578803639858961,20432
1579,0.00015789218014106154,23084
1580,0.00015789561439305544,24071
1581,0.0001578970841364935,17833
1582,0.00015790251200087368,22032
1583,0.00015790932229720056,2789
1584,0.00015791588521096855,18318
1585,0.00015792045451235026,20387
1586,0.00015792183694429696,5926
1587,0.00015793900820426643,19894
1588,0.00015794923820067197,27644
1589,0.0001579517120262608,10806
1590,0.00015795200306456536,23790
1591,0.00015796959633007646,3633
1592,0.0001579727977514267,26158
1593,0.00015797317610122263,7720
1594,0.00015800118853803724,11611
1595,0.00015800300752744079,2638
1596,0.00015801443078089505,18545
1597,0.00015802272537257522,13776
1598,0.000158054317580536,22083
1599,0.00015807084855623543,3847
1600,0.00015807116869837046,398
1601,0.00015808508032932878,19791
1602,0.00015808705938979983,345
1603,0.00015808749594725668,2155
1604,0.00015808898024260998,24196
1605,0.0001580898679094389,14083
1606,0.00015809157048352063,6370
1607,0.00015809353499207646,20708
1608,0.00015811993216630071,22099
1609,0.0001581337273819372,18550
1610,0.00015813703066669405,1584
1611,0.00015816967061255127,22668
1612,0.00015817038365639746,27583
1613,0.00015817239182069898,27213
1614,0.00015817371604498476,18724
1615,0.0001581863034516573,2166
1616,0.00015818767133168876,21198
1617,0.00015818864631000906,16975
1618,0.0001581973920110613,20832
1619,0.00015819787222426385,22134
1620,0.00015821783745195717,8138
1621,0.0001582268887432292,8928
1622,0.00015823439753148705,1923
1623,0.0001582371478434652,24886
1624,0.00015823911235202104,7678
1625,0.00015824534057173878,22741
1626,0.00015825459558982402,14586
1627,0.00015826270100660622,20960
1628,0.0001582678232807666,22857
1629,0.00015828075993340462,8655
1630,0.00015828663890715688,6647
1631,0.000158287730300799,25651
1632,0.00015829848416615278,230
1633,0.00015829899348318577,24709
1634,0.00015829980839043856,16442
1635,0.0001583185512572527,26528
1636,0.00015833174984436482,3930
1637,0.0001583406119607389,19967
1638,0.00015834149962756783,7767
1639,0.00015834177611395717,7571
1640,0.0001583517005201429,1201
1641,0.0001583534321980551,16960
1642,0.00015836342936381698,2047
1643,0.00015836453530937433,17809
1644,0.00015836537932045758,472
1645,0.0001583756529726088,3043
1646,0.00015838064427953213,26162
1647,0.00015838773106224835,19882
1648,0.00015840589185245335,14350
1649,0.00015841666026972234,6007
1650,0.0001584334677318111,17529
1651,0.0001584351120982319,6506
1652,0.00015844554582145065,2625
1653,0.00015844681183807552,18721
1654,0.00015844717563595623,23683
1655,0.00015844799054320902,27067
1656,0.00015844852896407247,1240
1657,0.0001584638375788927,9690
1658,0.00015846949827391654,25978
1659,0.00015848560724407434,15437
1660,0.00015848831390030682,14549
1661,0.00015849462943151593,1726
1662,0.00015849567716941237,15856
1663,0.00015850849740672857,547
1664,0.00015851922216825187,24658
1665,0.00015853032527957112,9364
1666,0.00015853860531933606,18165
1667,0.00015853984223213047,21627
1668,0.00015854377124924213,24659
1669,0.00015854575030971318,7607
1670,0.00015854761295486242,9237
1671,0.00015855005767662078,23355
1672,0.00015855248784646392,4971
1673,0.00015855913807172328,18875
1674,0.0001585649442858994,14459
1675,0.00015859144332353026,6989
1676,0.00015859825361985713,26591
1677,0.00015859947598073632,22787
1678,0.00015860710118431598,24426
1679,0.00015861133579164743,18276
1680,0.00015862868167459965,20686
1681,0.00015865336172282696,12545
1682,0.00015865542809478939,17872
1683,0.0001586585131008178,20046
1684,0.00015866463945712894,5917
1685,0.00015866782632656395,25229
1686,0.00015867402544245124,26160
1687,0.00015867494221311063,10509
1688,0.00015867526235524565,15268
1689,0.00015868403716012836,18002
1690,0.00015868584159761667,18482
1691,0.0001586934522492811,9937
1692,0.0001587036531418562,27249
1693,0.00015870881907176226,23331
1694,0.00015871426148805767,10761
1695,0.0001587340811965987,1855
1696,0.0001587347942404449,21990
1697,0.00015873783559072763,952
1698,0.00015874026576057076,26336
1699,0.00015874179371166974,18931
1700,0.00015875700046308339,19984
1701,0.0001587587030371651,24753
1702,0.00015875925600994378,7667
1703,0.00015876037650741637,227
1704,0.00015877177065704018,2185
1705,0.000158780807396397,20491
1706,0.0001587849692441523,15178
1707,0.00015878905833233148,6998
1708,0.00015880315913818777,26503
1709,0.00015881309809628874,10680
1710,0.00015881452418398112,4345
1711,0.00015881530998740345,1296
1712,0.00015882306615822017,11318
1713,0.0001588280574651435,8088
1714,0.00015883598825894296,5703
1715,0.00015884022286627442,5181
1716,0.00015885269385762513,14169
1717,0.00015885486209299415,18898
1718,0.00015886024630162865,14525
1719,0.0001588651502970606,9097
1720,0.00015887393965385854,17204
1721,0.00015889140195213258,6238
1722,0.0001588969462318346,7329
1723,0.00015890190843492746,6384
1724,0.00015890624490566552,27245
1725,0.00015890778740867972,8547
1726,0.00015891397197265178,7494
1727,0.00015892488590907305,26343
1728,0.00015892692317720503,39
1729,0.00015896634431555867,3764
1730,0.00015896778495516628,19679
1731,0.000158994720550254,24297
1732,0.00015899971185717732,26411
1733,0.00015900716243777424,15517
1734,0.00015900768630672246,3769
1735,0.00015901061124168336,8865
1736,0.00015901772712823004,6104
1737,0.00015902050654403865,11357
1738,0.00015902420273050666,21377
1739,0.00015902433369774371,22770
1740,0.00015902469749562442,6995
1741,0.00015904167958069593,6821
1742,0.00015905642067082226,3260
1743,0.0001590640313224867,2400
1744,0.00015906430780887604,14061
1745,0.00015907057968433946,17940
1746,0.00015909108333289623,24306
1747,0.00015909361536614597,17304
1748,0.00015910207002889365,15987
1749,0.00015910548972897232,24249
1750,0.00015912119124550372,26306
1751,0.00015912366507109255,23706
1752,0.00015913727111183107,18182
1753,0.0001591383625054732,274
1754,0.00015914558025542647,9562
1755,0.0001591518521308899,14863
1756,0.00015915193944238126,10862
1757,0.00015915422409307212,18837
1758,0.00015915858966764063,9859
1759,0.00015916148549877107,27297
1760,0.00015916470147203654,7984
1761,0.00015916908159852028,24900
1762,0.00015917130804155022,1808
1763,0.00015917651762720197,5153
1764,0.00015917800192255527,7317
1765,0.00015920004807412624,20077
1766,0.0001592058251844719,26489
1767,0.00015921636077109724,5511
1768,0.00015922519378364086,7979
1769,0.0001592324406374246,21472
1770,0.00015925538900773972,26070
1771,0.0001592597836861387,25031
1772,0.0001592606131453067,19398
1773,0.00015928264474496245,26622
1774,0.00015929245273582637,10743
1775,0.00015929403889458627,21134
1776,0.00015929850633256137,6131
1777,0.00015930054360069335,18135
1778,0.00015930402150843292,1561
1779,0.00015930726658552885,23899
1780,0.00015932120732031763,3318
1781,0.00015932183305267245,21735
1782,0.00015932279347907752,11414
1783,0.00015932631504256278,8764
1784,0.0001593321212567389,25675
1785,0.00015933654503896832,2172
1786,0.0001593476627022028,25465
1787,0.00015935841656755656,24139
1788,0.0001593615161255002,5186
1789,0.00015937205171212554,26709
1790,0.0001593826018506661,5458
1791,0.00015938509022817016,12194
1792,0.00015939370496198535,6054
1793,0.00015939467994030565,13456
1794,0.00015939687727950513,3051
1795,0.0001594017812749371,21651
1796,0.00015940396406222135,21887
1797,0.00015940658340696245,1142
1798,0.0001594099885551259,14422
1799,0.00015941570745781064,200
1800,0.00015942464233376086,13144
1801,0.0001594286150066182,21088
1802,0.00015944741608109325,26220
1803,0.0001594513450982049,21226
1804,0.00015945611812639982,25399
1805,0.00015948062355164438,10846
1806,0.00015948430518619716,18812
1807,0.0001594849454704672,8971
1808,0.0001594977657077834,21839
1809,0.0001595000212546438,10610
1810,0.00015950086526572704,24062
1811,0.00015950184024404734,24723
1812,0.00015950328088365495,786
1813,0.0001595111534697935,21942
1814,0.00015951773093547672,8717
1815,0.00015952298417687416,10555
1816,0.00015952468675095588,17968
1817,0.0001595313660800457,1247
1818,0.00015953501861076802,7231
1819,0.00015953740512486547,23905
1820,0.00015954457921907306,21093
1821,0.0001595549110788852,15849
1822,0.00015957097639329731,20870
1823,0.00015958648873493075,13837
1824,0.00015958657604642212,1694
1825,0.00015958659059833735,23618
1826,0.0001595882058609277,9297
1827,0.0001595902576809749,6753
1828,0.0001595936482772231,9866
1829,0.00015959683514665812,5388
1830,0.00015960120072122663,25188
1831,0.00015960563905537128,18144
1832,0.0001596092333784327,10173
1833,0.00015961140161380172,6760
1834,0.00015961774624884129,12509
1835,0.00015961818280629814,14320
1836,0.00015962508041411638,18343
1837,0.00015963077021297067,6386
1838,0.00015963400073815137,24668
1839,0.00015963500482030213,25074
1840,0.00015963867190293968,25408
1841,0.00015964051999617368,26757
1842,0.00015966514183674008,16184
1843,0.00015967625949997455,26268
1844,0.000159678136697039,11426
1845,0.00015968522347975522,18051
1846,0.00015969535161275417,23891
1847,0.00015969805826898664,7936
1848,0.00015970462118275464,3688
1849,0.0001597240916453302,17806
1850,0.00015972739493008703,2143
1851,0.00015972746768966317,6095
1852,0.00015974114648997784,1099
1853,0.00015974236885085702,18635
1854,0.00015974909183569252,27265
1855,0.000159765753778629,26539
1856,0.00015976793656591326,24421
1857,0.00015977147268131375,20351
1858,0.00015977158909663558,5155
1859,0.00015977639122866094,14615
1860,0.0001597855007275939,6209
1861,0.0001598053058842197,16421
1862,0.00015981440083123744,17814
1863,0.00015982790500856936,4371
1864,0.0001598321832716465,10132
1865,0.00015984138008207083,19815
1866,0.0001598622475285083,18187
1867,0.00015986857761163265,12685
1868,0.00015987356891855597,23094
1869,0.0001598927192389965,12181
1870,0.00015989301027730107,9898
1871,0.0001598937378730625,3370
1872,0.00015990652900654823,2820
1873,0.00015990808606147766,3714
1874,0.00015991833060979843,1055
1875,0.00015992364205885679,25674
1876,0.00015992815315257758,11778
1877,0.00015993131091818213,12864
1878,0.00015994174464140087,20575
1879,0.00015995900321286172,5807
1880,0.00015996173897292465,19162
1881,0.000159963863552548,11161
1882,0.00015997127047739923,21454
1883,0.0001599789975443855,22830
1884,0.00015997953596524894,3567
1885,0.00015998040908016264,1705
1886,0.0001599808019818738,26480
1887,0.00015998601156752557,25259
1888,0.00015999289462342858,5380
1889,0.00015999501920305192,14086
1890,0.0001600028044776991,20043
1891,0.00016000539471860975,3219
1892,0.00016000743198674172,9934
1893,0.0001600103423697874,10933
1894,0.00016001134645193815,14740
1895,0.00016001432959455997,26598
1896,0.00016001435869839042,569
1897,0.0001600217801751569,4757
1898,0.0001600256800884381,21729
1899,0.00016003059863578528,19325
1900,0.0001600345567567274,1841
1901,0.00016004208009690046,21021
1902,0.0001600498508196324,1218
1903,0.00016006043006200343,5705
1904,0.00016006075020413846,3650
1905,0.00016006683290470392,25948
1906,0.0001600680552655831,1969
1907,0.00016006849182303995,2547
1908,0.000160073337610811,21753
1909,0.00016009181854315102,6459
1910,0.00016009315731935203,20284
1911,0.00016010974650271237,36
1912,0.00016011865227483213,27436
1913,0.0001601211988599971,9547
1914,0.00016012584092095494,18020
1915,0.0001601279800524935,5526
1916,0.0001601420808583498,10073
1917,0.00016014400171115994,16006
1918,0.00016014841094147414,17004
1919,0.00016015139408409595,12285
1920,0.00016015472647268325,10178
1921,0.00016015733126550913,4483
1922,0.00016016386507544667,17230
1923,0.00016017067537177354,12189
1924,0.00016017908637877554,8500
1925,0.0001601825060788542,22310
1926,0.00016018326277844608,24419
1927,0.0001602024130988866,14506
1928,0.00016021014016587287,8730
1929,0.00016021083865780383,17268
1930,0.00016021868214011192,13077
1931,0.0001602215488674119,23952
1932,0.00016022638010326773,3869
1933,0.00016023105126805604,24580
1934,0.0001602389384061098,11352
1935,0.0001602399133844301,15103
1936,0.00016024720389395952,2002
1937,0.00016026019875425845,25611
1938,0.000160270428750664,545
1939,0.00016027269884943962,4112
1940,0.00016027846140787005,19484
1941,0.0001603019336471334,1704
1942,0.00016031043196562678,23762
1943,0.00016031169798225164,22738
1944,0.00016031763516366482,3689
1945,0.00016032684652600437,9137
1946,0.00016032843268476427,12149
1947,0.0001603308046469465,3254
1948,0.00016033108113333583,26737
1949,0.00016034618602134287,20030
1950,0.0001603489217814058,20521
1951,0.00016035701264627278,24935
1952,0.00016037006571423262,23
1953,0.0001603894488653168,22773
1954,0.00016039205365814269,6835
1955,0.00016039387264754623,322
1956,0.00016040685295592993,22023
1957,0.00016041648632381111,5365
1958,0.0001604225835762918,14339
1959,0.0001604228891665116,13269
1960,0.00016044973745010793,7771
1961,0.00016046286327764392,24570
1962,0.00016050992417149246,5573
1963,0.00016052938008215278,6105
1964,0.0001605296420166269,4209
1965,0.00016054084699135274,19802
1966,0.00016054409206844866,9642
1967,0.00016055686865001917,9790
1968,0.000160572279128246,3562
1969,0.0001605726865818724,19386
1970,0.00016057387983892113,25210
1971,0.00016058133041951805,15608
1972,0.00016059118206612766,10194
1973,0.00016059353947639465,21338
1974,0.00016059416520874947,7043
1975,0.00016059697372838855,519
1976,0.00016059709014371037,24828
1977,0.00016060791676864028,23292
1978,0.00016061676433309913,17254
1979,0.0001606188016012311,9055
1980,0.0001606195728527382,16738
1981,0.00016062195936683565,1467
1982,0.0001606244914000854,24604
1983,0.00016062617942225188,12330
1984,0.0001606306032044813,9765
1985,0.00016064474766608328,11722
1986,0.00016065212548710406,6018
1987,0.00016065433737821877,1474
1988,0.0001606698933755979,2671
1989,0.0001606703590368852,27590
1990,0.00016067181422840804,5752
1991,0.00016067428805399686,24035
1992,0.00016070685524027795,10905
1993,0.00016071836580522358,22648
1994,0.00016072159633040428,6891
1995,0.00016072542348410934,4756
1996,0.00016072834841907024,10055
1997,0.0001607310405233875,1925
1998,0.00016073980077635497,19607
1999,0.00016074346785899252,21202
2000,0.00016074349696282297,6417
2001,0.0001607521844562143,26098
2002,0.00016075604071374983,24943
2003,0.00016076548490673304,4836
2004,0.00016077006876002997,4202
2005,0.0001607707527000457,27585
2006,0.00016077238251455128,23921
2007,0.00016077407053671777,12952
2008,0.0001607750600669533,25483
2009,0.00016077574400696903,25594
2010,0.00016078102635219693,4827
2011,0.00016079032502602786,21499
2012,0.00016081775538623333,25512
2013,0.0001608202583156526,8254
2014,0.0001608248130651191,21664
2015,0.00016084032540675253,10814
2016,0.0001608426682651043,12993
2017,0.00016084700473584235,19867
2018,0.00016084859089460224,20713
2019,0.00016085602692328393,4861
2020,0.00016086254618130624,22934
2021,0.0001608644670341164,26362
2022,0.00016088085249066353,1292
2023,0.00016088192933239043,7703
2024,0.00016089383279904723,18678
2025,0.0001608958700671792,2569
2026,0.0001609228056622669,2440
2027,0.00016092407167889178,9967
2028,0.000160926443641074,5421
2029,0.00016092955775093287,17008
2030,0.0001609303872101009,4817
2031,0.00016093409794848412,23184
2032,0.00016095190949272364,10843
2033,0.0001609555765753612,5124
2034,0.00016095931641757488,22304
2035,0.00016097350453492254,21075
2036,0.00016097688057925552,21968
2037,0.00016098120249807835,2616
2038,0.00016098350170068443,12334
2039,0.00016098398191388696,14964
2040,0.0001609864120837301,287
2041,0.0001609929749974981,16156
2042,0.00016099557979032397,8490
2043,0.00016101650544442236,4706
2044,0.00016101702931337059,12474
2045,0.00016102567315101624,20529
2046,0.00016103431698866189,24913
2047,0.0001610527979210019,18383
2048,0.00016105729446280748,18799
2049,0.00016106422117445618,3814
2050,0.00016106497787404805,4502
2051,0.00016106835391838104,21346
2052,0.00016106922703329474,9530
2053,0.00016107010014820844,6764
2054,0.00016107076953630894,24129
2055,0.00016107357805594802,9638
2056,0.00016108466661535203,13738
2057,0.00016108863928820938,23134
2058,0.0001610929612070322,26772
2059,0.000161104035214521,24099
2060,0.00016110690194182098,5831
2061,0.00016111377044580877,24202
2062,0.00016111739387270063,8168
2063,0.00016112023149617016,18104
2064,0.00016112027515191585,8618
2065,0.00016112564480863512,24368
2066,0.0001611257903277874,27722
2067,0.00016112699813675135,3187
2068,0.00016113118908833712,16889
2069,0.0001611317420611158,20447
2070,0.00016113562742248178,2670
2071,0.00016113699530251324,20906
2072,0.00016114434401970357,570
2073,0.00016114808386191726,11194
2074,0.00016115249309223145,8265
2075,0.00016115444304887205,5479
2076,0.00016116529877763242,15467
2077,0.00016116807819344103,4147
2078,0.00016117491759359837,7939
2079,0.00016117839550133795,15336
2080,0.00016118345956783742,25252
2081,0.00016118644271045923,6062
2082,0.00016118785424623638,10093
2083,0.00016118846542667598,19915
2084,0.0001611937041161582,11622
2085,0.00016120349755510688,7438
2086,0.00016120410873554647,23133
2087,0.00016122942906804383,7023
2088,0.00016123293607961386,13462
2089,0.00016123299428727478,22664
2090,0.0001612433698028326,124
2091,0.0001612531195860356,26415
2092,0.000161253527039662,27751
2093,0.0001612573687452823,16633
2094,0.00016126551781781018,3989
2095,0.00016126804985105991,9024
2096,0.0001612736814422533,15106
2097,0.0001612767664482817,3747
2098,0.0001612844062037766,13507
2099,0.00016128583229146898,15696
2100,0.00016129823052324355,14505
2101,0.00016130766016431153,8219
2102,0.00016131112352013588,22438
2103,0.00016132168821059167,9107
2104,0.00016132791643030941,8312
2105,0.0001613408821867779,18435
2106,0.00016134770703502,7912
2107,0.00016135165060404688,1143
2108,0.00016135424084495753,7490
2109,0.0001613794593140483,20681
2110,0.00016138709906954318,17467
2111,0.0001613917702343315,21457
2112,0.00016139217768795788,4773
2113,0.000161397474585101,12422
2114,0.00016139760555233806,11089
2115,0.00016142104868777096,22476
2116,0.00016142858657985926,3908
2117,0.00016143411630764604,984
2118,0.00016144101391546428,8828
2119,0.00016144874098245054,9634
2120,0.00016145721019711345,23521
2121,0.00016146824054885656,27643
2122,0.00016147737915161997,1719
2123,0.00016148154099937528,9464
2124,0.00016148530994541943,1306
2125,0.00016150418377947062,4875
2126,0.00016150661394931376,6339
2127,0.00016150838928297162,9452
2128,0.0001615118089830503,6180
2129,0.0001615128421690315,26942
2130,0.00016151311865542084,1640
2131,0.00016151677118614316,23276
2132,0.000161534029757604,8193
2133,0.00016154836339410394,24523
2134,0.000161551681230776,25199
2135,0.00016155210323631763,3682
2136,0.000161552699864842,13056
2137,0.00016156643687281758,21659
2138,0.0001615666988072917,1150
2139,0.00016156928904820234,2087
2140,0.00016157267964445055,22079
2141,0.00016158382641151547,5824
2142,0.0001615920482436195,18655
2143,0.000161600619321689,15697
2144,0.00016160370432771742,18599
2145,0.00016161019448190928,1907
2146,0.00016161208623088896,12275
2147,0.00016161998792085797,1248
2148,0.00016162158863153309,23572
2149,0.0001616340596228838,21232
2150,0.00016163448162842542,25873
2151,0.0001616354420548305,3537
2152,0.00016163584950845689,24363
2153,0.0001616396475583315,22262
2154,0.00016164073895197362,17780
2155,0.00016164231055881828,2262
2156,0.00016165274428203702,7866
2157,0.00016166760178748518,12928
2158,0.00016167809371836483,6008
2159,0.00016168419097084552,7833
2160,0.00016169615264516324,21128
2161,0.00016169747686944902,695
2162,0.00016170462185982615,10260
2163,0.0001617141388123855,16994
2164,0.0001617188536329195,22723
2165,0.00016172033792827278,17646
2166,0.00016172135656233877,14562
2167,0.0001617225498193875,10751
2168,0.00016172844334505498,23120
2169,0.0001617322996025905,14347
2170,0.0001617427624296397,11225
2171,0.0001617493253434077,11712
2172,0.00016175048949662596,19512
2173,0.0001617528760107234,8821
2174,0.00016175335622392595,23623
2175,0.00016176013741642237,25825
2176,0.00016176038479898125,7117
2177,0.00016177828365471214,20576
2178,0.00016178279474843293,8697
2179,0.0001617846282897517,12837
2180,0.00016180610691662878,10161
2181,0.00016182426770683378,5123
2182,0.00016182813851628453,13517
2183,0.00016182912804652005,27535
2184,0.00016183465777430683,27322
2185,0.0001618352107470855,23495
2186,0.00016183890693355352,5233
2187,0.00016184555715881288,3411
2188,0.00016184919513761997,4802
2189,0.0001618599781068042,9645
2190,0.00016186037100851536,26124
2191,0.00016186248103622347,4334
2192,0.00016186312132049352,22056
2193,0.00016186425636988133,23987
2194,0.00016186523134820163,25356
2195,0.0001618673122720793,17406
2196,0.00016187482106033713,2905
2197,0.00016188365407288074,23185
2198,0.00016188400331884623,24245
2199,0.00016188989684451371,21117
2200,0.00016189031885005534,21497
2201,0.00016189779853448272,22882
2202,0.00016190750466194004,3679
2203,0.00016191040049307048,1028
2204,0.00016191165195778012,660
2205,0.00016191396571230143,6798
2206,0.00016191921895369887,13645
2207,0.0001619239046704024,11952
2208,0.00016192455950658768,8302
2209,0.00016192684415727854,22118
2210,0.00016193099145311862,9112
2211,0.00016193695773836225,22774
2212,0.00016194004274439067,5685
2213,0.0001619602262508124,2500
2214,0.00016197281365748495,3538
2215,0.00016199459787458181,24084
2216,0.00016199544188566506,15529
2217,0.00016200127720367163,8130
2218,0.00016201051766984165,23611
2219,0.00016201165271922946,18225
2220,0.00016202514234464616,8549
2221,0.00016203160339500755,9523
2222,0.00016203627455979586,10615
2223,0.0001620394323254004,17929
2224,0.00016204181883949786,24278
2225,0.0001620436814846471,831
2226,0.00016205469728447497,15338
2227,0.00016206660075113177,15219
2228,0.0001620725088287145,12482
2229,0.00016208048327825963,21798
2230,0.00016208596935030073,11592
2231,0.0001620920083951205,8467
2232,0.00016209979366976768,13548
2233,0.00016210007015615702,24026
2234,0.0001621072879061103,5580
2235,0.00016211655747611076,22580
2236,0.00016212230548262596,9593
2237,0.0001621248375158757,21681
2238,0.0001621287374291569,26176
2239,0.00016215311188716441,7717
2240,0.00016216750373132527,6199
2241,0.00016217205848079175,13252
2242,0.0001621739356778562,5560
2243,0.00016217725351452827,3955
2244,0.000162201322382316,20258
2245,0.00016220293764490634,19549
2246,0.0001622034324100241,19347
2247,0.00016220529505517334,21474
2248,0.00016220695397350937,26777
2249,0.00016220894758589566,20887
2250,0.00016222812701016665,2772
2251,0.0001622374402359128,23150
2252,0.0001622420531930402,10453
2253,0.0001622449781280011,24223
2254,0.00016225167200900614,13656
2255,0.00016226113075390458,16912
2256,0.0001622632407816127,8703
2257,0.00016226583102252334,16966
2258,0.0001622661220608279,13410
2259,0.00016228907043114305,21658
2260,0.0001622915588086471,7651
2261,0.00016229221364483237,15137
2262,0.0001622986455913633,22269
2263,0.00016230420442298055,19952
2264,0.00016230733308475465,5433
2265,0.0001623110583750531,16523
2266,0.00016231350309681147,8269
2267,0.00016232265625149012,1547
2268,0.0001623260322958231,3061
2269,0.00016232610505539924,25293
2270,0.00016232620691880584,13599
2271,0.00016234141367021948,24416
2272,0.0001623437274247408,16885
2273,0.0001623438292881474,1604
2274,0.00016235282237175852,9447
2275,0.00016235714429058135,19002
2276,0.00016236274677794427,986
2277,0.00016236756346188486,19418
2278,0.00016237262752838433,27421
2279,0.0001623752759769559,10001
2280,0.0001623759453650564,17340
2281,0.00016237914678640664,25228
2282,0.00016237929230555892,26103
2283,0.00016238023818004876,13894
2284,0.0001623880089027807,7765
2285,0.00016239500837400556,11340
2286,0.00016239608521573246,27669
2287,0.00016239756951108575,23967
2288,0.0001624011347303167,24418
2289,0.00016240918193943799,25856
2290,0.00016241006960626692,5198
2291,0.00016241212142631412,19469
2292,0.00016241299454122782,21471
2293,0.0001624137512408197,6115
2294,0.00016242844867520034,755
2295,0.00016242859419435263,15250
2296,0.00016243646678049117,5089
2297,0.00016244059952441603,776
2298,0.0001624408469069749,19253
2299,0.00016244394646491855,25946
2300,0.00016244998550973833,13940
2301,0.00016245154256466776,5351
2302,0.00016245190636254847,3003
2303,0.0001624535652808845,7574
2304,0.00016246052109636366,6623
2305,0.0001624806027393788,24770
2306,0.00016248437168542296,20381
2307,0.00016248878091573715,23684
2308,0.0001624895812710747,4176
2309,0.00016249356849584728,1684
2310,0.00016249610052909702,19860
2311,0.00016252146451734006,6750
2312,0.00016252277418971062,15964
2313,0.0001625317381694913,25026
2314,0.00016254140064120293,3705
2315,0.00016254904039669782,9976
2316,0.00016255553055088967,5525
2317,0.0001625612931093201,9883
2318,0.00016256445087492466,2481
2319,0.0001625660079298541,22786
2320,0.00016257815877906978,3151
2321,0.00016258697723969817,11400
2322,0.0001625918666832149,8298
2323,0.00016259717813227326,12221
2324,0.00016260758275166154,19948
2325,0.00016261130804196,19907
2326,0.00016261686687357724,8623
2327,0.00016261955897789448,26227
2328,0.00016262219287455082,2717
2329,0.00016262273129541427,1690
2330,0.000162622905918397,5517
2331,0.00016264463192783296,18071
2332,0.000162649987032637,19806
2333,0.00016265243175439537,26749
2334,0.0001626579323783517,7454
2335,0.00016266417514998466,7455
2336,0.000162671014550142,9745
2337,0.00016268233594018966,16053
2338,0.00016268360195681453,12678
2339,0.00016270019114017487,161
2340,0.00016270669584628195,16339
2341,0.00016272254288196564,18160
2342,0.00016273265646304935,23245
2343,0.0001627336023375392,12379
2344,0.00016273645451292396,316
2345,0.0001627432939130813,18086
2346,0.00016274731024168432,4665
2347,0.00016274773224722594,3258
2348,0.00016274918743874878,24331
2349,0.00016275513917207718,13655
2350,0.0001627654564799741,25343
2351,0.00016276646056212485,24901
2352,0.00016276822134386748,10745
2353,0.0001627795718377456,24
2354,0.00016278441762551665,19735
2355,0.00016280185081996024,1289
2356,0.00016280273848678917,12096
2357,0.00016281371063087136,10734
2358,0.0001628209138289094,26090
2359,0.0001628306054044515,16104
2360,0.00016283187142107636,14226
2361,0.00016283903096336871,26400
2362,0.00016284726734738797,27071
2363,0.00016284994489979,17067
2364,0.0001628515456104651,2751
2365,0.00016285214223898947,10590
2366,0.00016285551828332245,2889
2367,0.00016285869060084224,14396
2368,0.00016286614118143916,15260
2369,0.00016287027392536402,7709
2370,0.00016287168546114117,19071
2371,0.0001628726749913767,22825
2372,0.0001628849859116599,4730
2373,0.0001628884783713147,26679
2374,0.0001628929894650355,25442
2375,0.00016289303312078118,15616
2376,0.00016289592895191163,11030
2377,0.00016289693303406239,15845
2378,0.0001629007892915979,4228
2379,0.00016290285566356033,18940
2380,0.00016290518396999687,14354
2381,0.00016291138308588415,16239
2382,0.000162911819643341,15469
2383,0.00016291286738123745,477
2384,0.00016292568761855364,15163
2385,0.00016292934014927596,7647
2386,0.00016292970394715667,8551
2387,0.0001629422913538292,4177
2388,0.00016294837405439466,27156
2389,0.0001629493199288845,1988
2390,0.0001629506004974246,23667
2391,0.00016295220120809972,8521
2392,0.00016295394743792713,26300
2393,0.0001629574253456667,21747
2394,0.00016296238754875958,19577
2395,0.00016296826652251184,18223
2396,0.0001629699836485088,14455
2397,0.00016297066758852452,16677
2398,0.0001629874896025285,22657
2399,0.00016298762056976557,13093
2400,0.00016299344133585691,25849
2401,0.00016299373237416148,27780
2402,0.00016299443086609244,218
2403,0.0001629969774512574,8540
2404,0.00016300710558425635,5501
2405,0.00016301141295116395,18818
2406,0.00016301588038913906,14820
2407,0.00016302333096973598,25836
2408,0.00016302440781146288,13653
2409,0.0001630247279535979,6568
2410,0.00016302906442433596,5642
2411,0.00016303203301504254,27073
2412,0.00016303897427860647,132
2413,0.00016303983284160495,22689
2414,0.00016304667224176228,17326
2415,0.000163053089636378,720
2416,0.00016306110774166882,9236
2417,0.00016307483019772917,22343
2418,0.00016307560144923627,1169
2419,0.0001630825863685459,24025
2420,0.00016309006605297327,18766
2421,0.00016310534556396306,21037
2422,0.0001631072664167732,25871
2423,0.0001631104969419539,15781
2424,0.00016311164654325694,3424
2425,0.00016311164654325694,17656
2426,0.00016311959188897163,3878
2427,0.0001631237828405574,25376
2428,0.00016313073865603656,3863
2429,0.00016313439118675888,13867
2430,0.00016313485684804618,27678
2431,0.00016313679225277156,20810
2432,0.00016313751984853297,22135
2433,0.0001631384075153619,6166
2434,0.00016316166147589684,7769
2435,0.00016318255802616477,9186
2436,0.00016318341658916324,13079
2437,0.00016319274436682463,24940
2438,0.0001632070488994941,1008
2439,0.00016320902795996517,8353
2440,0.00016323558520525694,20623
2441,0.0001632362836971879,23247
2442,0.00016323872841894627,12564
2443,0.00016323872841894627,14974
2444,0.00016324046009685844,26667
2445,0.0001632524363230914,20639
2446,0.00016325492470059544,11737
2447,0.00016325543401762843,18190
2448,0.00016325646720360965,4745
2449,0.00016326397599186748,18530
2450,0.0001632694766158238,17476
2451,0.00016327266348525882,3073
2452,0.00016327503544744104,25286
2453,0.0001632793719181791,3351
2454,0.00016328340279869735,25912
2455,0.00016328695346601307,25547
2456,0.00016329539357684553,26964
2457,0.00016330648213624954,13230
2458,0.00016331167716998607,14891
2459,0.00016332561790477484,23341
2460,0.00016332788800355047,26277
2461,0.00016333197709172964,25444
2462,0.00016333480016328394,2012
2463,0.00016334038809873164,25915
2464,0.00016334561223629862,19350
2465,0.0001633507781662047,1317
2466,0.00016335243708454072,6651
2467,0.00016335429972968996,3214
2468,0.0001633543724892661,1353
2469,0.00016335656982846558,26987
2470,0.00016336030967067927,13193
2471,0.000163360993610695,20069
2472,0.00016336989938281476,23389
2473,0.0001633703213883564,20826
2474,0.00016337262059096247,10720
2475,0.00016337857232429087,13750
2476,0.00016339885769411922,27575
2477,0.00016340150614269078,215
2478,0.00016340348520316184,6053
2479,0.00016340722504537553,18666
2480,0.0001634115178603679,22702
2481,0.00016342304297722876,1521
2482,0.00016342652088496834,25555
2483,0.00016342864546459168,17006
2484,0.00016344361938536167,21624
2485,0.00016344539471901953,4109
2486,0.00016344610776286572,6316
2487,0.00016344801406376064,19932
2488,0.0001634559012018144,18879
2489,0.0001634609798202291,26677
2490,0.00016346242045983672,9862
2491,0.00016349409997928888,10559
2492,0.0001634960644878447,27564
2493,0.0001634986256249249,305
2494,0.00016350358782801777,21698
2495,0.0001635036605875939,5170
2496,0.00016350502846762538,16235
2497,0.00016350879741366953,23156
2498,0.0001635118096601218,11224
2499,0.00016351346857845783,13318
2500,0.00016351685917470604,27487
2501,0.00016352075908798724,928
2502,0.0001635250955587253,17953
2503,0.00016352615784853697,5969
2504,0.0001635306398384273,10074
2505,0.0001635359658394009,11300
2506,0.00016354127728845924,3384
2507,0.00016355128900613636,22347
2508,0.00016356199921574444,16690
2509,0.00016357682761736214,4806
2510,0.0001635777298361063,3429
2511,0.00016357963613700122,9367
2512,0.00016358520952053368,14102
2513,0.00016359283472411335,552
2514,0.00016359789879061282,17633
2515,0.00016360201698262244,2142
2516,0.00016360236622858793,2421
2517,0.00016360504378098994,20741
2518,0.00016360802692361176,20226
2519,0.0001636081433389336,20809
2520,0.0001636121014598757,997
2521,0.00016361269808840007,9372
2522,0.00016361479356419295,18015
2523,0.00016361492453143,4355
2524,0.00016361786401830614,10781
2525,0.00016362438327632844,8871
2526,0.0001636266679270193,3585
2527,0.00016363327449653298,4637
2528,0.00016363969189114869,5462
2529,0.0001636431843508035,19601
2530,0.0001636441593291238,11446
2531,0.00016364445036742836,7469
2532,0.00016364915063604712,24019
2533,0.00016365962801501155,1242
2534,0.00016365987539757043,8183
2535,0.00016366183990612626,15659
2536,0.00016367727948818356,13262
2537,0.00016368091746699065,4413
2538,0.00016368245997000486,18955
2539,0.00016368964861612767,5032
2540,0.000163692282512784,26434
2541,0.00016369347576983273,15675
2542,0.00016369762306567281,9197
2543,0.0001636981760384515,27603
2544,0.00016370681987609714,22937
2545,0.00016371894162148237,11759
2546,0.0001637276291148737,2184
2547,0.00016372956451959908,24944
2548,0.00016373454127460718,9150
2549,0.00016373682592529804,21481
2550,0.00016373831022065133,26493
2551,0.0001637405075598508,8151
2552,0.00016375961422454566,1400
2553,0.00016376150597352535,8511
2554,0.00016376256826333702,24125
2555,0.0001637628156458959,30
2556,0.00016376326675526798,3164
2557,0.0001637864188523963,24756
2558,0.00016378973668906838,2244
2559,0.000163790668011643,27285
2560,0.00016379109001718462,6845
2561,0.00016379151202272624,22276
2562,0.00016380705346819013,18798
2563,0.00016380719898734242,18848
2564,0.00016382413741666824,4218
2565,0.00016382741159759462,20622
2566,0.00016383329057134688,26960
2567,0.00016383583715651184,19573
2568,0.00016384261834900826,5366
2569,0.0001638443354750052,4662
2570,0.00016385769413318485,23839
2571,0.00016386636707466096,19446
2572,0.00016386933566536754,27130
2573,0.00016388233052566648,3964
2574,0.00016388497897423804,2741
2575,0.00016388650692533702,21408
2576,0.00016388687072321773,19550
2577,0.0001638878893572837,1381
2578,0.00016390415839850903,6904
2579,0.00016390829114243388,7555
2580,0.00016390843666158617,6423
2581,0.0001639108668314293,12906
2582,0.0001639215915929526,17577
2583,0.00016392400721088052,22945
2584,0.00016393495025113225,10390
2585,0.0001639407273614779,1434
2586,0.00016394433623645455,20053
2587,0.00016394973499700427,22046
2588,0.00016394992417190224,3326
2589,0.00016395730199292302,23217
2590,0.00016395776765421033,944
2591,0.0001639657566556707,8913
2592,0.00016397197032347322,4045
2593,0.00016398112347815186,25170
2594,0.0001639832480577752,26313
2595,0.00016399183368775994,6011
2596,0.00016399765445385128,5323
2597,0.00016399893502239138,5866
2598,0.00016400056483689696,2206
2599,0.0001640057162148878,16496
2600,0.0001640236732782796,23086
2601,0.00016402488108724356,23497
2602,0.00016402712208218873,16545
2603,0.0001640311675146222,13088
2604,0.00016403714835178107,27386
2605,0.00016404733469244093,19490
2606,0.00016404842608608305,14222
2607,0.00016404970665462315,20588
2608,0.00016405263158958405,4772
2609,0.0001640570699237287,9717
2610,0.00016406596114393324,1491
2611,0.00016407428483944386,16220
2612,0.0001640761474845931,9546
2613,0.00016407833027187735,19361
2614,0.00016407834482379258,22838
2615,0.00016407997463829815,21812
2616,0.000164085635333322,16699
2617,0.00016408812371082604,2068
2618,0.00016409496311098337,25532
2619,0.00016409748059231788,66
2620,0.00016409782983828336,19774
2621,0.00016410346142947674,221
2622,0.0001641093986108899,5547
2623,0.00016411367687396705,24516
2624,0.00016411607793997973,16198
2625,0.00016411798424087465,21597
2626,0.0001641217531869188,7822
2627,0.00016412261174991727,12975
2628,0.00016412950935773551,5729
2629,0.00016413111006841063,2722
2630,0.00016413154662586749,27086
2631,0.0001641343696974218,6394
2632,0.00016413565026596189,3050
2633,0.00016413604316767305,15743
2634,0.0001641427370486781,13843
2635,0.0001641568378545344,4749
2636,0.00016415998106822371,26939
2637,0.00016418368613813072,15689
2638,0.00016418394807260484,9803
2639,0.0001641869603190571,9151
2640,0.00016418934683315456,5083
2641,0.00016419350868090987,26261
2642,0.00016419401799794286,1328
2643,0.00016419414896517992,7802
2644,0.00016419756866525859,6956
2645,0.00016419807798229158,16460
2646,0.00016419893654529005,16081
2647,0.0001642023999011144,20106
2648,0.0001642055285628885,741
2649,0.00016421325562987477,23531
2650,0.00016421341570094228,26401
2651,0.00016421484178863466,19498
2652,0.00016421580221503973,5594
2653,0.00016421610780525953,14558
2654,0.0001642194256419316,26462
2655,0.00016422274347860366,7899
2656,0.00016422674525529146,4397
2657,0.00016425619833171368,10318
2658,0.00016425886133220047,18668
2659,0.00016426319780293852,19877
2660,0.00016427200171165168,25980
2661,0.00016427881200797856,15133
2662,0.00016428189701400697,1834
2663,0.00016428266826551408,24360
2664,0.00016428741218987852,625
2665,0.0001642974530113861,6864
2666,0.0001643001742195338,26280
2667,0.0001643263385631144,20107
2668,0.00016432641132269055,16748
2669,0.00016432850679848343,12549
2670,0.00016433191194664687,24285
2671,0.00016433272685389966,25907
2672,0.00016434300050605088,25977
2673,0.0001643433643039316,24358
2674,0.00016434404824394733,15009
2675,0.00016434407734777778,18128
2676,0.0001643606519792229,18278
2677,0.0001643613213673234,6030
2678,0.00016436574514955282,14711
2679,0.00016438802413176745,8476
2680,0.00016440855688415468,2641
2681,0.0001644146686885506,25029
2682,0.00016441782645415515,12427
2683,0.00016442153719253838,12034
2684,0.00016442412743344903,25605
2685,0.00016442846390418708,9716
2686,0.0001644405274419114,12958
2687,0.0001644407311687246,2642
2688,0.00016446452355012298,26997
2689,0.00016447214875370264,20225
2690,0.00016447454981971532,12348
2691,0.00016447521920781583,22492
2692,0.0001644758158363402,9727
2693,0.00016448214591946453,18651
2694,0.00016448306269012392,26363
2695,0.00016448594396933913,24998
2696,0.00016448827227577567,25930
2697,0.00016449122631456703,5771
2698,0.00016449288523290306,6688
2699,0.0001644944422878325,26167
2700,0.00016450558905489743,12724
2701,0.00016450895054731518,8385
2702,0.00016451151168439537,10808
2703,0.00016452059207949787,26083
2704,0.0001645214215386659,8222
2705,0.0001645224547246471,3569
2706,0.0001645298907533288,26236
2707,0.00016454290016554296,409
2708,0.00016454391879960895,7554
2709,0.0001645489683141932,26682
2710,0.00016455016157124192,18131
2711,0.00016456336015835404,12524
2712,0.00016456392768304795,16516
2713,0.00016456758021377027,3303
2714,0.00016457238234579563,26099
2715,0.00016457473975606263,25510
2716,0.00016457692254334688,5524
2717,0.00016458048776257783,15046
2718,0.00016459330799989402,5051
2719,0.00016459789185319096,6840
2720,0.0001645983284106478,16086
2721,0.000164604585734196,14170
2722,0.00016461173072457314,22463
2723,0.00016461455379612744,13298
2724,0.00016461790073662996,12093
2725,0.00016462233907077461,7319
2726,0.00016462673374917358,7948
2727,0.00016462808707728982,22108
2728,0.00016463185602333397,20769
2729,0.00016465668159071356,4377
2730,0.00016466263332404196,18695
2731,0.00016466682427562773,159
2732,0.00016466889064759016,27299
2733,0.00016467449313495308,23399
2734,0.00016467741806991398,2220
2735,0.00016468051762785763,10183
2736,0.00016468533431179821,19635
2737,0.00016469566617161036,27011
2738,0.00016470057016704232,3575
2739,0.00016470470291096717,10487
2740,0.00016470513946842402,25312
2741,0.000164705328643322,22191
2742,0.0001647116441745311,13182
2743,0.00016471293929498643,13175
2744,0.00016471606795676053,13373
2745,0.0001647190802032128,2706
2746,0.00016472084098495543,20408
2747,0.00016472973220515996,12442
2748,0.00016473291907459497,16915
2749,0.00016473598952870816,8162
2750,0.00016473737196065485,20129
2751,0.00016473924915771931,14966
2752,0.00016473988944198936,27008
2753,0.00016474122821819037,19104
2754,0.00016474773292429745,20260
2755,0.00016474988660775125,25693
2756,0.00016475457232445478,6731
2757,0.00016475707525387406,7511
2758,0.00016475745360367,19752
2759,0.00016476481687277555,4887
2760,0.0001647714525461197,14036
2761,0.00016477380995638669,18610
2762,0.00016477491590194404,947
2763,0.0001647822355153039,3675
2764,0.00016478511679451913,1997
2765,0.00016478635370731354,3156
2766,0.00016479857731610537,25329
2767,0.00016480359772685915,22219
2768,0.00016480385966133326,7004
2769,0.00016480995691381395,1094
2770,0.00016482461069244891,19698
2771,0.00016482488717883825,9283
2772,0.00016482488717883825,19691
2773,0.0001648326579015702,7906
2774,0.00016483492800034583,24524
2775,0.0001648369216127321,7163
2776,0.00016484514344483614,6173
2777,0.0001648459438001737,8303
2778,0.00016485000378452241,26596
2779,0.00016485634841956198,25385
2780,0.0001648577454034239,26839
2781,0.00016486135427840054,8411
2782,0.00016486330423504114,3570
2783,0.00016486787353642285,8654
2784,0.00016487314132973552,2534
2785,0.0001648770266911015,92
2786,0.00016487709945067763,9988
2787,0.00016488085384480655,18265
2788,0.00016488783876411617,2749
2789,0.00016489054542034864,12973
2790,0.00016489643894601613,2393
2791,0.00016490326379425824,18196
2792,0.000164904777193442,26869
2793,0.00016490774578414857,15428
2794,0.00016490896814502776,4598
2795,0.00016491666610818356,4487
2796,0.00016492225404363126,1646
2797,0.00016493655857630074,11158
2798,0.00016493734437972307,4102
2799,0.000164938232046552,10992
2800,0.00016494224837515503,22536
2801,0.0001649426994845271,22554
2802,0.0001649471087148413,20294
2803,0.00016494996089022607,6156
2804,0.00016495140152983367,1508
2805,0.00016495978343300521,18792
2806,0.00016496343596372753,3049
2807,0.00016498564218636602,27552
2808,0.00016498933837283403,24234
2809,0.00016498961485922337,7641
2810,0.0001649967161938548,14902
2811,0.0001650122576393187,15906
2812,0.0001650208723731339,19243
2813,0.00016502314247190952,22112
2814,0.00016502360813319683,4437
2815,0.00016502391372341663,23450
2816,0.00016502634389325976,12894
2817,0.00016503116057720035,1873
2818,0.00016503293591085821,16517
2819,0.0001650329795666039,13212
2820,0.00016503878578078002,22820
2821,0.00016503914957866073,11002
2822,0.00016504338418599218,13166
2823,0.00016504542145412415,2615
2824,0.00016504563973285258,22443
2825,0.00016504635277669877,2345
2826,0.00016505041276104748,11673
2827,0.00016505127132404596,19598
2828,0.00016505423991475254,18725
2829,0.00016505659732501954,7232
2830,0.00016506014799233526,12693
2831,0.00016506132669746876,8039
2832,0.0001650693448027596,6882
2833,0.00016507168766111135,11860
2834,0.00016507825057487935,5671
2835,0.00016507921100128442,12709
2836,0.0001650805788813159,9496
2837,0.0001650837657507509,19722
2838,0.00016508389671798795,23409
2839,0.00016509272973053157,15187
2840,0.00016509523265995085,9430
2841,0.00016509609122294933,17750
2842,0.00016510373097844422,15595
2843,0.0001651075726840645,15008
2844,0.00016512219735886902,4975
2845,0.0001651259808568284,1788
2846,0.00016512836737092584,11940
2847,0.00016513107402715832,19280
2848,0.00016513191803824157,6852
2849,0.0001651336788199842,9516
2850,0.0001651336788199842,23371
2851,0.00016513469745405018,4554
2852,0.00016514500021003187,23956
2853,0.00016515491006430238,22521
2854,0.00016515601600985974,10391
2855,0.00016516479081474245,10409
2856,0.00016516524192411453,17439
2857,0.00016516844334546477,15041
2858,0.000165169796673581,20131
2859,0.00016518463962711394,862
2860,0.00016519194468855858,23533
2861,0.00016519671771675348,23865
2862,0.00016520137432962656,9325
2863,0.00016520443023182452,99
2864,0.00016520675853826106,18417
2865,0.00016520984354428947,15378
2866,0.00016521064389962703,21626
2867,0.00016521768702659756,4726
2868,0.00016522445366717875,26557
2869,0.00016522618534509093,22628
2870,0.00016523341764695942,8505
2871,0.00016523594968020916,26452
2872,0.00016524344391655177,4792
2873,0.0001652506471145898,8041
2874,0.00016525191313121468,8728
2875,0.00016525626415386796,21904
2876,0.0001652582286624238,12084
2877,0.0001652596256462857,21328
2878,0.00016526058607269078,17238
2879,0.0001652715145610273,9481
2880,0.00016527282423339784,24963
2881,0.0001652734208619222,7683
2882,0.00016527426487300545,6041
2883,0.00016527643310837448,1848
2884,0.00016527681145817041,15276
2885,0.00016527960542589426,5992
2886,0.00016528001287952065,5139
2887,0.0001652804494369775,12558
2888,0.00016528440755791962,13115
2889,0.0001652917271712795,8767
2890,0.0001652930659474805,8240
2891,0.00016529801359865814,10205
2892,0.00016532550216652453,5248
2893,0.0001653274375712499,14372
2894,0.00016532980953343213,27300
2895,0.0001653298531891778,24449
2896,0.00016533354937564582,5284
2897,0.0001653344079386443,20603
2898,0.00016533915186300874,7018
2899,0.0001653408835409209,3861
2900,0.0001653432409511879,21257
2901,0.00016534556925762445,23609
2902,0.00016534690803382546,18747
2903,0.00016535089525859803,11302
2904,0.0001653569343034178,14510
2905,0.00016536095063202083,19705
2906,0.00016536415205337107,24096
2907,0.00016536943439859897,5932
2908,0.00016537110786885023,23096
2909,0.0001653757644817233,21569
2910,0.00016539059288334101,18142
2911,0.00016539398347958922,16733
2912,0.0001653971994528547,12095
2913,0.00016540152137167752,16443
2914,0.00016540611977688968,2446
2915,0.00016540969954803586,11103
2916,0.00016544546815566719,23974
2917,0.00016546386177651584,15115
2918,0.00016547032282687724,1269
2919,0.000165472156368196,4033
2920,0.00016548424900975078,22502
2921,0.00016549639985896647,27385
2922,0.0001654967200011015,13453
2923,0.0001654988300288096,1403
2924,0.00016551316366530955,12425
2925,0.0001655208907322958,4301
2926,0.00016552173474337906,23366
2927,0.00016552624583709985,3046
2928,0.00016553455498069525,20984
2929,0.0001655403320910409,14258
2930,0.0001655446831136942,4480
2931,0.00016554552712477744,16362
2932,0.00016554698231630027,12460
2933,0.00016555815818719566,9808
2934,0.0001655664382269606,7563
2935,0.0001655688975006342,18827
2936,0.00016556929040234536,7128
2937,0.00016557594062760472,25788
2938,0.00016557659546379,26281
2939,0.00016557991330046207,3484
2940,0.00016558784409426153,6259
2941,0.0001656092790653929,19458
2942,0.00016560997755732387,16206
2943,0.0001656250678934157,6399
2944,0.00016562847304157913,1913
2945,0.00016562893870286644,1106
2946,0.0001656313252169639,26145
2947,0.00016563519602641463,7211
2948,0.0001656434906180948,213
2949,0.00016564685211051255,20216
2950,0.00016565012629143894,15392
2951,0.00016565044643357396,22503
2952,0.0001656595413805917,11228
2953,0.00016566202975809574,16464
2954,0.00016566336853429675,16207
2955,0.00016566351405344903,6942
2956,0.0001656665262999013,12691
2957,0.00016566844715271145,7000
2958,0.00016567505372222513,9580
2959,0.00016567528655286878,5641
2960,0.00016568320279475302,26189
2961,0.00016568404680583626,26154
2962,0.0001656867389101535,13588
2963,0.0001656867825658992,9392
2964,0.00016569516446907073,5163
2965,0.00016570214938838035,27401
2966,0.0001657050015637651,3801
2967,0.00016573052562307566,23883
2968,0.00016573180619161576,24699
2969,0.00016573590983171016,23233
2970,0.0001657370012253523,6465
2971,0.00016574010078329593,24272
2972,0.00016574135224800557,216
2973,0.0001657419779803604,13801
2974,0.00016574379696976393,1501
2975,0.00016574615438003093,7259
2976,0.00016574827895965427,21748
2977,0.00016575948393438011,23421
2978,0.00016576705093029886,14244
2979,0.00016576721100136638,6599
2980,0.00016576884081587195,25764
2981,0.00016577278438489884,13920
2982,0.00016577572387177497,20234
2983,0.00016577760106883943,5679
2984,0.00016577898350078613,19256
2985,0.00016578064241912216,3787
2986,0.00016578802024014294,14186
2987,0.00016579031944274902,9832
2988,0.00016579170187469572,582
2989,0.00016580037481617182,10345
2990,0.00016580081137362868,24679
2991,0.0001658019464230165,18105
2992,0.00016581459203734994,21263
2993,0.00016581796808168292,1838
2994,0.00016581972886342555,9240
2995,0.00016582137322984636,25125
2996,0.0001658311957726255,26696
2997,0.00016583316028118134,9568
2998,0.00016584292461629957,4158
2999,0.00016584436525590718,2650
3000,0.00016584615514148027,4465
3001,0.0001658478140598163,21720
3002,0.00016585005505476147,15648
3003,0.00016585210687480867,18909
3004,0.00016585398407187313,26210
3005,0.0001658577675698325,11116
3006,0.0001658617693465203,8753
3007,0.0001658632099861279,16099
3008,0.00016586850688327104,27012
3009,0.00016587022400926799,24820
3010,0.00016588000289630145,25839
3011,0.00016588193830102682,25100
3012,0.0001658839755691588,3103
3013,0.00016588949074503034,17294
3014,0.00016589427832514048,70
3015,0.00016589791630394757,11588
3016,0.0001658987021073699,10357
3017,0.00016590197628829628,4106
3018,0.00016590348968748003,22327
3019,0.00016591140592936426,11906
3020,0.0001659128611208871,20998
3021,0.00016591775056440383,8970
3022,0.00016592333849985152,3165
3023,0.00016593489272054285,2425
3024,0.00016593623149674386,3717
3025,0.00016594163025729358,4996
3026,0.00016594772750977427,8202
3027,0.00016595127817709,3016
3028,0.00016595316992606968,18314
3029,0.00016595404304098338,7302
3030,0.00016595421766396612,3421
3031,0.00016595431952737272,9605
3032,0.00016595778288319707,12858
3033,0.00016596438945271075,16536
3034,0.00016596581554040313,1173
3035,0.00016596871137153357,21197
3036,0.00016597675858065486,5692
3037,0.0001659859553910792,18054
3038,0.00016598925867583603,11567
3039,0.00016599366790615022,16004
3040,0.00016599445370957255,2589
3041,0.00016599445370957255,3797
3042,0.00016599445370957255,7968
3043,0.00016599445370957255,8781
3044,0.00016599445370957255,9198
3045,0.00016599445370957255,9569
3046,0.00016599445370957255,10420
3047,0.00016599445370957255,12016
3048,0.00016599445370957255,14257
3049,0.00016599445370957255,16143
3050,0.00016599445370957255,17415
3051,0.00016599445370957255,18113
3052,0.00016599445370957255,18453
3053,0.00016599445370957255,19727
3054,0.00016599445370957255,20327
3055,0.00016599445370957255,20683
3056,0.00016599445370957255,20942
3057,0.00016599445370957255,21265
3058,0.0001659966364968568,22557
3059,0.000166005251230672,21555
3060,0.000166006590006873,9955
3061,0.00016600964590907097,21608
3062,0.00016602271352894604,9705
3063,0.0001660295674810186,9162
3064,0.00016603896801825613,24710
3065,0.00016604838310740888,3137
3066,0.00016605417476966977,5522
3067,0.00016605551354587078,11202
3068,0.00016605769633315504,8557
3069,0.00016606970166321844,906
3070,0.00016607008001301438,3333
3071,0.00016607141878921539,17370
3072,0.0001660824054852128,990
3073,0.00016608591249678284,18972
3074,0.00016608889563940465,14726
3075,0.00016609136946499348,9266
3076,0.00016609796148259193,21572
3077,0.00016610101738478988,25077
3078,0.00016610304010100663,7583
3079,0.0001661084097577259,5497
3080,0.00016611188766546547,11053
3081,0.00016613163461443037,18184
3082,0.0001661351852817461,17382
3083,0.0001661388378124684,4967
3084,0.00016614203923381865,11175
3085,0.00016614480409771204,22101
3086,0.00016615251661278307,6379
3087,0.00016615531058050692,7186
3088,0.00016615896311122924,12570
3089,0.00016616190259810537,17659
3090,0.00016617945220787078,6893
3091,0.00016618098015896976,12187
3092,0.00016618121298961341,22626
3093,0.00016618167865090072,11791
3094,0.00016618501103948802,3795
3095,0.000166185520356521,5326
3096,0.00016619016241747886,25595
3097,0.00016619137022644281,25127
3098,0.0001661927526583895,19813
3099,0.00016619461530353874,21425
3100,0.0001662021822994575,27645
3101,0.00016620669339317828,20738
3102,0.0001662093127379194,13820
3103,0.00016620999667793512,12791
3104,0.00016621057875454426,23529
3105,0.00016621066606603563,1977
3106,0.00016621126269456,9938
3107,0.0001662122376728803,5052
3108,0.00016621997929178178,26242
3109,0.00016622191469650716,13761
3110,0.00016622216207906604,20199
3111,0.0001662230642978102,4523
3112,0.00016622380644548684,363
3113,0.00016622750263195485,19088
3114,0.00016623124247416854,15983
3115,0.000166232101037167,7821
3116,0.00016624410636723042,27457
3117,0.00016624497948214412,18335
3118,0.00016625698481220752,5938
3119,0.0001662584691075608,15049
3120,0.00016626875731162727,17058
3121,0.00016627347213216126,2046
3122,0.00016628993034828454,11367
3123,0.0001663014554651454,22063
3124,0.0001663027796894312,6083
3125,0.00016630608297418803,27062
3126,0.00016632008191663772,1084
3127,0.00016632037295494229,7967
3128,0.0001663264847593382,18861
3129,0.00016632936603855342,11238
3130,0.00016632936603855342,12557
3131,0.00016632975894026458,21067
3132,0.00016633651102893054,17117
3133,0.00016633768973406404,21807
3134,0.00016633953782729805,24718
3135,0.00016634630446787924,23228
3136,0.00016635241627227515,522
3137,0.0001663567963987589,23787
3138,0.00016636605141684413,15040
3139,0.00016638438683003187,2925
3140,0.0001663907605689019,20196
3141,0.00016639631940051913,16935
3142,0.00016639837122056633,18828
3143,0.00016640058311168104,17791
3144,0.00016640726244077086,24902
3145,0.00016642038826830685,5884
3146,0.00016642735863570124,3580
3147,0.00016643738490529358,14452
3148,0.00016644307470414788,24168
3149,0.00016644920106045902,2236
3150,0.0001664565788814798,18927
3151,0.00016646221047267318,16577
3152,0.00016646490257699043,11927
3153,0.00016646743461024016,11023
3154,0.0001664711016928777,18286
3155,0.0001664752489887178,10677
3156,0.00016647572920192033,13846
3157,0.00016647737356834114,609
3158,0.0001664785377215594,11081
3159,0.0001664861338213086,17914
3160,0.00016648744349367917,8638
3161,0.00016649348253849894,15829
3162,0.00016649518511258066,13674
3163,0.00016649640747345984,4711
3164,0.00016651004261802882,22054
3165,0.00016651373880449682,8641
3166,0.00016651564510539174,22254
3167,0.00016651958867441863,16120
3168,0.0001665221934672445,23142
3169,0.0001665249583311379,3092
3170,0.00016652524936944246,3672
3171,0.00016652929480187595,17003
3172,0.00016653056081850082,8249
3173,0.00016653058992233127,4902
3174,0.00016653133207000792,11800
3175,0.0001665432791924104,25121
3176,0.00016655221406836063,7851
3177,0.0001665566087467596,15192
3178,0.0001665585587034002,17398
3179,0.00016656109073664993,13715
3180,0.00016656493244227022,9572
3181,0.00016657044761814177,14560
3182,0.00016657404194120318,27358
3183,0.00016658056119922549,7102
3184,0.00016658121603541076,27601
3185,0.00016659982793498784,8475
3186,0.0001666054013185203,1978
3187,0.00016661264817230403,21864
3188,0.0001666129392106086,21774
3189,0.00016661337576806545,5455
3190,0.00016661512199789286,3509
3191,0.0001666251919232309,25244
3192,0.0001666283787926659,5805
3193,0.0001666294556343928,19266
3194,0.0001666297612246126,637
3195,0.00016663216229062527,1235
3196,0.00016663562564644963,1451
3197,0.00016663676069583744,26998
3198,0.00016664000577293336,23050
3199,0.0001666503812884912,11767
3200,0.00016665067232679576,10474
3201,0.0001666554599069059,26688
3202,0.00016666667943354696,12555
3203,0.00016666993906255811,16269
3204,0.00016667215095367283,26991
3205,0.00016667263116687536,27323
3206,0.00016667749150656164,12202
3207,0.0001666881435085088,24775
3208,0.00016668815806042403,9007
3209,0.00016669057367835194,3581
3210,0.0001666955795371905,19868
3211,0.00016669827164150774,21540
3212,0.00016670080367475748,11488
3213,0.00016671129560563713,13535
3214,0.00016671180492267013,24365
3215,0.0001667147153057158,12439
3216,0.00016671759658493102,4668
3217,0.00016672445053700358,14770
3218,0.00016672757919877768,6089
3219,0.00016672967467457056,14380
3220,0.00016673242498654872,2315
3221,0.00016674333892297,22481
3222,0.0001667443721089512,2410
3223,0.0001667563192313537,14602
3224,0.00016675681399647146,7205
3225,0.00016675777442287654,10853
3226,0.0001667630858719349,26059
3227,0.00016676387167535722,5907
3228,0.00016676526865921915,24772
3229,0.00016676855739206076,7013
3230,0.00016676908126100898,5023
3231,0.00016677546955179423,24594
3232,0.00016677782696206123,9751
3233,0.0001667812466621399,25061
3234,0.00016678379324730486,10799
3235,0.000166785714100115,9640
3236,0.00016679114196449518,17074
3237,0.0001667935139266774,6418
3238,0.0001668000768404454,16122
3239,0.00016680611588526517,26463
3240,0.0001668121258262545,17971
3241,0.00016681780107319355,16050
3242,0.0001668251061346382,11822
3243,0.00016682979185134172,2475
3244,0.00016683015564922243,18226
3245,0.00016683089779689908,4888
3246,0.00016684207366779447,20987
3247,0.00016684304864611477,7126
3248,0.00016684478032402694,25592
3249,0.00016684587171766907,14004
3250,0.0001668517797952518,3300
3251,0.00016685684386175126,7409
3252,0.0001668663608143106,12156
3253,0.00016686884919181466,20670
3254,0.0001668769691605121,23061
3255,0.00016687766765244305,24007
3256,0.00016688150935806334,26553
3257,0.0001668861514190212,6464
3258,0.00016688948380760849,25242
3259,0.0001668931363383308,20850
3260,0.00016689316544216126,17260
3261,0.000166895188158378,10703
3262,0.0001669010380282998,21269
3263,0.00016690247866790742,17184
3264,0.00016691643395461142,3909
3265,0.00016691982455085963,18646
3266,0.00016692168719600886,24390
3267,0.00016692372446414083,26412
3268,0.00016692723147571087,13829
3269,0.00016693958605173975,2841
3270,0.0001669456105446443,6472
3271,0.00016695183876436204,5044
3272,0.00016695755766704679,20668
3273,0.00016695854719728231,26408
3274,0.00016697369574103504,22839
3275,0.00016697410319466144,20291
3276,0.00016697411774657667,5062
3277,0.00016698089893907309,27000
3278,0.00016698500257916749,24827
3279,0.00016698802937753499,3460
3280,0.00016699041589163244,18419
3281,0.00016699304978828877,9044
3282,0.00016699661500751972,4746
3283,0.00016699751722626388,21594
3284,0.00016699779371265322,22130
3285,0.00016699847765266895,6559
3286,0.00016700004925951362,21762
3287,0.00016700720880180597,7668
3288,0.0001670182537054643,5231
3289,0.00016702339053153992,11233
3290,0.00016702341963537037,16945
3291,0.00016703191795386374,24627
3292,0.00016703212168067694,225
3293,0.00016703411529306322,22896
3294,0.00016703514847904444,12002
3295,0.00016704111476428807,15155
3296,0.00016704393783584237,17332
3297,0.00016704715380910784,17804
3298,0.00016704962763469666,18913
3299,0.00016705237794667482,19763
3300,0.00016705312009435147,23639
3301,0.00016705456073395908,22159
3302,0.00016707183385733515,27574
3303,0.0001670757046667859,12885
3304,0.00016707577742636204,19010
3305,0.0001670763158472255,27670
3306,0.0001670867932261899,18102
3307,0.00016709644114598632,19296
3308,0.00016710902855265886,18856
3309,0.0001671093050390482,9633
3310,0.00016711201169528067,9686
3311,0.00016711201169528067,14418
3312,0.00016711655189283192,6561
3313,0.00016712270735297352,2770
3314,0.00016712347860448062,25450
3315,0.00016712641809135675,9706
3316,0.00016712758224457502,4537
3317,0.0001671395730227232,20523
3318,0.00016714369121473283,19765
3319,0.0001671453646849841,2061
3320,0.00016715063247829676,8233
3321,0.00016715253877919167,18189
3322,0.00016715467791073024,24152
3323,0.00016715750098228455,5177
3324,0.0001671608188189566,25734
3325,0.00016717570542823523,23048
3326,0.0001671758946031332,24283
3327,0.00016717675316613168,22797
3328,0.0001671782083576545,20667
3329,0.00016717836842872202,5086
3330,0.00016718004189897329,3611
3331,0.00016718062397558242,8595
3332,0.00016718213737476617,7531
3333,0.00016718525148462504,21984
3334,0.0001671934878686443,27687
3335,0.00016719460836611688,25010
3336,0.0001671954960329458,2015
3337,0.00016719727136660367,13946
3338,0.000167198057170026,10574
3339,0.00016720968415029347,26208
3340,0.00016721150313969702,24542
3341,0.00016721825522836298,22687
3342,0.00016721889551263303,23524
3343,0.00016722279542591423,22552
3344,0.00016722321743145585,9935
3345,0.0001672233483986929,13461
3346,0.00016722659347578883,7581
3347,0.00016722751024644822,23776
3348,0.00016722804866731167,11377
3349,0.00016722887812647969,18874
3350,0.0001672290381975472,3610
3351,0.00016723772569093853,18551
3352,0.00016724152374081314,4784
3353,0.00016724623856134713,17588
3354,0.00016724641318432987,11430
3355,0.00016725537716411054,5721
3356,0.000167256745044142,12702
3357,0.00016725686145946383,14765
3358,0.0001672678190516308,26736
3359,0.00016728542686905712,6935
3360,0.00016729228082112968,8036
3361,0.0001672994694672525,17055
3362,0.0001673006045166403,18345
3363,0.00016730476636439562,20118
3364,0.0001673082442721352,1675
3365,0.00016731632058508694,16371
3366,0.00016731767391320318,22813
3367,0.00016731771756894886,7527
3368,0.00016731832874938846,23274
3369,0.0001673259394010529,1676
3370,0.00016733509255573153,26717
3371,0.0001673351798672229,6296
3372,0.00016734252858441323,20279
3373,0.0001673472870606929,254
3374,0.00016735121607780457,10784
3375,0.00016735239478293806,959
3376,0.00016735387907829136,19364
3377,0.00016735788085497916,15215
3378,0.00016735808458179235,511
3379,0.00016736146062612534,9708
3380,0.0001673703227424994,2710
3381,0.0001673789811320603,16663
3382,0.00016738007252570242,25284
3383,0.00016738958947826177,19811
3384,0.00016739095735829324,2605
3385,0.00016739460988901556,9098
3386,0.00016739527927711606,3306
3387,0.0001674009399721399,21023
3388,0.0001674059749348089,15247
3389,0.0001674114027991891,12721
3390,0.00016741450235713273,25597
3391,0.0001674256200203672,24816
3392,0.00016742835578043014,7855
3393,0.00016743056767154485,17329
3394,0.00016743135347496718,6512
3395,0.00016743538435548544,4510
3396,0.00016744001186452806,2674
3397,0.00016744980530347675,17597
3398,0.0001674578816164285,24460
3399,0.00016746175242587924,24467
3400,0.00016746616165619344,11040
3401,0.00016746865003369749,17946
3402,0.00016746888286434114,7921
3403,0.000167471167515032,25887
3404,0.00016747276822570711,24164
3405,0.0001674731756793335,25161
3406,0.00016747780318837613,8092
3407,0.00016748043708503246,16171
3408,0.00016748238704167306,6397
3409,0.00016749378119129688,209
3410,0.0001675072853686288,21256
3411,0.00016751114162616432,20250
3412,0.0001675180101301521,5357
3413,0.00016752439842093736,21033
3414,0.00016753280942793936,19812
3415,0.0001675329403951764,23860
3416,0.00016753468662500381,2891
3417,0.00016753609816078097,21713
3418,0.0001675363164395094,3550
3419,0.00016754766693338752,927
3420,0.00016755034448578954,450
3421,0.00016755184333305806,3730
3422,0.00016755255637690425,8066
3423,0.0001675564853940159,7086
3424,0.0001675574021646753,22861
3425,0.00016755879914853722,5243
3426,0.00016756866534706205,12969
3427,0.00016757303092163056,17201
3428,0.00016757666890043765,5449
3429,0.0001675833045737818,17327
3430,0.00016758439596742392,11102
3431,0.00016758688434492797,18730
3432,0.00016758702986408025,23187
3433,0.00016758819401729852,3393
3434,0.000167591730132699,22545
3435,0.00016759343270678073,18873
3436,0.00016759622667450458,27719
3437,0.00016759693971835077,19179
3438,0.0001676000392762944,26779
3439,0.0001676004467299208,25832
3440,0.0001676094689173624,27177
3441,0.00016761042934376746,19041
3442,0.00016761328151915222,17643
3443,0.00016761964070610702,93
3444,0.00016762003360781819,9532
3445,0.0001676265528658405,10710
3446,0.00016762776067480445,24629
3447,0.00016763228632044047,1998
3448,0.00016764196334406734,15539
3449,0.00016764381143730134,24162
3450,0.00016764954489190131,81
3451,0.0001676506217336282,3543
3452,0.00016765226610004902,27650
3453,0.00016766285989433527,7837
3454,0.00016766476619523019,11247
3455,0.0001676679094089195,23992
3456,0.00016767725173849612,11684
3457,0.0001676788233453408,26029
3458,0.00016768182103987783,3960
3459,0.00016769059584476054,17795
3460,0.0001676941174082458,20925
3461,0.00016770033107604831,4813
3462,0.00016770050569903105,4135
3463,0.00016770162619650364,1442
3464,0.0001677087420830503,21324
3465,0.00016771189984865487,23946
3466,0.0001677141699474305,18173
3467,0.00016772904200479388,19254
3468,0.00016773109382484108,8908
3469,0.00016774743562564254,18575
3470,0.00016774945834185928,18301
3471,0.00016775442054495215,3448
3472,0.0001677557302173227,102
3473,0.00016775709809735417,25486
3474,0.00016777806740719825,12104
3475,0.0001677802501944825,8564
3476,0.00016778580902609974,20358
3477,0.0001677915279287845,14327
3478,0.00016779459838289768,15581
3479,0.0001677968684816733,26378
3480,0.00016779781435616314,11551
3481,0.00016780229634605348,20266
3482,0.00016781550948508084,3734
3483,0.00016781888552941382,20861
3484,0.00016781971498858184,2943
3485,0.00016783065802883357,2190
3486,0.00016783238970674574,2692
3487,0.0001678343687672168,18943
3488,0.00016784379840828478,20749
3489,0.00016784387116786093,5244
3490,0.00016784392937552184,9747
3491,0.00016784666513558477,21754
3492,0.0001678512489888817,27413
3493,0.00016785629850346595,7987
3494,0.0001678645785432309,2869
3495,0.00016787306230980903,19770
3496,0.00016787539061624557,16548
3497,0.00016787739878054708,16149
3498,0.00016788585344329476,13923
3499,0.0001678904372965917,2849
3500,0.00016789068467915058,4310
3501,0.0001678915141383186,25180
3502,0.00016790766676422209,5414
3503,0.00016790944209787995,5487
3504,0.00016791200323496014,21389
3505,0.00016791431698948145,9961
3506,0.00016791693633422256,18019
3507,0.00016792156384326518,26003
3508,0.0001679312263149768,14883
3509,0.00016793582472018898,22439
3510,0.000167950100149028,26663
3511,0.00016795910778455436,553
3512,0.0001679602573858574,13209
3513,0.00016796060663182288,4520
3514,0.000167962207342498,22546
3515,0.00016796536510810256,3879
3516,0.00016796654381323606,9467
3517,0.00016797063290141523,5864
3518,0.0001679775450611487,19685
3519,0.00016798947763163596,965
3520,0.000167990117915906,24391
3521,0.00016799707373138517,13009
3522,0.00016799976583570242,22493
3523,0.00016800183220766485,14114
3524,0.0001680036075413227,27075
3525,0.00016800854064058512,10016
3526,0.0001680118584772572,5829
3527,0.00016801353194750845,3520
3528,0.00016802047321107239,19019
3529,0.0001680231944192201,20449
3530,0.0001680253481026739,13424
3531,0.00016803228936623782,24759
3532,0.0001680323330219835,13126
3533,0.00016803249309305102,7658
3534,0.00016803681501187384,12057
3535,0.00016805191989988089,12809
3536,0.00016805333143565804,8565
3537,0.000168056387337856,24532
3538,0.00016805781342554837,17033
3539,0.00016805932682473212,17626
3540,0.0001680648565525189,972
3541,0.00016807107022032142,18714
3542,0.00016807328211143613,14001
3543,0.00016807543579488993,8650
3544,0.00016808652435429394,3390
3545,0.00016808780492283404,21082
3546,0.00016809764201752841,4269
3547,0.00016809841326903552,25198
3548,0.00016810289525892586,12218
3549,0.00016810574743431062,3525
3550,0.00016810587840154767,1522
3551,0.00016811167006380856,16386
3552,0.00016811217938084155,4356
3553,0.00016811485693324357,15638
3554,0.00016811725799925625,16599
3555,0.00016812433023005724,13208
3556,0.0001681260473560542,22680
3557,0.00016813115507829934,24337
3558,0.0001681426219874993,7157
3559,0.0001681428257143125,18033
3560,0.00016814398986753076,12535
3561,0.00016814592527225614,22785
3562,0.0001681462163105607,18203
3563,0.00016814736591186374,3671
3564,0.00016815145500004292,20635
3565,0.00016815264825709164,5352
3566,0.00016815291019156575,5012
3567,0.00016815635899547487,3896
3568,0.00016815761046018451,18067
3569,0.00016815763956401497,13612
3570,0.00016816022980492562,1909
3571,0.0001681622670730576,7908
3572,0.00016816686547826976,7931
3573,0.00016817080904729664,24036
3574,0.0001681791036389768,24540
3575,0.00016817927826195955,14055
3576,0.00016818399308249354,7501
3577,0.00016818777658045292,27567
3578,0.00016818914446048439,24179
3579,0.0001681908470345661,2522
3580,0.00016819385928101838,2832
3581,0.00016819695883896202,11561
3582,0.00016819706070236862,17513
3583,0.0001681988942436874,18114
3584,0.00016820349264889956,19200
3585,0.00016821005556266755,1876
3586,0.000168217156897299,22844
3587,0.0001682236179476604,25475
3588,0.00016823095211293548,4277
3589,0.00016823138867039233,157
3590,0.00016823138867039233,1452
3591,0.00016823138867039233,24757
3592,0.00016823264013510197,23655
3593,0.00016823595797177404,21300
3594,0.00016824367048684508,13617
3595,0.00016824467456899583,5103
3596,0.00016825813509058207,19222
3597,0.0001682607689872384,5962
3598,0.00016826542560011148,10213
3599,0.00016826977662276477,12329
3600,0.00016827104263938963,14967
3601,0.0001682776492089033,7766
3602,0.00016828358639031649,9212
3603,0.00016828981461003423,20398
3604,0.00016829132800921798,18011
3605,0.00016829727974254638,8107
3606,0.00016830128151923418,18248
3607,0.00016830176173243672,403
3608,0.00016830224194563925,4289
3609,0.000168308470165357,27772
3610,0.0001683134469203651,20952
3611,0.00016831429093144834,2712
3612,0.0001683274022070691,27306
3613,0.00016832994879223406,25625
3614,0.00016833565314300358,24065
3615,0.0001683396694716066,12331
3616,0.00016834464622661471,22591
3617,0.00016834517009556293,23181
3618,0.00016834560665301979,23060
3619,0.00016834560665301979,24184
3620,0.000168356898939237,5994
3621,0.00016835812130011618,26589
3622,0.00016835849964991212,11280
3623,0.00016835880524013191,2834
3624,0.00016836194845382124,8562
3625,0.00016836677968967706,5325
3626,0.0001683679292909801,24562
3627,0.00016837725706864148,22771
3628,0.00016838849114719778,22903
3629,0.00016839338059071451,6820
3630,0.0001683937880443409,21918
3631,0.00016839864838402718,18619
3632,0.0001683996815700084,1805
3633,0.00016840689931996167,13486
3634,0.00016840729222167283,16680
3635,0.00016841222532093525,4001
3636,0.0001684124581515789,8793
3637,0.00016841819160617888,19292
3638,0.00016842296463437378,19288
3639,0.0001684356975601986,7596
3640,0.0001684369199210778,8051
3641,0.00016844058700371534,21906
3642,0.00016844438505358994,18574
3643,0.00016844448691699654,3028
3644,0.00016844448691699654,25186
3645,0.00016844690253492445,5404
3646,0.00016844869242049754,16761
3647,0.0001684531307546422,14145
3648,0.00016845802019815892,18863
3649,0.0001684585731709376,7649
3650,0.0001684587768977508,24582
3651,0.00016845940263010561,20751
3652,0.000168464524904266,11667
3653,0.00016847005463205278,23732
3654,0.00016847097140271217,22286
3655,0.00016847132064867765,12965
3656,0.00016847328515723348,25326
3657,0.0001684742164798081,541
3658,0.00016847434744704515,10958
3659,0.0001684801245573908,24735
3660,0.00016848031373228878,5068
3661,0.00016848281666170806,14509
3662,0.00016849892563186586,23151
3663,0.00016851052350830287,4099
3664,0.00016851570399012417,6894
3665,0.0001685191527940333,25943
3666,0.00016852602129802108,25634
3667,0.00016853294800966978,18136
3668,0.00016853360284585506,20057
3669,0.00016853565466590226,21867
3670,0.00016854380373843014,7395
3671,0.000168545579072088,11919
3672,0.00016854735440574586,449
3673,0.00016855300054885447,5931
3674,0.00016855591093190014,459
3675,0.00016856094589456916,16332
3676,0.0001685651805019006,5172
3677,0.00016856685397215188,23254
3678,0.0001685732277110219,26990
3679,0.0001685960596660152,20744
3680,0.0001686012838035822,23026
3681,0.00016860172036103904,26088
3682,0.00016860269533935934,4211
3683,0.0001686071918811649,4353
3684,0.00016861387121025473,20026
3685,0.00016862040502019227,7034
3686,0.00016862289339769632,3212
3687,0.0001686250907368958,27048
3688,0.000168630009284243,7405
3689,0.00016863015480339527,27533
3690,0.00016863388009369373,21414
3691,0.00016863600467331707,10562
3692,0.00016864112694747746,4205
3693,0.00016864252393133938,6447
3694,0.00016864466306287795,27735
3695,0.00016864610370248556,26855
3696,0.00016865147335920483,19070
3697,0.00016865255020093173,12435
3698,0.00016865271027199924,23353
3699,0.00016865752695593983,8308
3700,0.00016866634541656822,15834
3701,0.00016866860096342862,27478
3702,0.00016867212252691388,9253
3703,0.00016867878730408847,8775
3704,0.0001686791074462235,13133
3705,0.000168683473020792,6928
3706,0.00016869290266186,1939
3707,0.00016869466344360262,5387
3708,0.00016870125546120107,19481
3709,0.00016870738181751221,21844
3710,0.0001687121402937919,21852
3711,0.00016871547268237919,5018
3712,0.00016872321430128068,9343
3713,0.00016872484411578625,11686
3714,0.00016872490232344717,23586
3715,0.00016872498963493854,2520
3716,0.00016873268759809434,24967
3717,0.00016874383436515927,6332
3718,0.0001687447656877339,707
3719,0.0001687448675511405,3622
3720,0.00016874498396646231,1497
3721,0.00016874910215847194,10392
3722,0.00016874926222953945,26848
3723,0.00016874981520231813,25769
3724,0.0001687554467935115,464
3725,0.0001687583135208115,9954
3726,0.0001687598996795714,20103
3727,0.00016876214067451656,18669
3728,0.00016877337475307286,10424
3729,0.00016877343296073377,1770
3730,0.00016877810412552208,4299
3731,0.00016879777831491083,24267
3732,0.0001688055053818971,25347
3733,0.00016880557814147323,20839
3734,0.00016881190822459757,6246
3735,0.00016881355259101838,20160
3736,0.00016881436749827117,17991
3737,0.00016881896590348333,1357
3738,0.00016882168711163104,15578
3739,0.00016882435011211783,13855
3740,0.0001688264892436564,6045
3741,0.00016883657372090966,1572
3742,0.0001688377233222127,23203
3743,0.0001688497286522761,5185
3744,0.00016884985961951315,14812
3745,0.00016885616059880704,23518
3746,0.00016886062803678215,7595
3747,0.00016886410594452173,24983
3748,0.00016886410594452173,25084
3749,0.0001688666525296867,25267
3750,0.0001688673219177872,8799
3751,0.0001688720512902364,6712
3752,0.0001688749180175364,4263
3753,0.0001688764605205506,16972
3754,0.00016887721722014248,6244
3755,0.00016887992387637496,6517
3756,0.00016888037498574704,27304
3757,0.0001688953343546018,22594
3758,0.00016889900143723935,21423
3759,0.00016890042752493173,17904
3760,0.00016890055849216878,21293
3761,0.0001689086202532053,3139
3762,0.00016891019186004996,4340
3763,0.0001689108758000657,2358
3764,0.00016891519771888852,20425
3765,0.00016891582345124334,205
3766,0.0001689214404905215,22326
3767,0.0001689266209723428,9611
3768,0.00016892995336093009,9159
3769,0.00016893038991838694,24752
3770,0.00016893228166736662,5299
3771,0.0001689375494606793,16061
3772,0.00016893814608920366,16284
3773,0.00016894629516173154,17151
3774,0.00016895034059416503,24359
3775,0.00016895188309717923,9625
3776,0.00016895188309717923,14783
3777,0.00016895188309717923,18391
3778,0.0001689544296823442,21884
3779,0.00016896433953661472,2532
3780,0.00016897420573513955,4034
3781,0.00016897929890546948,26752
3782,0.00016898139438126236,13934
3783,0.00016898770991247147,25357
3784,0.00016898801550269127,20434
3785,0.00016899191541597247,10518
3786,0.00016899385082069784,17472
3787,0.00016899488400667906,26373
3788,0.00016901113849598914,18759
3789,0.00016901138587854803,25092
3790,0.0001690124481683597,5790
3791,0.00016901417984627187,2758
3792,0.00016901580966077745,8877
3793,0.00016902062634471804,20343
3794,0.00016904501535464078,20527
3795,0.00016904580115806311,4378
3796,0.00016905121447052807,5960
3797,0.00016907014651224017,17612
3798,0.0001690703211352229,8995
3799,0.00016907454119063914,96
3800,0.00016907845565583557,594
3801,0.00016907858662307262,18475
3802,0.00016907902318052948,23065
3803,0.0001690870412858203,1225
3804,0.00016909249825403094,11104
3805,0.00016910025442484766,21384
3806,0.00016910108388401568,21460
3807,0.00016911039710976183,4804
3808,0.00016911681450437754,23906
3809,0.00016911719285417348,6046
3810,0.0001691211073193699,15179
3811,0.00016912441060412675,18851
3812,0.00016914441948756576,18279
3813,0.00016914586012717336,18554
3814,0.0001691519864834845,24262
3815,0.000169152655871585,19896
3816,0.00016915965534280986,24251
3817,0.00016916196909733117,7261
3818,0.0001691636280156672,158
3819,0.0001691648649284616,8403
3820,0.0001691744982963428,23340
3821,0.00016917659377213567,14024
3822,0.0001691770157776773,4306
3823,0.0001691811776254326,19526
3824,0.0001691812794888392,24600
3825,0.00016918592154979706,25908
3826,0.00016919203335419297,20479
3827,0.0001691932266112417,11032
3828,0.00016919622430577874,26409
3829,0.0001692003570497036,14937
3830,0.00016920626512728631,6754
3831,0.000169208156876266,10253
3832,0.00016920924826990813,3766
3833,0.0001692132791504264,4252
3834,0.00016921485075727105,2083
3835,0.00016921581118367612,4217
3836,0.00016921607311815023,14132
3837,0.00016922273789532483,3582
3838,0.00016923061048146337,27631
3839,0.0001692324149189517,24834
3840,0.0001692353398539126,19782
3841,0.00016923772636801004,19241
3842,0.0001692392979748547,12844
3843,0.00016924546798691154,8406
3844,0.00016924759256653488,8503
3845,0.00016924856754485518,13473
3846,0.00016924896044656634,25037
3847,0.00016925198724493384,18726
3848,0.00016926944954320788,17910
3849,0.0001692706864560023,13267
3850,0.00016927107935771346,25366
3851,0.00016927132674027234,7014
3852,0.0001692719670245424,9646
3853,0.00016927688557188958,5359
3854,0.0001692809019004926,15521
3855,0.00016928614058997482,24528
3856,0.00016929492994677275,25638
3857,0.0001692965452093631,15639
3858,0.00016929693811107427,5949
3859,0.00016929907724261284,11052
3860,0.0001693017256911844,11379
3861,0.0001693042868282646,26264
3862,0.00016930539277382195,17092
3863,0.00016930587298702449,13354
3864,0.00016930805577430874,14177
3865,0.00016930850688368082,6676
3866,0.00016931476420722902,6416
3867,0.000169316801475361,6031
3868,0.00016932083235587925,16058
3869,0.0001693243539193645,10573
3870,0.0001693246013019234,1942
3871,0.00016932653670664877,21500
3872,0.00016932908329181373,14072
3873,0.00016932954895310104,4667
3874,0.00016933873121161014,2407
3875,0.0001693483500275761,17362
3876,0.00016935238090809435,4854
3877,0.0001693619560683146,21091
3878,0.00016936310566961765,5740
3879,0.00016936437168624252,24518
3880,0.00016936448810156435,22858
3881,0.00016936742758844048,24218
3882,0.0001693674857961014,23384
3883,0.000169367587659508,25524
3884,0.00016937832697294652,4878
3885,0.0001693809317657724,4409
3886,0.00016938229964580387,2695
3887,0.0001693832455202937,8170
3888,0.00016938665066845715,510
3889,0.0001693937083473429,26790
3890,0.00016939720080699772,14082
3891,0.00016940030036494136,353
3892,0.00016940443310886621,24310
3893,0.00016940510249696672,2727
3894,0.00016940510249696672,16520
3895,0.00016940520436037332,27570
3896,0.00016941086505539715,12393
3897,0.0001694125239737332,12716
3898,0.00016942618822213262,1437
3899,0.00016942837100941688,3001
3900,0.00016942857473623008,9939
3901,0.00016943262016866356,23163
3902,0.00016943375521805137,16880
3903,0.00016943442460615188,19396
3904,0.00016944021626841277,17877
3905,0.00016944027447607368,8295
3906,0.00016944251547101885,5820
3907,0.0001694500242592767,765
3908,0.000169450999237597,10894
3909,0.00016946000687312335,7146
3910,0.00016946055984590203,15105
3911,0.00016946067626122385,4978
3912,0.00016946099640335888,7217
3913,0.0001694632665021345,10327
3914,0.00016946723917499185,5320
3915,0.00016947046970017254,1678
3916,0.00016947402036748827,13188
3917,0.00016948710253927857,23299
3918,0.00016948813572525978,18736
3919,0.00016950242570601404,20353
3920,0.0001695087121333927,7617
3921,0.00016951316501945257,25319
3922,0.00016951428551692516,23295
3923,0.00016951801080722362,25282
3924,0.00016952145961113274,23440
3925,0.00016952909936662763,23772
3926,0.00016953021986410022,25763
3927,0.00016953096201177686,26771
3928,0.00016953432350419462,24855
3929,0.00016954484453890473,23251
3930,0.0001695475948508829,7196
3931,0.0001695583778200671,2453
3932,0.00016955942555796355,14922
3933,0.00016956291801761836,2967
3934,0.00016956382023636252,3947
3935,0.00016957147454377264,26836
3936,0.0001695716637186706,3727
3937,0.00016957204206846654,14495
3938,0.00016957485058810562,15410
3939,0.00016957636398728937,12030
3940,0.00016958477499429137,7886
3941,0.0001695864339126274,22007
3942,0.00016959442291408777,7255
3943,0.00016959634376689792,2960
3944,0.0001696001272648573,23209
3945,0.00016960086941253394,11054
3946,0.00016960255743470043,11035
3947,0.0001696059334790334,397
3948,0.00016960645734798163,4016
3949,0.00016961313667707145,19210
3950,0.00016962128574959934,24371
3951,0.00016962359950412065,9749
3952,0.000169634455232881,14280
3953,0.0001696370600257069,19561
3954,0.00016964605310931802,19786
3955,0.00016964848327916116,6667
3956,0.00016965062241069973,7299
3957,0.00016965084068942815,10411
3958,0.00016965267423074692,21939
3959,0.00016965520626399666,13353
3960,0.0001696561521384865,16713
3961,0.00016965935355983675,17024
3962,0.00016966306429821998,23964
3963,0.0001696630788501352,2586
3964,0.00016966715338639915,24266
3965,0.00016967936244327575,27520
3966,0.00016969055286608636,14478
3967,0.00016969192074611783,17170
3968,0.00016969224088825285,23241
3969,0.00016970084107015282,17793
3970,0.00016970542492344975,24408
3971,0.00016970786964520812,2782
3972,0.0001697143161436543,3532
3973,0.0001697156112641096,27256
3974,0.0001697248953860253,6839
3975,0.00016972518642432988,12628
3976,0.0001697252009762451,27215
3977,0.00016972651064861566,16479
3978,0.00016972736921161413,1600
3979,0.00016972911544144154,15797
3980,0.0001697298721410334,25968
3981,0.0001697337720543146,8114
3982,0.00016973575111478567,1141
3983,0.0001697361294645816,26339
3984,0.0001697377156233415,20937
3985,0.00016974014579318464,16180
3986,0.00016974032041616738,27362
3987,0.0001697434636298567,27551
3988,0.00016974887694232166,8117
3989,0.0001697511615930125,1305
3990,0.0001697534171398729,14378
3991,0.00016975554171949625,16801
3992,0.0001697584375506267,21160
3993,0.00016975960170384496,7178
3994,0.00016976271581370384,19547
3995,0.00016976379265543073,26147
3996,0.00016976671759039164,8447
3997,0.000169769671629183,4412
3998,0.0001697720872471109,12604
3999,0.00016977365885395557,7746
4000,0.0001697737752692774,26986
4001,0.000169776554685086,21721
4002,0.0001697773695923388,3474
4003,0.00016977748600766063,24686
4004,0.00016978463099803776,16864
4005,0.00016978723579086363,16906
4006,0.0001697953703114763,8678
4007,0.00016979695647023618,21114
4008,0.000169798091519624,2765
4009,0.00016980095824692398,10457
4010,0.000169807331985794,5684
4011,0.0001698080013738945,16747
4012,0.00016980839427560568,20560
4013,0.00016981331282295287,16256
4014,0.00016981334192678332,3080
4015,0.00016981542285066098,12337
4016,0.00016981545195449144,13327
4017,0.00016982013767119497,7816
4018,0.00016982322267722338,14138
4019,0.00016982370289042592,19596
4020,0.0001698310225037858,9397
4021,0.0001698330306680873,13644
4022,0.00016983613022603095,7564
4023,0.00016984216927085072,19889
4024,0.00016984458488877863,1949
4025,0.00016984756803140044,22621
4026,0.00016985049296636134,3663
4027,0.0001698578125797212,2368
4028,0.0001698644191492349,5619
4029,0.00016986572882160544,18291
4030,0.00016986747505143285,2704
4031,0.00016987056005746126,11150
4032,0.00016987137496471405,27715
4033,0.00016987220442388207,554
4034,0.00016987291746772826,828
4035,0.00016987984417937696,9228
4036,0.0001698831474641338,15395
4037,0.00016988423885777593,27404
4038,0.0001698975102044642,17247
4039,0.00016990180301945657,5989
4040,0.00016990180301945657,6196
4041,0.00016990939911920577,17013
4042,0.00016991098527796566,23193
4043,0.00016991338634397835,10348
4044,0.00016991660231724381,3776
4045,0.00016991938173305243,13429
4046,0.00016992096789181232,19336
4047,0.00016992523160297424,11251
4048,0.00016992822929751128,3621
4049,0.00016993105236906558,7496
4050,0.00016993477765936404,8904
4051,0.0001699372660368681,921
4052,0.00016993985627777874,27040
4053,0.00016994590987451375,16804
4054,0.00016994730685837567,16872
4055,0.00016994812176562846,26263
4056,0.000169955485034734,20546
4057,0.00016995621263049543,25328
4058,0.00016995695477817208,16079
4059,0.00016996575868688524,23542
4060,0.00016996987687889487,23788
4061,0.00016997125931084156,7941
4062,0.00016997253987938166,14134
4063,0.0001699744025245309,12008
4064,0.0001699853310128674,1911
4065,0.00016998550563585013,25571
4066,0.0001699870335869491,13619
4067,0.00016998895443975925,12774
4068,0.00017000357911456376,5338
4069,0.00017000723164528608,20948
4070,0.00017001105879899114,24808
4071,0.0001700136053841561,13689
4072,0.00017001728701870888,1293
4073,0.00017001817468553782,15750
4074,0.0001700195571174845,7654
4075,0.00017002079403027892,150
4076,0.00017002579988911748,19375
4077,0.00017003229004330933,21430
4078,0.00017003732500597835,9766
4079,0.0001700377179076895,25325
4080,0.00017004006076604128,2596
4081,0.0001700404827715829,3224
4082,0.0001700446882750839,18003
4083,0.000170044950209558,5362
4084,0.00017004733672365546,23902
4085,0.00017004831170197576,18778
4086,0.00017005432164296508,15937
4087,0.00017005957488436252,12733
4088,0.00017006020061671734,6770
4089,0.00017006057896651328,6900
4090,0.00017006543930619955,5136
4091,0.00017006583220791072,3446
4092,0.00017006642883643508,16607
4093,0.0001700702414382249,1329
4094,0.00017008361464831978,18397
4095,0.00017008782015182078,11442
4096,0.00017008981376420707,3459
4097,0.00017009166185744107,8068
4098,0.00017009225848596543,27194
4099,0.000170098093803972,24713
4100,0.00017010977899190038,19720
4101,0.00017011180170811713,15284
4102,0.00017012616444844753,17255
4103,0.0001701295404927805,8632
4104,0.00017013645265251398,27750
4105,0.00017013771866913885,10938
4106,0.00017013975593727082,14772
4107,0.0001701455475995317,21359
4108,0.00017015490448102355,21080
4109,0.00017015566118061543,25541
4110,0.0001701563596725464,3045
4111,0.000170160157722421,15136
4112,0.00017016366473399103,17997
4113,0.0001701658038655296,11507
4114,0.00017017392383422703,20878
4115,0.0001701781147858128,16775
4116,0.00017017942445818335,10828
4117,0.00017018661310430616,14410
4118,0.00017018686048686504,4979
4119,0.00017019672668538988,20992
4120,0.00017019933147821575,22089
4121,0.00017020282393787056,2487
4122,0.00017021357780322433,22364
4123,0.0001702148438198492,2375
4124,0.00017021619714796543,10009
4125,0.00017022390966303647,26760
4126,0.00017022780957631767,8707
4127,0.00017022814427036792,24364
4128,0.00017023144755512476,2099
4129,0.00017023648251779377,6739
4130,0.00017023719556163996,22171
4131,0.00017024642147589475,19190
4132,0.0001702589070191607,2511
4133,0.00017026108980644494,22817
4134,0.00017026725981850177,3162
4135,0.00017027341527864337,14432
4136,0.00017027766443789005,5217
4137,0.00017028041474986821,14493
4138,0.00017028069123625755,4779
4139,0.00017028766160365194,9442
4140,0.00017029351147357374,21785
4141,0.00017029706214088947,4320
4142,0.00017030340677592903,1871
4143,0.00017030502203851938,9376
4144,0.0001703071320662275,3612
4145,0.00017031087190844119,15663
4146,0.00017031413153745234,6811
4147,0.0001703165762592107,15996
4148,0.00017031702736858279,25666
4149,0.00017032489995472133,5079
4150,0.00017032715550158173,6699
4151,0.0001703277084743604,4253
4152,0.00017033064796123654,17257
4153,0.00017033187032211572,4970
4154,0.00017033529002219439,485
4155,0.0001703374582575634,11418
4156,0.00017033756012097,16512
4157,0.00017034000484272838,24530
4158,0.00017034188203979284,12190
4159,0.00017034354095812887,25942
4160,0.0001703473535599187,17063
4161,0.00017035059863701463,19475
4162,0.00017035270866472274,21035
4163,0.00017035506607498974,9840
4164,0.00017035537166520953,8892
4165,0.0001703578745946288,5576
4166,0.00017035969358403236,15334
4167,0.00017036373901646584,23552
4168,0.0001703653542790562,20538
4169,0.00017036682402249426,18497
4170,0.0001703684392850846,1065
4171,0.00017037901852745563,18743
4172,0.0001703887974144891,16358
4173,0.00017038935038726777,6106
4174,0.00017039093654602766,20885
4175,0.00017039176600519568,7451
4176,0.00017039876547642052,857
4177,0.0001703999878372997,6141
4178,0.00017040030797943473,8337
4179,0.00017040481907315552,20460
4180,0.00017040662351064384,6408
4181,0.00017040826787706465,201
4182,0.0001704098394839093,13099
4183,0.00017042073886841536,2222
4184,0.00017044377455022186,14748
4185,0.00017044454580172896,4992
4186,0.00017044720880221575,18378
4187,0.00017045250569935888,6002
4188,0.0001704568712739274,19444
4189,0.00017045767162926495,9270
4190,0.00017045826825778931,21541
4191,0.00017046427819877863,22482
4192,0.00017046551511157304,249
4193,0.00017046638822648674,10922
4194,0.0001704761089058593,24569
4195,0.00017047722940333188,85
4196,0.00017047954315785319,22307
4197,0.00017048712470568717,13961
4198,0.00017048971494659781,17585
4199,0.0001704973983578384,9424
4200,0.00017049886810127646,5486
4201,0.00017050364112947136,23357
4202,0.00017050660972017795,5781
4203,0.00017050695896614343,13728
4204,0.00017050947644747794,9538
4205,0.0001705107424641028,22126
4206,0.0001705153117654845,18337
4207,0.00017051723261829466,799
4208,0.00017051913891918957,25888
4209,0.00017052011389750987,26861
4210,0.00017052050679922104,26580
4211,0.0001705255708657205,1072
4212,0.00017053502961061895,10588
4213,0.00017053753254003823,1122
4214,0.00017053759074769914,24094
4215,0.00017054329509846866,14000
4216,0.00017054360068868846,20734
4217,0.00017054715135600418,4426
4218,0.00017054806812666357,598
4219,0.00017055156058631837,26226
4220,0.00017056360957212746,763
4221,0.00017056897922884673,9360
4222,0.00017057129298336804,10599
4223,0.0001705824106466025,25779
4224,0.00017058280354831368,23235
4225,0.00017058424418792129,12970
4226,0.00017058965750038624,13505
4227,0.00017058991943486035,321
4228,0.00017059070523828268,4621
4229,0.00017059144738595933,19871
4230,0.00017060070240404457,12228
4231,0.0001706038019619882,7836
4232,0.00017060419486369938,4677
4233,0.0001706068287603557,2573
4234,0.00017062624101527035,15630
4235,0.00017062746337614954,14798
4236,0.0001706282200757414,5505
4237,0.000170628321939148,4190
4238,0.00017062875849660486,9618
4239,0.00017063111590687186,16634
4240,0.0001706365728750825,24806
4241,0.00017063709674403071,19978
4242,0.00017063849372789264,27448
4243,0.00017064028361346573,1339
4244,0.00017064095300156623,1975
4245,0.00017064822895918041,14511
4246,0.00017065141582861543,13189
4247,0.00017065214342437685,21948
4248,0.00017065311840269715,19315
4249,0.00017065359861589968,9515
4250,0.0001706573530100286,9448
4251,0.0001706578623270616,13071
4252,0.0001706606853986159,8510
4253,0.00017066123837139457,2853
4254,0.00017066459986381233,21333
4255,0.00017066826694644988,3684
4256,0.0001706684852251783,6725
4257,0.00017067353473976254,26625
4258,0.00017067752196453512,11669
4259,0.00017068003944586962,10724
4260,0.00017068081069737673,9906
4261,0.00017068417218979448,26061
4262,0.00017068689339794219,25030
4263,0.00017069006571546197,24433
4264,0.00017069235036615282,17156
4265,0.00017069841851480305,22071
4266,0.0001707113260636106,17029
4267,0.00017071286856662482,26918
4268,0.00017071564798243344,18250
4269,0.00017071579350158572,15347
4270,0.00017072673654183745,2764
4271,0.0001707310730125755,5521
4272,0.00017073226626962423,596
4273,0.00017073864000849426,1875
4274,0.00017073945491574705,24608
4275,0.00017074373317882419,15550
4276,0.00017074400966521353,9090
4277,0.00017074400966521353,23229
4278,0.00017074418428819627,18037
4279,0.0001707449264358729,2159
4280,0.0001707473857095465,25600
4281,0.00017074806964956224,20835
4282,0.0001707483606878668,3735
4283,0.00017075373034458607,1284
4284,0.00017075442883651704,20615
4285,0.00017077219672501087,16943
4286,0.00017077710072044283,26402
4287,0.00017078846576623619,11794
4288,0.00017078877135645598,3323
4289,0.0001707955525489524,7970
4290,0.0001708050986053422,14088
4291,0.00017081496480386704,38
4292,0.00017081749683711678,4560
4293,0.00017081752594094723,26852
4294,0.00017081794794648886,2940
4295,0.00017081880650948733,24171
4296,0.00017081965052057058,4622
4297,0.00017082215344998986,2100
4298,0.00017082244448829442,22422
4299,0.0001708244817564264,5327
4300,0.00017083277634810656,7535
4301,0.00017083993589039892,1714
4302,0.00017084027058444917,26953
4303,0.00017084204591810703,10491
4304,0.00017084230785258114,10510
4305,0.0001708485506242141,18970
4306,0.0001708647614577785,4593
4307,0.00017086889420170337,13636
4308,0.00017087499145418406,5
4309,0.00017087504966184497,20728
4310,0.0001708769705146551,22242
4311,0.0001708794734440744,19334
4312,0.00017088584718294442,11585
4313,0.00017088811728172004,3628
4314,0.00017088936874642968,5416
4315,0.0001708919880911708,11217
4316,0.00017089632456190884,9987
4317,0.00017089715402107686,3349
4318,0.00017089719767682254,11174
4319,0.000170897226780653,3205
4320,0.00017090031178668141,586
4321,0.0001709126663627103,5608
4322,0.00017091535846702754,12101
4323,0.0001709173811832443,6844
4324,0.00017091968038585037,10361
4325,0.00017092011694330722,74
4326,0.0001709242060314864,6577
4327,0.00017093725909944624,11266
4328,0.0001709462667349726,16636
4329,0.0001709507341729477,22477
4330,0.0001709516072878614,25102
4331,0.0001709518546704203,16544
4332,0.00017096144438255578,4582
4333,0.0001709693024167791,22569
4334,0.00017097199452109635,6680
4335,0.00017097717500291765,4684
4336,0.00017097769887186587,22548
4337,0.00017097793170250952,417
4338,0.0001709797652438283,23007
4339,0.00017098196258302778,9897
4340,0.00017098276293836534,11874
4341,0.00017098743410315365,4651
4342,0.00017099497199524194,20214
4343,0.0001709992066025734,26797
4344,0.0001710020296741277,22798
4345,0.00017100344120990485,17994
4346,0.00017101032426580787,20317
4347,0.0001710109499981627,26443
4348,0.00017101643607020378,22571
4349,0.00017102205310948193,19618
4350,0.00017102641868405044,24561
4351,0.00017102895071730018,20714
4352,0.0001710330689093098,7592
4353,0.00017104367725551128,15038
4354,0.00017104472499340773,13289
4355,0.00017104770813602954,9289
4356,0.00017105041479226202,6787
4357,0.00017105638107750565,22279
4358,0.00017105716688092798,16313
4359,0.00017106009181588888,21953
4360,0.000171076666447334,15002
4361,0.00017108420433942229,5983
4362,0.00017108666361309588,5344
4363,0.00017108669271692634,21544
4364,0.00017108870088122785,22871
4365,0.00017109571490436792,4160
4366,0.000171099862200208,456
4367,0.00017110926273744553,23954
4368,0.00017110999033320695,12382
4369,0.00017111015040427446,10903
4370,0.0001711111981421709,15204
4371,0.00017111141642089933,20342
4372,0.000171113817486912,21070
4373,0.00017111594206653535,14458
4374,0.00017111700435634702,4030
4375,0.00017112324712798,1648
4376,0.00017112770001403987,5381
4377,0.00017112835485022515,5735
4378,0.00017113678040914237,4105
4379,0.00017114383808802813,17141
4380,0.00017114555521402508,12902
4381,0.00017115494119934738,25163
4382,0.0001711580262053758,6917
4383,0.00017115985974669456,16922
4384,0.00017116934759542346,27611
4385,0.00017118040705099702,12884
4386,0.00017118077084887773,299
4387,0.00017118123651016504,56
4388,0.00017118771211244166,9018
4389,0.00017118862888310105,1724
4390,0.00017119944095611572,26149
4391,0.00017121314886026084,14828
4392,0.00017122160352300853,5227
4393,0.00017122516874223948,19965
4394,0.00017122986901085824,7497
4395,0.00017123193538282067,25122
4396,0.00017123515135608613,27637
4397,0.00017124311125371605,15081
4398,0.00017124335863627493,16534
4399,0.00017124859732575715,18623
4400,0.00017125207523349673,2066
4401,0.00017125296290032566,2293
4402,0.00017125530575867742,10139
4403,0.00017125903104897588,24401
4404,0.0001712626253720373,6189
4405,0.00017126764578279108,21313
4406,0.00017126905731856823,395
4407,0.0001712723751552403,8003
4408,0.00017127671162597835,25059
4409,0.000171278792549856,19646
4410,0.0001712816156214103,6973
4411,0.00017128446779679507,5510
4412,0.00017128619947470725,24461
4413,0.00017129145271610469,12121
4414,0.00017129781190305948,4421
4415,0.00017129836487583816,23506
4416,0.00017129907791968435,12895
4417,0.00017130821652244776,2357
4418,0.00017130913329310715,17282
4419,0.0001713108504191041,1729
4420,0.0001713163946988061,11634
4421,0.00017131678760051727,5778
4422,0.00017131694767158478,20025
4423,0.00017132010543718934,26552
4424,0.00017132391803897917,22479
4425,0.0001713257224764675,20208
4426,0.0001713307574391365,3332
4427,0.00017133330402430147,16964
4428,0.00017134810332208872,21169
4429,0.00017135459347628057,24382
4430,0.0001713546662358567,1721
4431,0.00017135523376055062,9298
4432,0.00017135833331849426,6234
4433,0.00017136211681645364,849
4434,0.00017136316455435008,13478
4435,0.00017136483802460134,12775
4436,0.00017137099348474294,4126
4437,0.0001713713281787932,12715
4438,0.00017137530085165054,21105
4439,0.000171379026141949,6179
4440,0.00017137957911472768,1187
4441,0.00017138432303909212,25034
4442,0.0001713866222416982,21903
4443,0.00017139315605163574,15019
4444,0.00017139643023256212,10543
4445,0.00017140086856670678,10195
4446,0.00017140161071438342,4645
4447,0.0001714018580969423,14926
4448,0.00017140562704298645,21489
4449,0.00017140668933279812,10257
4450,0.00017141074931714684,3410
4451,0.00017141141870524734,17526
4452,0.00017142551951110363,4981
4453,0.0001714257668936625,13002
4454,0.00017142770229838789,6813
4455,0.00017143097647931427,17741
4456,0.00017143103468697518,19616
4457,0.00017143198056146502,6460
4458,0.0001714344834908843,4408
4459,0.0001714436075417325,15148
4460,0.0001714476675260812,11772
4461,0.00017145070887636393,27635
4462,0.0001714535610517487,13364
4463,0.00017145504534710199,4273
4464,0.00017145580204669386,9683
4465,0.00017145727179013193,15445
4466,0.0001714583922876045,27226
4467,0.00017146060417871922,612
4468,0.0001714722311589867,18457
4469,0.00017147313337773085,23650
4470,0.00017147429753094912,20829
4471,0.00017147455946542323,18565
4472,0.0001714746467769146,1021
4473,0.00017147851758636534,10812
4474,0.00017147975449915975,9644
4475,0.00017148304323200136,22274
4476,0.0001714858371997252,4708
4477,0.00017148938786704093,24589
4478,0.00017150459461845458,2327
4479,0.00017150600615423173,14588
4480,0.00017151057545561343,25508
4481,0.00017151300562545657,16844
4482,0.00017151411157101393,17686
4483,0.0001715148100629449,8335
4484,0.0001715171820251271,26901
4485,0.00017151852080132812,20718
4486,0.00017151946667581797,11690
4487,0.00017152087821159512,3713
4488,0.00017152591317426413,14282
4489,0.00017152694636024535,11079
4490,0.00017152821237687021,5811
4491,0.00017153099179267883,8615
4492,0.00017153681255877018,26925
4493,0.00017153788940049708,4624
4494,0.00017153802036773413,2814
4495,0.00017153883527498692,5199
4496,0.0001715413382044062,16351
4497,0.0001715420512482524,15949
4498,0.00017154384113382548,10125
4499,0.0001715468824841082,14906
4500,0.00017155197565443814,24156
4501,0.00017155494424514472,27284
4502,0.00017156335525214672,10281
4503,0.00017156385001726449,24177
4504,0.0001715654943836853,23983
4505,0.0001715680700726807,20864
4506,0.00017157236288767308,1880
4507,0.00017158106493297964,1945
4508,0.0001715880207484588,6843
4509,0.00017158944683615118,9215
4510,0.00017159445269498974,18854
4511,0.00017159726121462882,23637
4512,0.00017160038987640291,14677
4513,0.00017160038987640291,18603
4514,0.0001716010010568425,16772
4515,0.00017160657444037497,9495
4516,0.00017160769493784755,5038
4517,0.0001716088008834049,5457
4518,0.0001716094557195902,19279
4519,0.00017160957213491201,7001
4520,0.0001716174156172201,7433
4521,0.00017161817231681198,14038
4522,0.0001716189581202343,13489
4523,0.00017162601579912007,24584
4524,0.00017162863514386117,2646
4525,0.00017163087613880634,12736
4526,0.0001716321858111769,18699
4527,0.00017163765733130276,27331
4528,0.00017164256132673472,19503
4529,0.00017164298333227634,17590
4530,0.00017164410382974893,25046
4531,0.00017164481687359512,14301
4532,0.00017164548626169562,26558
4533,0.0001716488623060286,13474
4534,0.00017164908058475703,9874
4535,0.00017165458120871335,26128
4536,0.00017165555618703365,19537
4537,0.00017165750614367425,27606
4538,0.00017165754979941994,8198
4539,0.00017166872567031533,18947
4540,0.00017168016347568482,13033
4541,0.00017168151680380106,3042
4542,0.00017169033526442945,8621
4543,0.00017169742204714566,9353
4544,0.00017169750935863703,7958
4545,0.00017170391220133752,26283
4546,0.00017171032959595323,7313
4547,0.0001717122650006786,15337
4548,0.0001717146224109456,3082
4549,0.00017172291700262576,8803
4550,0.00017172959633171558,9273
4551,0.00017173009109683335,634
4552,0.00017173259402625263,26978
4553,0.00017173265223391354,20871
4554,0.00017173348169308156,4276
4555,0.00017173418018501252,25425
4556,0.00017173528613056988,1287
4557,0.00017173936066683382,1674
4558,0.00017174065578728914,5812
4559,0.00017174117965623736,2242
4560,0.00017174356617033482,2157
4561,0.00017174475942738354,12408
4562,0.0001717470440780744,23412
4563,0.00017174957611132413,7615
4564,0.00017175066750496626,23346
4565,0.00017175108951050788,7177
4566,0.00017175430548377335,2766
4567,0.00017176324035972357,21895
4568,0.0001717679260764271,4309
4569,0.00017176807159557939,14957
4570,0.0001717687991913408,12195
4571,0.0001717727427603677,6986
4572,0.00017177555128000677,15214
4573,0.0001717800769256428,18463
4574,0.0001717806444503367,23398
4575,0.0001717815757729113,13787
4576,0.0001717834238661453,16978
4577,0.0001717880368232727,1475
4578,0.0001717909035505727,228
4579,0.00017179556016344577,4794
4580,0.0001717965496936813,7045
4581,0.00017180130816996098,16279
4582,0.0001718033163342625,14587
4583,0.00017180343274958432,23754
4584,0.00017180704162456095,671
4585,0.0001718223065836355,9022
4586,0.00017182236479129642,13745
4587,0.0001718232815619558,9978
4588,0.00017182560986839235,24261
4589,0.00017182721057906747,6646
4590,0.00017183316231239587,8600
4591,0.00017184560419991612,12909
4592,0.000171846870216541,24810
4593,0.0001718469720799476,2268
4594,0.00017184704483952373,22829
4595,0.0001718522544251755,25177
4596,0.00017185363685712218,26629
4597,0.00017186182958539575,4477
4598,0.00017186401237268,23997
4599,0.00017186414333991706,6226
4600,0.00017186418699566275,21571
4601,0.0001718654966680333,7470
4602,0.00017186565673910081,23989
4603,0.0001718659623293206,4635
4604,0.00017186881450470537,13187
4605,0.00017187444609589875,8750
4606,0.00017187476623803377,5627
4607,0.00017187726916745305,5264
4608,0.00017188295896630734,7830
4609,0.00017188911442644894,25262
4610,0.00017189013306051493,13357
4611,0.00017189513891935349,22452
4612,0.00017189602658618242,21392
4613,0.00017189620120916516,11065
4614,0.00017189655045513064,5690
4615,0.0001718988351058215,7797
4616,0.00017190672224387527,10270
4617,0.00017191159713547677,13944
4618,0.00017191492952406406,9201
4619,0.00017191775259561837,13758
4620,0.00017192083760164678,6319
4621,0.00017192249651998281,13096
4622,0.00017192447558045387,10737
4623,0.00017193093663081527,20674
4624,0.00017193205712828785,23138
4625,0.00017193237727042288,21931
4626,0.00017194125393871218,17076
4627,0.00017194266547448933,2460
4628,0.00017195320106111467,9469
4629,0.0001719561987556517,1002
4630,0.00017195669352076948,21156
4631,0.00017195775581058115,15111
4632,0.0001719589054118842,25686
4633,0.0001719590654829517,1014
4634,0.00017196281987708062,27355
4635,0.00017196287808474153,25120
4636,0.00017196330009028316,17890
4637,0.00017197025590576231,27428
4638,0.00017197529086843133,11855
4639,0.00017197823035530746,21878
4640,0.00017197971465066075,25949
4641,0.00017198588466271758,4642
4642,0.00017198982823174447,18888
4643,0.00017199324793182313,16857
4644,0.00017199531430378556,12281
4645,0.00017199598369188607,14485
4646,0.00017199998546857387,11851
4647,0.0001720013387966901,7795
4648,0.00017200291040353477,15124
4649,0.00017200998263433576,21921
4650,0.00017201120499521494,23925
4651,0.0001720124710118398,26190
4652,0.00017201885930262506,19039
4653,0.00017201938317157328,11277
4654,0.0001720211876090616,15923
4655,0.00017202238086611032,5007
4656,0.00017202807066496462,17694
4657,0.00017202940944116563,5724
4658,0.00017203153402078897,20292
4659,0.00017203194147441536,8118
4660,0.00017203656898345798,12011
4661,0.0001720391446724534,6058
4662,0.00017204275354743004,15083
4663,0.00017204626055900007,8566
4664,0.0001720513973850757,2559
4665,0.00017205590847879648,24270
4666,0.00017205759650096297,10699
4667,0.00017205870244652033,12658
4668,0.00017205948824994266,761
4669,0.0001720641303109005,21829
4670,0.00017206645861733705,20081
4671,0.00017207537894137204,22519
4672,0.00017208201461471617,5628
4673,0.00017208285862579942,7498
4674,0.0001720834115985781,4985
4675,0.00017208432836923748,9763
4676,0.00017208591452799737,10355
4677,0.00017208745703101158,4321
4678,0.00017208961071446538,22127
4679,0.00017209078941959888,2606
4680,0.00017210918304044753,17036
4681,0.00017211161321029067,22724
4682,0.0001721137814456597,5809
4683,0.00017211392696481198,1039
4684,0.0001721144508337602,24504
4685,0.0001721168082440272,11155
4686,0.0001721185981296003,9576
4687,0.00017211888916790485,14421
4688,0.00017212092643603683,8491
4689,0.00017212095553986728,1677
4690,0.00017212427337653935,24213
4691,0.00017212556849699467,21483
4692,0.00017213191313203424,19267
4693,0.00017213205865118653,1837
4694,0.0001721345033729449,24721
4695,0.00017213859246112406,17401
4696,0.00017213934916071594,6659
4697,0.00017214259423781186,18262
4698,0.00017214272520504892,21724
4699,0.00017214484978467226,10560
4700,0.00017215014668181539,9743
4701,0.00017215394473169,20298
4702,0.00017215398838743567,23171
4703,0.0001721563166938722,1101
4704,0.00017216156993526965,21449
4705,0.00017216605192516,14334
4706,0.00017216912237927318,1660
4707,0.00017217409913428128,3068
4708,0.00017217443382833153,12146
4709,0.00017217535059899092,16259
4710,0.00017218096763826907,11476
4711,0.00017218172433786094,7962
4712,0.0001721864682622254,11819
4713,0.00017218668654095381,19061
4714,0.00017219425353687257,655
4715,0.00017219458823092282,9315
4716,0.00017221388407051563,25917
4717,0.000172217667568475,2362
4718,0.00017222066526301205,4078
4719,0.00017222182941623032,272
4720,0.00017222441965714097,19696
4721,0.00017222652968484908,24386
4722,0.00017222759197466075,1653
4723,0.00017223184113390744,10675
4724,0.000172234998899512,17595
4725,0.00017223789473064244,7672
4726,0.00017224262410309166,17412
4727,0.00017224563634954393,23666
4728,0.00017224568000528961,8830
4729,0.0001722474116832018,3945
4730,0.00017224957991857082,27295
4731,0.00017224971088580787,7061
4732,0.00017224979819729924,2948
4733,0.00017226206546183676,23378
4734,0.00017226400086656213,24327
4735,0.0001722653250908479,9031
4736,0.00017227133503183722,5749
4737,0.00017227997886948287,3186
4738,0.0001723016903270036,25108
4739,0.00017230387311428785,22603
4740,0.00017230388766620308,16921
4741,0.0001723040477372706,7350
4742,0.00017230749654117972,7072
4743,0.00017230802041012794,20930
4744,0.00017231189121957868,985
4745,0.000172317901160568,8370
4746,0.00017231875972356647,24411
4747,0.0001723203167784959,24212
4748,0.0001723227760521695,12174
4749,0.0001723250315990299,6218
4750,0.00017232619575224817,12827
4751,0.00017232963000424206,149
4752,0.00017233181279152632,8569
4753,0.00017233466496691108,19639
4754,0.00017234095139428973,3037
4755,0.00017234233382623643,8004
4756,0.00017234236293006688,23198
4757,0.00017234472034033388,16535
4758,0.00017235097766388208,7039
4759,0.00017235364066436887,27418
4760,0.00017235505220014602,7553
4761,0.00017235630366485566,2103
4762,0.00017238593136426061,7924
4763,0.00017238612053915858,4323
4764,0.00017238972941413522,11610
4765,0.00017239627777598798,10154
4766,0.00017239696171600372,18992
4767,0.000172400294104591,21213
4768,0.00017240647866856307,8483
4769,0.00017240786110050976,9711
4770,0.0001724091562209651,10225
4771,0.0001724146568449214,7075
4772,0.00017241810564883053,14850
4773,0.0001724195753922686,26113
4774,0.00017242073954548687,439
4775,0.0001724222966004163,20902
4776,0.00017242842295672745,23514
4777,0.00017243000911548734,983
4778,0.00017243169713765383,4762
4779,0.00017243300681002438,14150
4780,0.0001724353787722066,2528
4781,0.0001724378380458802,15432
4782,0.0001724385074339807,2122
4783,0.0001724421017570421,20170
4784,0.00017245017806999385,7450
4785,0.00017245662456844002,11355
4786,0.000172458152519539,18795
4787,0.00017245847266167402,20941
4788,0.00017246139759663492,9520
4789,0.00017246155766770244,26444
4790,0.00017246512288693339,9164
4791,0.00017246612696908414,13931
4792,0.00017246803326997906,24039
4793,0.00017246806237380952,4801
4794,0.00017246826610062271,2517
4795,0.00017247178766410798,4308
4796,0.00017247977666556835,24497
4797,0.00017248060612473637,1701
4798,0.0001724827307043597,14739
4799,0.00017248978838324547,11847
4800,0.0001724900648696348,13129
4801,0.00017250118253286928,8153
4802,0.000172506071976386,18440
4803,0.00017250911332666874,1828
4804,0.00017251069948542863,7351
4805,0.0001725142792565748,6249
4806,0.00017251484678126872,18503
4807,0.00017252564430236816,25352
4808,0.00017253057740163058,22643
4809,0.00017253326950594783,7838
4810,0.00017253657279070467,4337
4811,0.00017253734404221177,17752
4812,0.00017253850819543004,22350
4813,0.00017254031263291836,9462
4814,0.00017254092381335795,13405
4815,0.0001725426991470158,16909
4816,0.0001725456677377224,27259
4817,0.00017254722479265183,20950
4818,0.00017254737031180412,957
4819,0.00017255263810511678,18754
4820,0.00017255594138987362,27498
4821,0.00017255780403502285,18857
4822,0.0001725593174342066,22922
4823,0.00017256461433134973,2557
4824,0.0001725659822113812,5858
4825,0.00017257168656215072,5463
4826,0.00017257477156817913,18561
4827,0.0001725756737869233,11974
4828,0.00017257874424103647,10422
4829,0.00017258190200664103,6064
4830,0.00017258359002880752,175
4831,0.00017258510342799127,23179
4832,0.00017259085143450648,26837
4833,0.00017259553715121,16266
4834,0.00017259683227166533,2526
4835,0.0001725998881738633,16890
4836,0.00017260103777516633,19429
4837,0.0001726184564176947,835
4838,0.0001726184564176947,16996
4839,0.00017261900939047337,692
4840,0.00017263089830521494,26593
4841,0.0001726422196952626,23884
4842,0.00017264537746086717,11658
4843,0.00017264716734644026,13754
4844,0.00017265111091546714,4234
4845,0.0001726551417959854,15056
4846,0.00017266295617446303,26271
4847,0.0001726677583064884,17347
4848,0.00017267062503378838,26315
4849,0.00017267372459173203,7582
4850,0.00017267574730794877,11802
4851,0.0001726800255710259,3833
4852,0.00017268004012294114,5631
4853,0.00017268118972424418,27709
4854,0.00017268133524339646,2941
4855,0.00017268159717787057,16647
4856,0.0001726867485558614,18604
4857,0.00017269230738747865,9311
4858,0.00017269318050239235,13415
4859,0.00017269575619138777,7488
4860,0.00017269881209358573,25684
4861,0.0001727010094327852,10632
4862,0.00017270480748265982,25664
4863,0.00017270627722609788,17293
4864,0.00017270744137931615,10797
4865,0.00017271035176236182,16002
4866,0.00017272273544222116,23656
4867,0.00017272884724661708,11284
4868,0.0001727304479572922,4415
4869,0.00017273575940635055,5915
4870,0.0001727374183246866,480
4871,0.0001727395283523947,26981
4872,0.0001727416383801028,18021
4873,0.00017274230776820332,4274
4874,0.0001727432681946084,12069
4875,0.00017274462152272463,23566
4876,0.00017274633864872158,9952
4877,0.00017274654237553477,23334
4878,0.00017275167920161039,22606
4879,0.000172755477251485,20202
4880,0.00017276087601203471,3480
4881,0.00017276193830184639,6862
4882,0.0001727734343148768,20731
4883,0.00017277727602049708,7881
4884,0.0001727781054796651,3450
4885,0.00017278979066759348,9800
4886,0.00017279213352594525,119
4887,0.0001727924682199955,20441
4888,0.00017279393796343356,24053
4889,0.0001727946219034493,18906
4890,0.00017279510211665183,16632
4891,0.00017279761959798634,12318
4892,0.0001727980561554432,12013
4893,0.0001728112401906401,6411
4894,0.00017281256441492587,19544
4895,0.00017281269538216293,8925
4896,0.0001728148345137015,26393
4897,0.0001728190400172025,7935
4898,0.00017282014596275985,20073
4899,0.00017282171756960452,20859
4900,0.000172828120412305,16384
4901,0.00017282829503528774,4318
4902,0.00017282844055444002,12984
4903,0.0001728321221889928,14013
4904,0.00017284035857301205,6130
4905,0.00017285332432948053,15926
4906,0.00017285729700233787,16200
4907,0.0001728575734887272,6203
4908,0.00017285846115555614,7426
4909,0.00017285959620494395,6077
4910,0.00017286065849475563,21381
4911,0.00017286607180722058,25320
4912,0.00017286770162172616,17471
4913,0.00017286963702645153,21446
4914,0.00017287669470533729,7811
4915,0.0001728801871649921,3467
4916,0.0001728811184875667,3374
4917,0.00017288245726376772,21978
4918,0.00017288273375015706,24973
4919,0.00017288558592554182,10568
4920,0.00017289000970777124,22287
4921,0.0001728938368614763,1576
4922,0.00017289494280703366,4864
4923,0.00017290221876464784,2831
4924,0.00017290300456807017,16008
4925,0.00017290719551965594,16452
4926,0.00017290950927417725,1717
4927,0.00017291044059675187,12793
4928,0.00017291077529080212,12899
4929,0.0001729110663291067,23624
4930,0.0001729235373204574,2938
4931,0.00017292372649535537,10858
4932,0.00017292729171458632,19663
4933,0.00017292788834311068,7473
4934,0.00017293008568231016,23136
4935,0.00017293145356234163,19795
4936,0.0001729330251691863,2981
4937,0.00017293429118581116,4657
4938,0.00017294463759753853,8749
4939,0.00017294497229158878,22645
4940,0.00017294639837928116,6398
4941,0.00017294875578954816,8169
4942,0.00017295601719524711,1628
4943,0.00017295910220127553,5629
4944,0.00017296244914177805,17925
4945,0.00017296563601121306,7714
4946,0.00017296636360697448,4087
4947,0.0001729715004330501,11205
4948,0.00017298170132562518,8811
4949,0.00017298295279033482,10166
4950,0.00017299153842031956,7436
4951,0.0001729968498693779,11464
4952,0.00017300393665209413,23330
4953,0.00017300670151598752,583
4954,0.00017300763283856213,20490
4955,0.0001730078220134601,15486
4956,0.00017301374464295805,16653
4957,0.00017301540356129408,18374
4958,0.0001730213116388768,11074
4959,0.00017302863125223666,25128
4960,0.00017303087224718183,21370
4961,0.00017303247295785695,11689
4962,0.0001730440417304635,7567
4963,0.0001730508083710447,22946
4964,0.0001730513176880777,15637
4965,0.00017305213259533048,17565
4966,0.0001730575313558802,901
4967,0.00017305827350355685,6937
4968,0.0001730584481265396,4396
4969,0.00017306202789768577,5665
4970,0.00017306309018749744,12472
4971,0.00017306716472376138,8809
4972,0.00017307141388300806,11152
4973,0.00017307192320004106,3269
4974,0.00017307694361079484,18705
4975,0.00017308371025137603,13652
4976,0.00017308727547060698,1482
4977,0.0001730984222376719,20867
4978,0.00017309968825429678,16157
4979,0.00017310115799773484,3783
4980,0.00017310668772552162,6309
4981,0.00017310710973106325,9540
4982,0.0001731096563162282,19594
4983,0.00017311882402282208,2459
4984,0.000173119711689651,13718
4985,0.00017312564887106419,7918
4986,0.00017312754062004387,21435
4987,0.00017312890850007534,17530
4988,0.00017313346324954182,12705
4989,0.00017314308206550777,6809
4990,0.00017314456636086106,4474
4991,0.00017314731667283922,13977
4992,0.00017315513105131686,25195
4993,0.00017316662706434727,22282
4994,0.00017317692982032895,515
4995,0.00017317821038886905,25919
4996,0.00017318318714387715,19668
4997,0.00017318379832431674,4870
4998,0.00017318417667411268,9444
4999,0.00017319041944574565,13524
5000,0.00017319370817858726,15455
5001,0.0001731946540530771,24000
5002,0.00017319661856163293,7955
5003,0.00017319880134891719,21765
5004,0.00017320842016488314,17845
5005,0.00017321077757515013,11380
5006,0.00017321192717645317,8766
5007,0.0001732137898216024,824
5008,0.00017321847553830594,6921
5009,0.0001732220989651978,24232
5010,0.00017322262283414602,11608
5011,0.00017322550411336124,19883
5012,0.00017323358042631298,10228
5013,0.00017323541396763176,3153
5014,0.00017324475629720837,10303
5015,0.00017324772488791496,18614
5016,0.00017324865621048957,2060
5017,0.000173248874489218,18352
5018,0.00017325689259450883,13039
5019,0.0001732617529341951,1397
5020,0.00017326953820884228,11709
5021,0.00017326971283182502,12580
5022,0.00017327156092505902,21826
5023,0.00017327266687061638,23919
5024,0.00017327941895928234,14526
5025,0.00017327978275716305,16372
5026,0.00017328416288364679,1799
5027,0.00017329333059024066,15971
5028,0.0001732985401758924,26893
5029,0.00017330009723082185,10601
5030,0.0001733028475428,9780
5031,0.00017330644186586142,2102
5032,0.0001733068929752335,27410
5033,0.0001733070967020467,19724
5034,0.0001733178796712309,1780
5035,0.00017331806884612888,3106
5036,0.00017332140123471618,8754
5037,0.00017332755669485778,17133
5038,0.00017333005962427706,25178
5039,0.00017333563300780952,22778
5040,0.00017333883442915976,8428
5041,0.00017333980940748006,6289
5042,0.00017334191943518817,7869
5043,0.00017334333097096533,4155
5044,0.0001733437238726765,24443
5045,0.00017335687880404294,11668
5046,0.00017335718439426273,17786
5047,0.00017336102609988302,18089
5048,0.00017336182645522058,24572
5049,0.00017336916062049568,20364
5050,0.00017336945165880024,3788
5051,0.00017337012104690075,25463
5052,0.0001733753306325525,8670
5053,0.00017338931502308697,20659
5054,0.0001733986719045788,5258
5055,0.00017339925398118794,26872
5056,0.00017339953046757728,24667
5057,0.00017340019985567778,15289
5058,0.0001734092365950346,23782
5059,0.00017341329657938331,11319
5060,0.00017341630882583559,10471
5061,0.00017342259525321424,20334
5062,0.00017342690262012184,16444
5063,0.00017342779028695077,11781
5064,0.0001734295510686934,14534
5065,0.00017344111984129995,25900
5066,0.00017344603838864714,24197
5067,0.00017344609659630805,23110
5068,0.000173457563505508,4172
5069,0.00017345882952213287,6225
5070,0.00017346086679026484,17116
5071,0.00017346476670354605,7113
5072,0.00017346974345855415,18351
5073,0.00017348057008348405,9508
5074,0.0001734813122311607,25691
5075,0.00017348809342365712,27593
5076,0.00017349292465951294,20349
5077,0.00017349427798762918,7394
5078,0.0001734952675178647,20093
5079,0.0001734965480864048,6317
5080,0.00017349753761664033,8368
5081,0.00017350427515339106,17549
5082,0.00017350933921989053,8040
5083,0.00017351156566292048,15439
5084,0.0001735168043524027,10185
5085,0.00017351724090985954,21334
5086,0.00017351888527628034,14079
5087,0.00017352448776364326,9054
5088,0.0001735299447318539,14810
5089,0.00017353487783111632,24085
5090,0.0001735448167892173,23324
5091,0.00017354844021610916,25383
5092,0.00017355624004267156,7784
5093,0.0001735608821036294,1401
5094,0.0001735623663989827,9732
5095,0.00017356284661218524,14790
5096,0.000173569904291071,974
5097,0.0001735702098812908,21676
5098,0.00017357035540044308,21736
5099,0.00017359331832267344,15988
5100,0.00017359602497890592,15660
5101,0.00017359702906105667,5342
5102,0.0001735985861159861,12968
5103,0.00017361194477416575,27747
5104,0.0001736162812449038,24317
5105,0.00017361727077513933,15468
5106,0.00017362179642077535,9410
5107,0.00017362461949232966,21585
5108,0.00017362491053063422,7152
5109,0.0001736273115966469,14065
5110,0.00017362945072818547,27369
5111,0.00017362994549330324,21773
5112,0.00017364000086672604,14403
5113,0.00017364103405270725,26820
5114,0.00017364502127747983,3546
5115,0.00017365366511512548,1886
5116,0.0001736541889840737,19435
5117,0.0001736546983011067,19184
5118,0.00017366102838423103,12178
5119,0.00017366206157021224,23917
5120,0.0001736625999910757,12073
5121,0.00017366277461405843,24611
5122,0.000173664084286429,12299
5123,0.0001736654812702909,25350
5124,0.0001736655831336975,16701
5125,0.00017366644169669598,24526
5126,0.0001736669073579833,15669
5127,0.00017367200052831322,18172
5128,0.00017367616237606853,20627
5129,0.00017368713452015072,14266
5130,0.00017369531269650906,10616
5131,0.00017370001296512783,18004
5132,0.00017370314162690192,16405
5133,0.0001737190323183313,6461
5134,0.00017372166621498764,17763
5135,0.0001737328857416287,1999
5136,0.00017374004528392106,2937
5137,0.00017375480092596263,16415
5138,0.00017375506286043674,9077
5139,0.0001737569982651621,16854
5140,0.0001737600687192753,9498
5141,0.0001737612474244088,23857
5142,0.0001737619750201702,18119
5143,0.00017376261530444026,1204
5144,0.00017376411415170878,26823
5145,0.00017376690811943263,26592
5146,0.00017377396579831839,13621
5147,0.00017377498443238437,16893
5148,0.0001737771090120077,8144
5149,0.00017378179472871125,9601
5150,0.00017378486518282443,22453
5151,0.00017379512428306043,17491
5152,0.00017379970813635737,18686
5153,0.00017380101780872792,21203
5154,0.00017380855570081621,15011
5155,0.0001738091668812558,27038
5156,0.0001738092105370015,8432
5157,0.00017381703946739435,7419
5158,0.0001738183927955106,7154
5159,0.0001738240389386192,20694
5160,0.0001738300925353542,24355
5161,0.00017384483362548053,13170
5162,0.00017384860257152468,21575
5163,0.00017385222599841654,5430
5164,0.00017385355022270232,22072
5165,0.0001738543069222942,10123
5166,0.0001738556456984952,21751
5167,0.00017387034313287586,18005
5168,0.00017387037223670632,6448
5169,0.00017387124535162002,22397
5170,0.00017387901607435197,2430
5171,0.00017388130072504282,5942
5172,0.00017388506967108697,25710
5173,0.00017389128333888948,18858
5174,0.0001738933497108519,17859
5175,0.00017389361164532602,13046
5176,0.0001738940627546981,7699
5177,0.00017389464483130723,11121
5178,0.00017389605636708438,25149
5179,0.00017390090215485543,7067
5180,0.0001739046274451539,7698
5181,0.00017390602442901582,16098
5182,0.00017391159781254828,12916
5183,0.0001739116123644635,13506
5184,0.00017391538131050766,4171
5185,0.0001739159197313711,23577
5186,0.00017391711298841983,14063
5187,0.00017392536392435431,20326
5188,0.00017392923473380506,12512
5189,0.00017393006419297308,26653
5190,0.0001739307481329888,25677
5191,0.00017393409507349133,18367
5192,0.0001739348954288289,21040
5193,0.00017393533198628575,21108
5194,0.0001739363360684365,4258
5195,0.0001739384897518903,11409
5196,0.00017393978487234563,52
5197,0.00017394391761627048,7932
5198,0.0001739460276439786,11782
5199,0.00017394631868228316,7559
5200,0.00017394647875335068,20128
5201,0.00017395241593476385,26962
5202,0.00017395353643223643,27565
5203,0.00017396078328602016,7223
5204,0.00017396135081071407,26684
5205,0.00017396443581674248,18408
5206,0.00017396548355463892,4997
5207,0.00017396608018316329,19893
5208,0.00017396635666955262,4100
5209,0.00017396693874616176,4479
5210,0.00017396995099261403,7893
5211,0.0001739713188726455,21811
5212,0.00017397702322341502,27462
5213,0.00017397897318005562,1433
5214,0.00017398064665030688,8514
5215,0.00017398950876668096,19757
5216,0.0001739922008709982,84
5217,0.00017399246280547231,9945
5218,0.00017399365606252104,26774
5219,0.0001739961444400251,7427
5220,0.0001739965082379058,3983
5221,0.00017400131036993116,16626
5222,0.00017400355136487633,17484
5223,0.00017400724755134434,20715
5224,0.00017400998331140727,1611
5225,0.0001740108273224905,529
5226,0.00017401858349330723,9837
5227,0.00017402798403054476,22208
5228,0.00017402916273567826,10412
5229,0.00017403926176484674,855
5230,0.00017404147365596145,19349
5231,0.00017404727987013757,13596
5232,0.00017404812388122082,27549
5233,0.00017405224207323045,26454
5234,0.00017405518156010658,13682
5235,0.0001740586303640157,16807
5236,0.00017405951803084463,1982
5237,0.0001740608422551304,24882
5238,0.00017406221013516188,20048
5239,0.00017406258848495781,9057
5240,0.0001740649895509705,1488
5241,0.00017407005361746997,9234
5242,0.00017407139239367098,8817
5243,0.0001740787411108613,4952
5244,0.00017408601706847548,7813
5245,0.00017408620624337345,5448
5246,0.00017408649728167802,14625
5247,0.00017408798157703131,18193
5248,0.0001740890002110973,8522
5249,0.00017409255087841302,24657
5250,0.0001740937150316313,20854
5251,0.00017409466090612113,27528
5252,0.00017409655265510082,13310
5253,0.0001741094165481627,2955
5254,0.00017411125008948147,15462
5255,0.0001741116284392774,22570
5256,0.00017411561566404998,10850
5257,0.000174123837496154,13983
5258,0.00017412618035450578,7111
5259,0.00017412858142051846,21902
5260,0.00017413063324056566,17233
5261,0.00017413237947039306,26554
5262,0.00017413515888620168,5147
5263,0.00017414103785995394,20273
5264,0.00017414941976312548,930
5265,0.00017415022011846304,12847
5266,0.00017415409092791378,18988
5267,0.00017415551701560616,22092
5268,0.0001741570158628747,22849
5269,0.00017416392802260816,10928
5270,0.00017416560149285942,8661
5271,0.0001741712330840528,25250
5272,0.00017417134949937463,1953
5273,0.00017417293565813452,8597
5274,0.00017417639901395887,5947
5275,0.0001741780579322949,3293
5276,0.00017417829076293856,2612
5277,0.00017418965580873191,20732
5278,0.0001741907763062045,15778
5279,0.0001741918531479314,15209
5280,0.00017420195217709988,27758
5281,0.00017420716176275164,833
5282,0.00017420997028239071,19431
5283,0.00017421248776372522,11483
5284,0.00017421301163267344,14572
5285,0.0001742174063110724,9362
5286,0.00017421843949705362,12352
5287,0.00017422139353584498,4630
5288,0.0001742238673614338,23893
5289,0.00017423108511138707,16752
5290,0.00017423272947780788,388
5291,0.00017423393728677183,24427
5292,0.0001742340682540089,2208
5293,0.0001742374588502571,20335
5294,0.00017423908866476268,9678
5295,0.0001742460735840723,306
5296,0.0001742462336551398,5888
5297,0.00017425150144845247,5050
5298,0.0001742523891152814,16410
5299,0.00017425353871658444,22727
5300,0.00017425989790353924,1706
5301,0.00017426144040655345,15720
5302,0.00017426534031983465,21710
5303,0.0001742727035889402,1884
5304,0.00017428128921892494,3430
5305,0.0001742823515087366,20137
5306,0.00017428382125217468,18661
5307,0.0001742887106956914,6022
5308,0.00017429082072339952,1588
5309,0.00017429247964173555,15868
5310,0.00017429262516088784,2620
5311,0.00017429262516088784,26235
5312,0.00017429955187253654,24831
5313,0.00017430751177016646,27451
5314,0.00017431465676054358,27456
5315,0.0001743152242852375,5214
5316,0.00017431730520911515,2107
5317,0.00017432028835173696,21261
5318,0.00017432459571864456,15589
5319,0.0001743272296153009,14905
5320,0.00017432744789402932,926
5321,0.00017432752065360546,12239
5322,0.00017432883032597601,8336
5323,0.0001743312895996496,13217
5324,0.00017433406901545823,11334
5325,0.00017433568427804857,18323
5326,0.00017433680477552116,11347
5327,0.000174346161657013,17188
5328,0.00017434915935155004,25173
5329,0.00017435186600778252,8426
5330,0.00017436569032724947,7542
5331,0.0001743691973388195,18944
5332,0.00017437085625715554,20388
5333,0.0001743746397551149,6138
5334,0.00017437485803384334,11918
5335,0.00017437670612707734,2952
5336,0.00017437932547181845,15228
5337,0.00017438404029235244,1898
5338,0.00017438466602470726,23752
5339,0.0001743860775604844,3337
5340,0.00017438775103073567,197
5341,0.00017439865041524172,17838
5342,0.00017440236115362495,7106
5343,0.00017440621741116047,24915
5344,0.00017440755618736148,9064
5345,0.00017440873489249498,20923
5346,0.00017441163072362542,19384
5347,0.00017441684030927718,6329
5348,0.00017441759700886905,7410
5349,0.0001744191104080528,25372
5350,0.00017442381067667156,14757
5351,0.00017442638636566699,2110
5352,0.00017443062097299844,2767
5353,0.00017443791148252785,18200
5354,0.00017443860997445881,2672
5355,0.00017443958495277911,27030
5356,0.0001744406035868451,15585
5357,0.0001744429609971121,9617
5358,0.00017444926197640598,20461
5359,0.00017445080447942019,22792
5360,0.00017445185221731663,20285
5361,0.00017445371486246586,25396
5362,0.00017446336278226227,890
5363,0.000174465385498479,17433
5364,0.00017446873243898153,11456
5365,0.00017447301070205867,7082
5366,0.00017447762365918607,3363
5367,0.0001744842011248693,16027
5368,0.00017448638391215354,24684
5369,0.0001744871260598302,10294
5370,0.0001744883047649637,3812
5371,0.00017449198639951646,3988
5372,0.00017449755978304893,12295
5373,0.00017449776350986212,25578
5374,0.00017451579333283007,1530
5375,0.00017451925668865442,106
5376,0.0001745210465742275,17351
5377,0.00017452840984333307,9010
5378,0.00017453051987104118,3488
5379,0.00017453308100812137,6
5380,0.00017453482723794878,9194
5381,0.00017453855252824724,20488
5382,0.00017454815679229796,5583
5383,0.0001745481713442132,14401
5384,0.00017454857879783958,2426
5385,0.00017454908811487257,7495
5386,0.00017455531633459032,7071
5387,0.00017455632041674107,25583
5388,0.00017455773195251822,1672
5389,0.000174565619090572,23670
5390,0.00017456809291616082,23354
5391,0.00017457047943025827,9288
5392,0.0001745799818309024,4855
5393,0.0001745839399518445,20511
5394,0.00017458484217058867,13137
5395,0.00017458631191402674,9551
5396,0.00017458682123105973,23322
5397,0.00017458909132983536,6162
5398,0.00017459037189837545,20022
5399,0.00017459181253798306,4682
5400,0.0001745924964779988,3741
5401,0.00017459713853895664,20601
5402,0.00017459751688875258,7007
5403,0.00017459961236454546,23809
5404,0.0001746023481246084,20206
5405,0.00017460575327277184,22888
5406,0.00017461233073845506,562
5407,0.00017461493553128093,26807
5408,0.0001746179477777332,24615
5409,0.00017462397227063775,6649
5410,0.00017463108815718442,13798
5411,0.00017463350377511233,5294
5412,0.00017464350094087422,17385
5413,0.0001746512425597757,26477
5414,0.00017465717974118888,14769
5415,0.00017465997370891273,15653
5416,0.00017466754070483148,24894
5417,0.00017467225552536547,11753
5418,0.00017467665020376444,26806
5419,0.00017467860016040504,1438
5420,0.00017467864381615072,23901
5421,0.00017467944417148829,15189
5422,0.00017468164151068777,8283
5423,0.00017469038721174002,6305
5424,0.00017469179874751717,728
5425,0.00017469578597228974,6808
5426,0.00017469603335484862,13179
5427,0.00017469606245867908,6128
5428,0.00017469831800553948,22359
5429,0.00017469948215875775,3453
5430,0.00017470175225753337,13705
5431,0.00017470913007855415,1324
5432,0.00017471291357651353,22517
5433,0.00017471906903665513,6624
5434,0.00017471924365963787,22412
5435,0.00017472796025685966,23373
5436,0.00017473127809353173,16799
5437,0.00017473202024120837,5543
5438,0.00017473558546043932,24514
5439,0.0001747375208651647,6090
5440,0.0001747390633681789,10168
5441,0.00017474027117714286,4688
5442,0.00017474166816100478,19416
5443,0.00017474689229857177,8929
5444,0.00017474745982326567,15362
5445,0.00017475217464379966,25277
5446,0.00017475242202635854,13297
5447,0.00017475416825618595,7842
5448,0.0001747548667481169,26125
5449,0.00017475918866693974,19330
5450,0.00017475946515332907,13569
5451,0.00017475985805504024,15666
5452,0.0001747612695908174,16121
5453,0.00017476288485340774,14197
5454,0.00017476489301770926,2016
5455,0.0001747661444824189,7091
5456,0.00017476662469562143,18768
5457,0.00017477550136391073,24895
5458,0.0001747755304677412,15667
5459,0.00017477628716733307,12603
5460,0.00017477672372478992,11779
5461,0.00017477732035331428,21403
5462,0.00017477806250099093,3691
5463,0.00017478175868745893,5397
5464,0.00017478298104833812,4655
5465,0.0001747833302943036,19193
5466,0.00017478340305387974,10245
5467,0.00017478855443187058,22313
5468,0.0001747894420986995,1470
5469,0.00017479427333455533,22831
5470,0.00017479430243838578,2802
5471,0.00017479459347669035,2088
5472,0.00017479470989201218,10877
5473,0.00017479670350439847,24132
5474,0.00017479945381637663,8104
5475,0.00017480064707342535,9818
5476,0.00017480309179518372,20531
5477,0.00017481758550275117,6524
5478,0.00017482171824667603,24392
5479,0.00017482327530160546,20384
5480,0.0001748268841765821,6693
5481,0.0001748410431900993,19638
5482,0.00017484399722889066,7510
5483,0.00017485021089669317,23631
5484,0.00017485878197476268,10718
5485,0.00017486230353824794,24160
5486,0.00017487032164353877,15447
5487,0.0001748770009726286,16955
5488,0.00017487743753008544,3815
5489,0.00017487845616415143,19972
5490,0.00017487857257947326,24852
5491,0.00017487899458501488,3454
5492,0.00017488165758550167,6195
5493,0.00017488519370090216,7629
5494,0.00017488708544988185,20762
5495,0.00017488883167970926,27517
5496,0.00017488891899120063,22078
5497,0.00017488996672909707,19749
5498,0.00017489041783846915,13004
5499,0.0001748911599861458,3589
5500,0.00017489265883341432,20614
5501,0.0001748939830577001,4982
5502,0.0001748946524458006,9202
5503,0.00017490307800471783,12241
5504,0.00017490524624008685,7648
5505,0.00017490556638222188,27514
5506,0.0001749063521856442,26705
5507,0.00017490914615336806,24361
5508,0.00017490985919721425,10652
5509,0.0001749121438479051,12252
5510,0.00017491307517047971,25367
5511,0.0001749207149259746,11572
5512,0.00017492331971880049,9350
5513,0.00017492700135335326,15612
5514,0.00017492719052825123,25768
5515,0.0001749294315231964,9250
5516,0.00017492944607511163,16539
5517,0.00017493308405391872,13947
5518,0.00017493336054030806,610
5519,0.00017493664927314967,13916
5520,0.0001749372750055045,1254
5521,0.0001749426155583933,21879
5522,0.00017494270286988467,17237
5523,0.00017494916392024606,5856
5524,0.00017495188512839377,23691
5525,0.0001749525690684095,9040
5526,0.00017496160580776632,25338
5527,0.0001749688817653805,20111
5528,0.00017497010412625968,11519
5529,0.00017497027874924242,10181
5530,0.0001749750372255221,14635
5531,0.0001749786752043292,1234
5532,0.0001749808870954439,933
5533,0.00017498095985502005,22796
5534,0.00017498533998150378,17639
5535,0.0001749887887854129,6580
5536,0.00017499110253993422,25987
5537,0.00017499265959486365,14832
5538,0.00017499922250863165,19255
5539,0.0001750023220665753,3089
5540,0.00017500328249298036,15249
5541,0.00017501122783869505,2844
5542,0.00017501138790976256,11378
5543,0.0001750132068991661,25601
5544,0.00017501501133665442,20725
5545,0.00017501827096566558,7814
5546,0.00017502620175946504,7708
5547,0.0001750284427544102,15756
5548,0.00017503165872767568,12144
5549,0.00017503242997918278,17745
5550,0.0001750333176460117,6091
5551,0.00017503711569588631,25745
5552,0.00017503798881080002,24740
5553,0.0001750382361933589,14879
5554,0.00017503940034657717,8391
5555,0.00017504113202448934,19295
5556,0.00017504155403003097,13668
5557,0.00017504171410109848,18443
5558,0.00017504827701486647,26782
5559,0.00017504909192211926,5715
5560,0.00017505527648609132,23915
5561,0.00017505574214737862,5730
5562,0.00017505812866147608,22897
5563,0.0001750607625581324,22473
5564,0.00017506134463474154,19981
5565,0.00017506755830254406,10778
5566,0.000175068445969373,20519
5567,0.00017506846052128822,13145
5568,0.00017507310258224607,436
5569,0.00017507612938061357,12262
5570,0.00017507716256659478,26047
5571,0.00017508084420114756,10397
5572,0.00017508251767139882,2716
5573,0.00017508889141026884,12508
5574,0.0001750981027726084,27220
5575,0.00017510245379526168,22582
5576,0.00017511386249680072,20058
5577,0.00017511445912532508,10271
5578,0.00017511850455775857,5700
5579,0.00017511981423012912,18517
5580,0.00017512326303403825,6183
5581,0.00017512343765702099,27394
5582,0.00017512620252091438,14571
5583,0.00017512685735709965,14714
5584,0.00017512690101284534,8398
5585,0.0001751317031448707,20585
5586,0.00017513323109596968,13865
5587,0.00017513363854959607,2299
5588,0.0001751391973812133,16409
5589,0.00017513945931568742,14944
5590,0.0001751397066982463,11805
5591,0.0001751397066982463,24333
5592,0.00017514516366645694,16097
5593,0.00017514810315333307,14139
5594,0.000175150838913396,9582
5595,0.00017515537911094725,9188
5596,0.00017515788204036653,26612
5597,0.00017515814397484064,2498
5598,0.00017516405205242336,22314
5599,0.0001751709933159873,693
5600,0.00017517359810881317,23593
5601,0.00017517390369903296,1766
5602,0.00017517762898933142,25389
5603,0.00017518133972771466,13412
5604,0.000175183464307338,14564
5605,0.00017519436369184405,9163
5606,0.00017519437824375927,11491
5607,0.00017519471293780953,9048
5608,0.00017519509128760546,22558
5609,0.00017520214896649122,25114
5610,0.0001752049574861303,26613
5611,0.00017520530673209578,10587
5612,0.00017520530673209578,13825
5613,0.00017520601977594197,25158
5614,0.00017520648543722928,13226
5615,0.00017520847904961556,4351
5616,0.00017521143308840692,9269
5617,0.0001752156240399927,14492
5618,0.00017521651170682162,19196
5619,0.0001752166572259739,24502
5620,0.00017521956760901958,18962
5621,0.00017522007692605257,6075
5622,0.0001752202515490353,4161
5623,0.00017523350834380835,6628
5624,0.00017523531278129667,12160
5625,0.00017523736460134387,14179
5626,0.00017523828137200326,20377
5627,0.00017523927090223879,26508
5628,0.00017524331633467227,6905
5629,0.00017524670693092048,23688
5630,0.0001752508251229301,22581
5631,0.0001752546231728047,8996
5632,0.0001752567768562585,1840
5633,0.0001752569805830717,662
5634,0.00017525855218991637,13448
5635,0.00017526565352454782,11835
5636,0.0001752662647049874,2464
5637,0.0001752672833390534,19311
5638,0.00017526854935567826,17882
5639,0.0001752698008203879,5389
5640,0.00017527202726341784,1732
5641,0.00017527316231280565,8704
5642,0.00017527880845591426,12186
5643,0.00017528624448459595,25307
5644,0.00017528854368720204,15142
5645,0.00017529225442558527,16295
5646,0.00017529439355712384,8768
5647,0.0001752968819346279,22819
5648,0.00017529752221889794,24716
5649,0.00017530085460748523,2792
5650,0.00017530322656966746,16299
5651,0.00017530597688164562,13204
5652,0.00017531233606860042,26875
5653,0.00017531256889924407,8800
5654,0.00017531496996525675,14181
5655,0.00017531849152874202,6518
5656,0.00017532128549646586,15329
5657,0.00017532383208163083,10597
5658,0.0001753238757373765,14822
5659,0.0001753247925080359,9205
5660,0.00017532834317535162,15409
5661,0.00017533010395709425,6498
5662,0.00017533382924739271,12840
5663,0.00017533509526401758,10400
5664,0.0001753353571984917,15211
5665,0.00017533892241772264,15403
5666,0.00017534002836328,373
5667,0.00017534584912937135,5821
5668,0.00017534778453409672,11178
5669,0.0001753483957145363,24432
5670,0.0001753502438077703,22451
5671,0.00017535092774778605,2448
5672,0.00017535215010866523,17269
5673,0.00017535293591208756,26944
5674,0.00017535590450279415,24277
5675,0.00017535754886921495,9011
5676,0.00017535955703351647,18186
5677,0.00017536400991957635,24863
5678,0.00017536820087116212,3191
5679,0.0001753690594341606,8318
5680,0.00017536967061460018,4883
5681,0.0001753698888933286,1631
5682,0.0001753757387632504,21559
5683,0.00017537651001475751,17437
5684,0.00017538777319714427,5467
5685,0.00017539053806103766,23273
5686,0.0001753990218276158,3786
5687,0.0001753995311446488,11210
5688,0.00017540286353323609,12413
5689,0.00017540351836942136,8608
5690,0.00017540458065923303,5532
5691,0.0001754124677972868,11237
5692,0.00017541693523526192,21380
5693,0.00017541849229019135,24271
5694,0.00017542853311169893,20112
5695,0.0001754322584019974,26732
5696,0.00017544106231071055,13549
5697,0.00017544925503898412,5395
5698,0.0001754503755364567,9144
5699,0.00017545082664582878,8899
5700,0.0001754609984345734,6977
5701,0.0001754622790031135,8137
5702,0.00017546405433677137,24190
5703,0.00017546419985592365,2266
5704,0.00017547265451867133,12498
5705,0.00017547457537148148,14886
5706,0.00017547669995110482,6145
5707,0.00017547915922477841,19788
5708,0.0001754818222252652,14303
5709,0.00017548348114360124,21657
5710,0.0001754847908159718,7656
5711,0.00017548665346112102,24465
5712,0.00017548937466926873,17078
5713,0.00017549085896462202,6990
5714,0.00017549173207953572,3195
5715,0.00017549544281791896,5183
5716,0.00017550343181937933,5985
5717,0.00017551479686517268,4198
5718,0.0001755181438056752,5439
5719,0.00017553118232171983,7271
5720,0.00017553176439832896,743
5721,0.00017553303041495383,946
5722,0.00017553519865032285,8903
5723,0.0001755370176397264,18744
5724,0.00017553893849253654,21830
5725,0.0001755449629854411,8980
5726,0.0001755498960847035,21418
5727,0.00017555033264216036,22529
5728,0.00017555135127622634,5166
5729,0.000175552413566038,15244
5730,0.00017555654630996287,12662
5731,0.00017555835074745119,425
5732,0.00017555843805894256,19091
5733,0.00017556393868289888,4599
5734,0.00017556510283611715,4575
5735,0.00017556606326252222,5341
5736,0.00017556690727360547,4518
5737,0.0001755673292791471,7491
5738,0.000175574779859744,15385
5739,0.00017557854880578816,6137
5740,0.00017558371473569423,14831
5741,0.00017558789113536477,6450
5742,0.00017558994295541197,13430
5743,0.00017559084517415613,16674
5744,0.00017559087427798659,10234
5745,0.00017559943080414087,17085
5746,0.00017559959087520838,1620
5747,0.0001756004785420373,24115
5748,0.00017560611013323069,23942
5749,0.0001756122219376266,19866
5750,0.00017561450658831745,13673
5751,0.00017561584536451846,7913
5752,0.00017562374705448747,20935
5753,0.00017562413995619863,16938
5754,0.00017562673019710928,2753
5755,0.00017563439905643463,7835
5756,0.0001756347483024001,6769
5757,0.00017563518485985696,19087
5758,0.0001756352576194331,15120
5759,0.0001756383862812072,18609
5760,0.00017564493464305997,17813
5761,0.00017564580775797367,4466
5762,0.00017565360758453608,12484
5763,0.00017565397138241678,3961
5764,0.0001756576675688848,26016
5765,0.00017566457972861826,3897
5766,0.000175667111761868,7453
5767,0.00017568028124514967,27655
5768,0.00017568704788573086,25700
5769,0.0001756887650117278,21668
5770,0.00017569525516591966,6262
5771,0.00017569529882166535,25538
5772,0.00017570059571880847,27429
5773,0.0001757014251779765,22863
5774,0.00017570641648489982,7303
5775,0.00017570766794960946,19300
5776,0.00017570894851814955,21896
5777,0.000175709996256046,10937
5778,0.00017571024363860488,17015
5779,0.0001757110730977729,3059
5780,0.0001757175341481343,23918
5781,0.00017571898933965713,584
5782,0.00017573268269188702,10211
5783,0.00017573541845194995,21186
5784,0.00017573556397110224,24932
5785,0.00017573891091160476,5813
5786,0.00017574324738234282,24966
5787,0.00017574666708242148,25403
5788,0.0001757466816343367,21528
5789,0.00017574882076587528,7400
5790,0.00017575071251485497,5585
5791,0.00017575282254256308,23879
5792,0.0001757530408212915,5988
5793,0.0001757561694830656,1095
5794,0.00017575874517206103,9402
5795,0.00017576183017808944,7732
5796,0.00017576610844116658,24127
5797,0.00017576856771484017,4142
5798,0.00017577495600562543,14703
5799,0.00017577606195118278,22984
5800,0.00017577616381458938,22415
5801,0.00017577645485289395,11583
5802,0.00017577916150912642,14862
5803,0.00017578252300154418,22806
5804,0.0001757830468704924,18919
5805,0.00017578619008418173,17746
5806,0.0001757875143084675,12058
5807,0.00017578846018295735,18458
5808,0.00017579103587195277,9252
5809,0.00017579169070813805,4614
5810,0.0001757978170644492,7477
5811,0.0001758011057972908,19921
5812,0.0001758040743879974,14316
5813,0.00017580451094545424,5267
5814,0.0001758049038471654,6285
5815,0.00017580868734512478,8116
5816,0.00017580976418685168,14960
5817,0.00017582009604666382,19320
5818,0.00017582043074071407,5059
5819,0.00017582050350029022,13861
5820,0.00017582446162123233,25377
5821,0.00017583293083589524,9880
5822,0.00017583378939889371,2582
5823,0.00017583651060704142,10087
5824,0.00017583710723556578,63
5825,0.00017583725275471807,512
5826,0.00017584391753189266,17935
5827,0.00017584755551069975,14650
5828,0.00017584960733074695,21056
5829,0.0001758507132763043,25341
5830,0.00017585355089977384,9993
5831,0.00017585459863767028,12924
5832,0.0001758571743266657,2420
5833,0.00017586279136594385,4698
5834,0.00017586331523489207,15230
5835,0.00017586366448085755,17235
5836,0.00017586536705493927,5765
5837,0.00017586549802217633,16151
5838,0.00017587003821972758,4245
5839,0.00017587481124792248,12282
5840,0.00017587587353773415,7176
5841,0.00017587983165867627,19188
5842,0.00017588623450137675,9632
5843,0.00017588921764399856,4780
5844,0.00017589326307643205,13200
5845,0.00017589956405572593,25023
5846,0.00017590195056982338,11630
5847,0.00017590666539035738,3972
5848,0.00017590732022654265,26716
5849,0.00017590876086615026,9951
5850,0.0001759098086040467,1500
5851,0.00017591079813428223,22940
5852,0.0001759118604240939,24047
5853,0.0001759139558998868,14153
5854,0.00017591708456166089,2993
5855,0.0001759189908625558,10279
5856,0.00017592044605407864,22115
5857,0.0001759217120707035,8586
5858,0.0001759244769345969,1137
5859,0.00017592511721886694,5713
5860,0.00017592654330655932,6971
5861,0.00017593051597941667,23505
5862,0.0001759363804012537,2352
5863,0.0001759404840413481,135
5864,0.000175940542249009,20429
5865,0.00017594214295968413,26501
5866,0.0001759424339979887,13235
5867,0.0001759436709107831,26694
5868,0.0001759510487318039,14050
5869,0.00017595692770555615,16682
5870,0.000175961060449481,23024
5871,0.0001759637234499678,27406
5872,0.00017596407269593328,17909
5873,0.00017596629913896322,3100
5874,0.0001759704464348033,21916
5875,0.0001759714214131236,24462
5876,0.00017597406986169517,10062
5877,0.00017597817350178957,27061
5878,0.00017598217527847737,13522
5879,0.00017598462000023574,1591
5880,0.0001759876759024337,9457
5881,0.00017599531565792859,6255
5882,0.00017599531565792859,25041
5883,0.0001759976294124499,22003
5884,0.00017600017599761486,10179
5885,0.00017600294086150825,19072
5886,0.00017600797582417727,7689
5887,0.00017601485888008028,20263
5888,0.00017601547006051987,26799
5889,0.00017601557192392647,14406
5890,0.0001760155864758417,10187
5891,0.00017601868603378534,14224
5892,0.000176018918864429,2602
5893,0.00017602169828023762,11895
5894,0.00017602744628675282,22244
5895,0.00017602895968593657,23878
5896,0.00017603560991119593,4755
5897,0.00017604013555683196,10370
5898,0.0001760472950991243,12014
5899,0.0001760503655532375,4918
5900,0.00017605253378860652,7318
5901,0.00017605422181077302,23494
5902,0.00017605922766961157,1822
5903,0.00017606136680115014,17025
5904,0.00017606183246243745,11960
5905,0.00017606870096642524,13543
5906,0.00017607046174816787,6409
5907,0.00017607214977033436,2913
5908,0.0001760778104653582,25154
5909,0.00017607802874408662,26787
5910,0.00017607872723601758,13483
5911,0.00017608306370675564,6863
5912,0.0001760856539476663,6552
5913,0.0001760867307893932,14881
5914,0.00017608767666388303,4207
5915,0.0001760885352268815,16518
5916,0.00017608988855499774,18044
5917,0.00017609169299248606,5443
5918,0.0001760943268891424,16505
5919,0.0001760950544849038,26155
5920,0.0001760953018674627,4764
5921,0.00017609650967642665,886
5922,0.00017609665519557893,4136
5923,0.0001760973100317642,9853
5924,0.00017609825590625405,7733
5925,0.00017609949281904846,1259
5926,0.00017610297072678804,1448
5927,0.00017610697250347584,26197
5928,0.00017610841314308345,13210
5929,0.00017610893701203167,15253
5930,0.00017610959184821695,24926
5931,0.00017611388466320932,25270
5932,0.00017611456860322505,26148
5933,0.00017611810471862555,26449
5934,0.00017611916700843722,21706
5935,0.00017612036026548594,14760
5936,0.00017612086958251894,4958
5937,0.00017612188821658492,27786
5938,0.00017612308147363365,12785
5939,0.00017612440569791943,15567
5940,0.00017612673400435597,12821
5941,0.0001761278253979981,788
5942,0.00017612990632187575,16455
5943,0.00017613083764445037,5571
5944,0.00017613083764445037,11245
5945,0.0001761327584972605,4911
5946,0.0001761348539730534,5534
5947,0.00017613492673262954,19252
5948,0.0001761370076565072,16102
5949,0.0001761391176842153,27319
5950,0.00017614553507883102,23408
5951,0.00017615051183383912,6520
5952,0.00017615097749512643,19242
5953,0.00017615304386708885,24883
5954,0.00017615540127735585,13734
5955,0.00017615867545828223,3526
5956,0.0001761684543453157,17344
5957,0.0001761686580721289,21843
5958,0.00017617100093048066,1411
5959,0.00017617100093048066,23166
5960,0.0001761746680131182,26060
5961,0.00017617539560887963,20800
5962,0.00017617541016079485,26414
5963,0.00017618254059925675,24237
5964,0.00017618428682908416,3685
5965,0.00017619537538848817,25823
5966,0.00017619942082092166,8771
5967,0.00017620444123167545,22285
5968,0.00017620556172914803,9138
5969,0.00017620623111724854,1511
5970,0.00017621100414544344,18050
5971,0.00017621110600885004,11627
5972,0.00017621350707486272,6546
5973,0.0001762177562341094,5383
5974,0.00017621972074266523,12941
5975,0.00017622461018618196,1499
5976,0.00017622538143768907,27188
5977,0.00017622628365643322,11499
5978,0.00017622802988626063,7858
5979,0.00017623096937313676,8936
5980,0.00017623332678340375,6483
5981,0.00017623613530304283,11801
5982,0.00017623779422137886,15400
5983,0.00017623865278437734,4167
5984,0.00017623938038013875,5677
5985,0.0001762394531397149,203
5986,0.0001762404281180352,19273
5987,0.0001762469910318032,13572
5988,0.00017624742758926004,15703
5989,0.00017624958127271384,10115
5990,0.00017625016334932297,14606
5991,0.00017625131295062602,1067
5992,0.00017625170585233718,27294
5993,0.00017625224427320063,11366
5994,0.00017625362670514733,17469
5995,0.00017625911277718842,13921
5996,0.00017625979671720415,19135
5997,0.00017626291082706302,21339
5998,0.00017626589396968484,6785
5999,0.00017627330089453608,23318
6000,0.00017627548368182033,23813
6001,0.00017627785564400256,14268
6002,0.0001762828032951802,19605
6003,0.00017628686327952892,24986
6004,0.00017628743080422282,22660
6005,0.00017628826026339084,7054
6006,0.00017629293142817914,13907
6007,0.00017629374633543193,9407
6008,0.00017629817011766136,14892
6009,0.00017629863577894866,14592
6010,0.00017629949434194714,7265
6011,0.000176303627085872,10733
6012,0.00017630442744120955,5205
6013,0.00017630461661610752,22955
6014,0.0001763111649779603,3829
6015,0.00017631170339882374,19204
6016,0.0001763167092576623,10838
6017,0.00017631752416491508,1282
6018,0.00017632108938414603,10302
6019,0.0001763242471497506,5825
6020,0.00017632929666433483,5953
6021,0.00017635131371207535,4390
6022,0.0001763518957886845,21509
6023,0.00017635663971304893,8674
6024,0.00017635771655477583,12205
6025,0.0001763587788445875,3181
6026,0.00017636443953961134,24187
6027,0.0001763664186000824,15297
6028,0.00017636730626691133,27769
6029,0.0001763677573762834,15957
6030,0.00017636817938182503,27316
6031,0.0001763682084856555,16457
6032,0.0001763733453117311,13295
6033,0.00017638035933487117,11604
6034,0.0001763891486916691,5053
6035,0.00017639494035393,1053
6036,0.00017639902944210917,8431
6037,0.00017640736768953502,683
6038,0.00017641403246670961,24417
6039,0.00017642024613451213,2260
6040,0.00017642109014559537,15197
6041,0.00017642116290517151,13240
6042,0.00017642168677411973,13321
6043,0.00017642404418438673,25085
6044,0.0001764319313224405,2545
6045,0.00017643923638388515,14348
6046,0.00017644271429162472,12593
6047,0.00017644309264142066,6576
6048,0.00017644313629716635,19695
6049,0.0001764431654009968,1683
6050,0.00017644328181631863,10008
6051,0.00017644379113335162,7124
6052,0.00017645340994931757,26196
6053,0.00017645354091655463,5957
6054,0.00017645591287873685,16802
6055,0.00017645725165493786,20407
6056,0.0001764588087098673,22088
6057,0.0001764588669175282,12986
6058,0.00017646120977587998,8229
6059,0.0001764702028594911,5298
6060,0.00017647403001319617,20076
6061,0.00017647529602982104,8425
6062,0.00017647584900259972,20652
6063,0.00017647673666942865,40
6064,0.00017647894856054336,658
6065,0.00017648062203079462,17907
6066,0.0001764813787303865,25473
6067,0.00017649029905442148,24496
6068,0.00017649134679231793,19393
6069,0.0001764944172464311,5986
6070,0.0001765014894772321,21277
6071,0.00017651535745244473,6434
6072,0.00017651679809205234,7044
6073,0.0001765172928571701,8296
6074,0.00017652075621299446,5422
6075,0.0001765255437931046,6037
6076,0.00017652566020842642,19153
6077,0.00017652740643825382,1409
6078,0.00017652825044933707,10198
6079,0.00017652875976637006,19076
6080,0.0001765295455697924,14089
6081,0.00017653318354859948,22004
6082,0.00017653967370279133,23638
6083,0.00017654223483987153,20191
6084,0.00017654245311859995,7460
6085,0.00017654352996032685,25630
6086,0.0001765447814250365,24429
6087,0.00017654518887866288,3052
6088,0.0001765463821357116,20400
6089,0.00017655242118053138,1250
6090,0.00017655373085290194,24437
6091,0.00017656142881605774,22181
6092,0.00017656326235737652,13688
6093,0.00017656691488809884,20319
6094,0.00017656944692134857,10633
6095,0.0001765724882716313,20910
6096,0.00017657518037594855,19262
6097,0.00017657769785728306,24322
6098,0.00017657947319094092,2677
6099,0.00017658127762842923,2926
6100,0.0001765861379681155,8047
6101,0.00017658637079875916,26025
6102,0.00017658704018685967,393
6103,0.00017658832075539976,9728
6104,0.00017659102741163224,2515
6105,0.00017659791046753526,3409
6106,0.00017660140292719007,6085
6107,0.00017660287267062813,17429
6108,0.00017660355661064386,6532
6109,0.00017661914171185344,21772
6110,0.00017661941819824278,20186
6111,0.00017662202299106866,3035
6112,0.0001766312780091539,5499
6113,0.0001766317436704412,20151
6114,0.00017663191829342395,10023
6115,0.00017663431935943663,21342
6116,0.0001766350178513676,10175
6117,0.0001766360946930945,18361
6118,0.0001766430214047432,1090
6119,0.00017664741608314216,25840
6120,0.00017664914776105434,10844
6121,0.00017664970073383301,4452
6122,0.0001766534405760467,23737
6123,0.00017665789346210659,11640
6124,0.00017665926134213805,10840
6125,0.0001766594941727817,10811
6126,0.00017666131316218525,19268
6127,0.00017666394705884159,22080
6128,0.0001766673376550898,4580
6129,0.00017667592328507453,1046
6130,0.00017668024520389736,27063
6131,0.00017668312648311257,6979
6132,0.0001766867790138349,9431
6133,0.00017668887448962778,10630
6134,0.00017668926739133894,7605
6135,0.00017669126100372523,6911
6136,0.00017669422959443182,1316
6137,0.0001766966888681054,23841
6138,0.00017669753287918866,24794
6139,0.00017669923545327038,20180
6140,0.00017670562374405563,14205
6141,0.00017670654051471502,15346
6142,0.00017670662782620639,27446
6143,0.00017670675879344344,966
6144,0.00017670722445473075,22265
6145,0.0001767073554219678,13021
6146,0.00017670818488113582,8364
6147,0.00017672077228780836,27296
6148,0.00017672539979685098,23703
6149,0.0001767270005075261,12843
6150,0.00017673194815870374,20421
6151,0.000176734640263021,1303
6152,0.00017673513502813876,61
6153,0.00017673552792984992,9577
6154,0.00017674113041721284,16722
6155,0.00017674161063041538,21480
6156,0.00017674452101346105,15319
6157,0.00017676025163382292,1613
6158,0.0001767620851751417,21496
6159,0.00017676233255770057,19205
6160,0.00017676538845989853,22399
6161,0.0001767660432960838,6470
6162,0.00017676955030765384,702
6163,0.00017677016148809344,2467
6164,0.00017677051073405892,26661
6165,0.00017677148571237922,27626
6166,0.00017677339201327413,20822
6167,0.00017677436699159443,24942
6168,0.00017677756841294467,8161
6169,0.00017677769938018173,11098
6170,0.00017677874711807817,17777
6171,0.00017678165750112385,16441
6172,0.00017678311269264668,6815
6173,0.00017678487347438931,686
6174,0.00017678711446933448,14358
6175,0.00017679868324194103,1278
6176,0.00017680319433566183,21393
6177,0.00017681787721812725,4932
6178,0.0001768196525517851,21095
6179,0.000176820729393512,15201
6180,0.00017683501937426627,20730
6181,0.00017683612531982362,6954
6182,0.00017683782789390534,14337
6183,0.0001768412912497297,3464
6184,0.00017684251361060888,3402
6185,0.00017684450722299516,1032
6186,0.00017685058992356062,6837
6187,0.00017685203056316823,574
6188,0.00017685804050415754,15723
6189,0.0001768584770616144,15831
6190,0.00017686271166894585,20345
6191,0.00017686498176772147,4988
6192,0.00017686703358776867,23679
6193,0.00017687318904791027,21718
6194,0.00017687372746877372,4292
6195,0.000176885150722228,18097
6196,0.00017688650405034423,25659
6197,0.0001768911024555564,21116
6198,0.00017689132073428482,2439
6199,0.00017689206288196146,19922
6200,0.00017689421656541526,3800
6201,0.000176896239281632,5015
6202,0.00017689661763142794,14246
6203,0.00017689852393232286,20524
6204,0.00017689871310722083,23911
6205,0.00017689891683403403,6219
6206,0.00017690435925032943,11381
6207,0.0001769057271303609,11265
6208,0.00017690988897811621,7614
6209,0.00017691252287477255,184
6210,0.00017691944958642125,24922
6211,0.00017692043911665678,15607
6212,0.00017692282563075423,21045
6213,0.00017692834080662578,12338
6214,0.00017693129484541714,9835
6215,0.00017693206609692425,5706
6216,0.0001769386581145227,21628
6217,0.00017694805865176022,6541
6218,0.0001769500959198922,23763
6219,0.0001769597438396886,10379
6220,0.00017696281429380178,10957
6221,0.00017696332361083478,7402
6222,0.00017696438590064645,13299
6223,0.00017696920258458704,24887
6224,0.00017697131261229515,11903
6225,0.00017697371367830783,8139
6226,0.0001769754890119657,9504
6227,0.00017698045121505857,24742
6228,0.0001769827213138342,6710
6229,0.0001769849768606946,21431
6230,0.00017698676674626768,23686
6231,0.0001769916561897844,5797
6232,0.000176995134097524,24335
6233,0.00017699725867714733,27389
6234,0.00017700374883133918,11786
6235,0.0001770048402249813,17171
6236,0.00017700860917102545,8091
6237,0.000177010428160429,17353
6238,0.0001770124217728153,20484
6239,0.0001770134549587965,17519
6240,0.00017701485194265842,26701
6241,0.00017701512842904776,22676
6242,0.00017701518663670868,13721
6243,0.00017701892647892237,3573
6244,0.00017702188051771373,1759
6245,0.00017702483455650508,7051
6246,0.00017702605691738427,12183
6247,0.00017702778859529644,18448
6248,0.0001770297676557675,5142
6249,0.00017703109188005328,8034
6250,0.00017703665071167052,1431
6251,0.00017703769844956696,7353
6252,0.00017704081255942583,2709
6253,0.00017704290803521872,20880
6254,0.00017704897618386894,20967
6255,0.00017705204663798213,22560
6256,0.00017705358914099634,24857
6257,0.0001770556264091283,7474
6258,0.0001770603994373232,15023
6259,0.0001770652161212638,6052
6260,0.00017706610378809273,10315
6261,0.00017706640937831253,7603
6262,0.00017707169172354043,9718
6263,0.0001770720409695059,8943
6264,0.00017708186351228505,24646
6265,0.00017708538507577032,817
6266,0.00017709731764625758,5048
6267,0.00017709888925310224,15050
6268,0.00017710054817143828,14686
6269,0.00017710664542391896,21230
6270,0.00017710698011796921,4144
6271,0.00017710922111291438,18983
6272,0.00017710967222228646,24911
6273,0.0001771118986653164,6293
6274,0.00017711494001559913,4213
6275,0.0001771201059455052,25962
6276,0.00017712049884721637,2237
6277,0.00017712230328470469,6975
6278,0.00017712386033963412,22456
6279,0.00017712503904476762,18035
6280,0.00017712556291371584,15044
6281,0.00017713609850034118,15058
6282,0.00017713966371957213,4991
6283,0.00017714151181280613,23698
6284,0.0001771420647855848,13790
6285,0.00017715225112624466,14476
6286,0.00017715449212118983,26863
6287,0.00017716251022648066,261
6288,0.00017716716683935374,1385
6289,0.00017716825823299587,22822
6290,0.0001771692041074857,21567
6291,0.00017717209993861616,9333
6292,0.00017717588343657553,3340
6293,0.0001771765382727608,22772
6294,0.00017717777518555522,26195
6295,0.00017718056915327907,14167
6296,0.00017718250455800444,16277
6297,0.0001771835086401552,18257
6298,0.00017718374147079885,5649
6299,0.00017718554590828717,5743
6300,0.00017718615708872676,26121
6301,0.00017718841263558716,12623
6302,0.00017719333118293434,11391
6303,0.00017719437892083079,5043
6304,0.000177198598976247,26439
6305,0.00017720168398227543,12083
6306,0.00017720258620101959,4347
6307,0.00017720337200444192,2465
6308,0.00017720399773679674,21094
6309,0.00017721581389196217,21701
6310,0.00017721802578307688,4230
6311,0.0001772182440618053,3596
6312,0.00017722102347761393,2053
6313,0.0001772212708601728,10986
6314,0.00017722276970744133,23501
6315,0.00017722324992064387,20477
6316,0.00017722345364745706,14304
6317,0.0001772239338606596,9334
6318,0.00017722928896546364,616
6319,0.00017723292694427073,17574
6320,0.00017723908240441233,1826
6321,0.00017723960627336055,7214
6322,0.00017725591897033155,7283
6323,0.00017725708312354982,6783
6324,0.0001772571704350412,15899
6325,0.00017726316582411528,24787
6326,0.00017726565420161933,22019
6327,0.00017726853548083454,4119
6328,0.00017726961232256144,23401
6329,0.0001772749237716198,25654
6330,0.00017728371312841773,19142
6331,0.00017728391685523093,3382
6332,0.000177286216057837,4689
6333,0.0001772897958289832,25068
6334,0.0001772950345184654,14742
6335,0.00017729552928358316,1621
6336,0.00017729643150232732,18046
6337,0.00017730638501234353,11212
6338,0.00017731141997501254,6152
6339,0.00017731351545080543,19555
6340,0.00017731587286107242,722
6341,0.00017731977277435362,9970
6342,0.0001773237163433805,5754
6343,0.0001773258700268343,25344
6344,0.00017732629203237593,24635
6345,0.0001773275580490008,378
6346,0.00017733158892951906,8307
6347,0.00017733349523041397,25865
6348,0.00017734584980644286,8179
6349,0.00017734877474140376,4862
6350,0.00017735094297677279,23896
6351,0.00017736144945956767,21612
6352,0.00017736342852003872,11364
6353,0.00017737079178914428,21955
6354,0.0001773718249751255,15181
6355,0.00017737358575686812,8681
6356,0.0001773781405063346,21475
6357,0.00017737859161570668,3953
6358,0.00017738046881277114,6275
6359,0.00017738394672051072,22908
6360,0.00017738822498358786,27257
6361,0.00017738842871040106,17000
6362,0.0001773894182406366,19640
6363,0.00017738991300575435,26801
6364,0.00017739161557983607,8964
6365,0.0001773937401594594,6233
6366,0.0001773969124769792,24690
6367,0.0001773999392753467,20889
6368,0.00017740935436449945,19387
6369,0.00017741165356710553,21101
6370,0.00017741216288413852,19846
6371,0.00017741575720719993,8605
6372,0.00017741862393449992,24930
6373,0.00017742390627972782,16744
6374,0.00017742463387548923,22541
6375,0.00017742792260833085,5160
6376,0.00017742908676154912,27004
6377,0.00017742985801305622,12526
6378,0.00017743065836839378,23137
6379,0.00017743541684467345,20389
6380,0.00017743582429829985,14194
6381,0.00017743634816724807,27607
6382,0.00017743741045705974,310
6383,0.00017743886564858258,15341
6384,0.0001774430857039988,24508
6385,0.00017744606884662062,2640
6386,0.00017744673823472112,16252
6387,0.00017744794604368508,14556
6388,0.00017744874639902264,25258
6389,0.0001774501142790541,18922
6390,0.0001774519623722881,26874
6391,0.00017745207878760993,22865
6392,0.00017745254444889724,13591
6393,0.0001774539123289287,7743
6394,0.00017745440709404647,14309
6395,0.00017746152298059314,808
6396,0.0001774618576746434,20947
6397,0.00017746454977896065,27024
6398,0.00017746516095940024,8989
6399,0.00017746798403095454,18317
6400,0.00017747003585100174,24822
6401,0.00017747435776982456,14486
6402,0.0001774744741851464,22970
6403,0.00017747680249158293,25738
6404,0.0001774771517375484,13912
6405,0.0001774797565303743,17811
6406,0.00017748080426827073,7509
6407,0.00017748087702784687,26920
6408,0.00017748631944414228,21133
6409,0.0001774872071109712,7626
6410,0.000177487512701191,14911
6411,0.00017748805112205446,17709
6412,0.0001774903357727453,24100
6413,0.0001774938718881458,23955
6414,0.00017749388644006103,21371
6415,0.00017749521066434681,356
6416,0.00017750028928276151,12755
6417,0.0001775030978024006,18258
6418,0.00017750408733263612,9358
6419,0.00017750778351910412,6080
6420,0.00017751117411535233,13371
6421,0.00017751239647623152,19175
6422,0.00017751591803971678,23595
6423,0.00017751932318788022,16293
6424,0.0001775244454620406,129
6425,0.00017752533312886953,13465
6426,0.00017752866551745683,8831
6427,0.00017753329302649945,13067
6428,0.00017753841530065984,24486
6429,0.0001775418786564842,26940
6430,0.00017754272266756743,19589
6431,0.00017754541477188468,24781
6432,0.0001775469136191532,26620
6433,0.00017754761211108416,20422
6434,0.00017754817963577807,7325
6435,0.0001775553828338161,6767
6436,0.00017755746375769377,7464
6437,0.00017755985027179122,65
6438,0.00017756213492248207,2226
6439,0.00017756546731106937,10798
6440,0.00017756612214725465,18178
6441,0.00017757022578734905,9822
6442,0.00017757934983819723,17251
6443,0.00017758808098733425,21534
6444,0.00017758991452865303,11700
6445,0.00017759029287844896,13667
6446,0.0001775908312993124,25771
6447,0.00017759449838194996,22498
6448,0.00017759561887942255,25624
6449,0.0001775962591636926,2794
6450,0.00017760475748218596,27058
6451,0.00017760998161975294,7676
6452,0.00017761089839041233,19687
6453,0.0001776128337951377,20949
6454,0.00017761577328201383,7892
6455,0.00017762018251232803,8196
6456,0.0001776216522557661,12107
6457,0.0001776224235072732,631
6458,0.00017762354400474578,3597
6459,0.0001776239660102874,12800
6460,0.00017762987408787012,1460
6461,0.00017763349751476198,11354
6462,0.0001776338613126427,7342
6463,0.0001776378194335848,22542
6464,0.00017763789219316095,10386
6465,0.0001776411518221721,25455
6466,0.00017764291260391474,1392
6467,0.00017764446965884417,7897
6468,0.0001776483259163797,15051
6469,0.00017765111988410354,20921
6470,0.0001776542339939624,22040
6471,0.00017765765369404107,19506
6472,0.00017765950178727508,1959
6473,0.00017765958909876645,15510
6474,0.00017765979282557964,10291
6475,0.00017766322707757354,6492
6476,0.00017766338714864105,14882
6477,0.00017766749078873545,4824
6478,0.0001776684366632253,23155
6479,0.00017766891687642783,10340
6480,0.00017766898963600397,265
6481,0.0001776704448275268,3107
6482,0.00017767149256542325,14874
6483,0.0001776783901732415,11117
6484,0.00017767904500942677,12039
6485,0.00017768626275938004,13815
6486,0.00017769151600077748,10320
6487,0.00017769243277143687,20836
6488,0.00017769518308341503,15796
6489,0.0001776962453732267,17755
6490,0.00017769719124771655,5889
6491,0.00017769874830264598,26033
6492,0.00017769879195839167,7059
6493,0.00017769912665244192,17400
6494,0.0001777025609044358,9596
6495,0.0001777030120138079,1100
6496,0.00017770621343515813,6473
6497,0.00017771063721738756,17982
6498,0.00017771238344721496,9165
6499,0.0001777127617970109,1785
6500,0.0001777132711140439,18557
6501,0.0001777137949829921,5660
6502,0.00017771453713066876,15287
6503,0.00017771600687410682,21452
6504,0.00017771725833881646,25370
6505,0.0001777183060767129,15007
6506,0.0001777229772415012,3630
6507,0.00017772417049854994,10611
6508,0.0001777274301275611,6584
6509,0.0001777291327016428,15883
6510,0.00017772926366887987,19943
6511,0.00017773578292690217,3315
6512,0.00017773860599845648,1326
6513,0.00017773961008060724,2657
6514,0.00017773993022274226,19163
6515,0.00017774202569853514,3500
6516,0.00017774720618035644,11816
6517,0.000177748006535694,6374
6518,0.00017775148444343358,1144
6519,0.00017775193555280566,19673
6520,0.00017775331798475236,7151
6521,0.00017775541346054524,27754
6522,0.0001777567231329158,23885
6523,0.00017776203458197415,8958
6524,0.0001777623692760244,9050
6525,0.00017776434833649546,3698
6526,0.00017776504682842642,21341
6527,0.00017776973254512995,14675
6528,0.00017777566972654313,19655
6529,0.00017777664470486343,15726
6530,0.00017778332403395325,8679
6531,0.0001777843717718497,26611
6532,0.00017778556502889842,26451
6533,0.0001777945290086791,3075
6534,0.0001778003352228552,23220
6535,0.00017780106281861663,11907
6536,0.00017780227062758058,2566
6537,0.0001778045407263562,6036
6538,0.00017780529742594808,24175
6539,0.00017781199130695313,21862
6540,0.00017781922360882163,13285
6541,0.0001778217701939866,2996
6542,0.00017782517534215003,8667
6543,0.00017782580107450485,20621
6544,0.000177826383151114,22535
6545,0.000177827721927315,14219
6546,0.00017782938084565103,1286
6547,0.000177829570020549,10969
6548,0.00017782975919544697,13551
6549,0.00017783051589503884,766
6550,0.0001778384466888383,22716
6551,0.0001778390142135322,20720
6552,0.00017784016381483525,23940
6553,0.00017784233205020428,25748
6554,0.00017784458759706467,14049
6555,0.0001778457226464525,3055
6556,0.00017784754163585603,18649
6557,0.00017784991359803826,9814
6558,0.00017785262025427073,12323
6559,0.00017785477393772453,19792
6560,0.00017785897944122553,16340
6561,0.000177862704731524,21138
6562,0.0001778671721694991,16064
6563,0.00017786964599508792,24639
6564,0.0001778704026946798,5394
6565,0.00017787695105653256,2314
6566,0.00017788175318855792,24011
6567,0.00017788642435334623,26851
6568,0.00017789234698284417,14
6569,0.00017789310368243605,26051
6570,0.00017790331912692636,1580
6571,0.00017790481797419488,9123
6572,0.00017790541460271925,4232
6573,0.0001779062149580568,26266
6574,0.00017791205027606338,6913
6575,0.00017791474238038063,4829
6576,0.00017791609570849687,7387
6577,0.00017791638674680144,13752
6578,0.00017792073776945472,2364
6579,0.00017792274593375623,4980
6580,0.00017792578728403896,20777
6581,0.00017793224833440036,20658
6582,0.00017793576989788562,20542
6583,0.000177947964402847,25884
6584,0.00017795414896681905,20188
6585,0.00017795481835491955,17253
6586,0.00017795588064473122,3568
6587,0.00017795953317545354,19251
6588,0.0001779603335307911,4653
6589,0.00017796370957512408,25685
6590,0.0001779692101990804,19884
6591,0.00017797094187699258,19380
6592,0.0001779722806531936,10385
6593,0.0001779786398401484,6860
6594,0.00017798345652408898,3065
6595,0.00017798547924030572,17111
6596,0.00017798590124584734,20168
6597,0.00017799045599531382,12962
6598,0.00017799122724682093,2649
6599,0.00017799138731788844,4410
6600,0.00017799426859710366,10909
6601,0.00017799492343328893,15771
6602,0.0001779983431333676,6346
6603,0.00017799966735765338,14064
6604,0.00017800084606278688,18711
6605,0.00017800727800931782,22790
6606,0.0001780093734851107,8584
6607,0.00017801341891754419,2897
6608,0.00017802196089178324,3338
6609,0.0001780245074769482,26011
6610,0.00017802475485950708,22162
6611,0.00017803162336349487,25014
6612,0.00017803288938011974,2745
6613,0.00017803313676267862,27370
6614,0.00017803382070269436,19046
6615,0.00017803518858272582,2274
6616,0.00017803761875256896,7095
6617,0.0001780470338417217,20435
6618,0.00017805105017032474,19337
6619,0.00017805192328523844,26156
6620,0.00017805224342737347,18028
6621,0.0001780525635695085,10915
6622,0.00017805879178922623,13989
6623,0.00017805906827561557,11114
6624,0.0001780653983587399,5529
6625,0.00017806593677960336,21893
6626,0.00017806691175792366,27602
6627,0.00017807124822866172,5635
6628,0.00017807268886826932,4448
6629,0.00017807369295042008,26876
6630,0.00017807497351896018,1440
6631,0.00017808184202294797,2001
6632,0.0001780831953510642,10135
6633,0.0001780841121217236,20290
6634,0.00017808681877795607,8919
6635,0.00017809031123761088,19869
6636,0.00017809127166401595,3916
6637,0.0001780929887900129,26706
6638,0.0001780941674951464,14717
6639,0.000178097456227988,25682
6640,0.0001780974998837337,14126
6641,0.00017810282588470727,14090
6642,0.00017810416466090828,6266
6643,0.000178106376552023,3746
6644,0.00017810650751926005,6720
6645,0.00017810912686400115,3939
6646,0.0001781093596946448,16695
6647,0.0001781121245585382,26077
6648,0.00017811839643400162,5918
6649,0.00017812277656048536,12433
6650,0.00017812623991630971,14298
6651,0.00017812878650147468,18523
6652,0.0001781308965291828,23201
6653,0.0001781314640538767,23673
6654,0.00017813328304328024,8176
6655,0.0001781340251909569,27239
6656,0.00017813405429478735,19576
6657,0.0001781348983058706,6388
6658,0.00017814333841670305,1765
6659,0.00017814879538491368,19702
6660,0.0001781544415280223,2255
6661,0.0001781581959221512,18528
6662,0.00017816141189541668,16226
6663,0.00017816730542108417,3954
6664,0.00017817068146541715,22666
6665,0.00017817998013924807,26762
6666,0.00017818371998146176,17698
6667,0.00017818569904193282,1052
6668,0.0001781864557415247,2488
6669,0.00017819264030549675,22102
6670,0.0001782030303729698,9526
6671,0.00017820516950450838,1050
6672,0.00017820966604631394,24620
6673,0.00017821004439610988,9471
6674,0.0001782119070412591,12287
6675,0.000178214511834085,26665
6676,0.00017821784422267228,13830
6677,0.0001782222097972408,1590
6678,0.00017822711379267275,19115
6679,0.00017823015514295548,15562
6680,0.00017823890084400773,17191
6681,0.00017824131646193564,27282
6682,0.0001782494509825483,23781
6683,0.00017825425311457366,12560
6684,0.00017825840041041374,15593
6685,0.00017826093244366348,21846
6686,0.00017826326075010002,15270
6687,0.000178263770067133,25155
6688,0.0001782640174496919,22059
6689,0.0001782661274774,11715
6690,0.0001782692561391741,10514
6691,0.00017827122064772993,17972
6692,0.00017827513511292636,3935
6693,0.00017827829287853092,3578
6694,0.00017827829287853092,21053
6695,0.00017827974807005376,8861
6696,0.0001782899780664593,11392
6697,0.0001782912586349994,2019
6698,0.00017829421267379075,3475
6699,0.0001782961335266009,16217
6700,0.00017830230353865772,21306
6701,0.00017830848810262978,19447
6702,0.00017831996956374496,21079
6703,0.00017832049343269318,15086
6704,0.0001783214247552678,24541
6705,0.00017832298181019723,19362
6706,0.00017832427693065256,6771
6707,0.00017832726007327437,11460
6708,0.00017832832236308604,13637
6709,0.0001783356856321916,6579
6710,0.00017834041500464082,27539
6711,0.0001783467159839347,25950
6712,0.00017834725440479815,13379
6713,0.0001783511252142489,14323
6714,0.00017835145990829915,6801
6715,0.00017835298785939813,16818
6716,0.00017835319158621132,25848
6717,0.0001783556363079697,27589
6718,0.0001783575862646103,15837
6719,0.0001783591869752854,13764
6720,0.00017836043843999505,1468
6721,0.00017836052575148642,21260
6722,0.00017836375627666712,2756
6723,0.0001783656916813925,26
6724,0.00017836804909165949,4490
6725,0.0001783694897312671,27277
6726,0.00017837061022873968,13583
6727,0.00017837788618635386,10689
6728,0.00017838043277151883,3719
6729,0.00017838120402302593,25324
6730,0.000178384012542665,17291
6731,0.00017839092470239848,4822
6732,0.00017839710926637053,6169
6733,0.0001784083287930116,24481
6734,0.00017840877990238369,3364
6735,0.00017840888176579028,2908
6736,0.00017841123917605728,17608
6737,0.00017841260705608875,19097
6738,0.00017841531371232122,25018
6739,0.00017842126544564962,24845
6740,0.00017842132365331054,2491
6741,0.00017842260422185063,12290
6742,0.00017843149544205517,2825
6743,0.00017843487148638815,23394
6744,0.00017843584646470845,21119
6745,0.00017844230751506984,12926
6746,0.00017844409740064293,7993
6747,0.0001784457708708942,24934
6748,0.00017844596004579216,21622
6749,0.0001784480846254155,14159
6750,0.00017844846297521144,20723
6751,0.00017845035472419113,16431
6752,0.00017845086404122412,27666
6753,0.0001784608029993251,20402
6754,0.00017846154514700174,9775
6755,0.00017846185073722154,3251
6756,0.00017848114657681435,26134
6757,0.00017848119023256004,13643
6758,0.00017848634161055088,23628
6759,0.00017848888819571584,23272
6760,0.00017849488358478993,13112
6761,0.00017850198491942137,26379
6762,0.0001785053318599239,853
6763,0.00017851607117336243,9723
6764,0.00017851685697678477,3883
6765,0.00017851981101557612,6197
6766,0.00017852470045909286,2195
6767,0.00017852542805485427,2490
6768,0.00017852737801149487,413
6769,0.00017853183089755476,19733
6770,0.00017853471217676997,20405
6771,0.0001785361673682928,23620
6772,0.00017853804456535727,7408
6773,0.00017853901954367757,26074
6774,0.00017854111501947045,7062
6775,0.00017854187171906233,23996
6776,0.00017854347242973745,15406
6777,0.00017854369070846587,1066
6778,0.00017854574252851307,260
6779,0.0001785485801519826,6165
6780,0.00017854866746347398,24347
6781,0.00017855003534350544,2281
6782,0.00017855812620837241,7764
6783,0.00017855982878245413,14115
6784,0.00017856144404504448,17697
6785,0.00017856364138424397,21476
6786,0.0001785669446690008,18737
6787,0.0001785679196473211,17124
6788,0.00017856957856565714,26483
6789,0.00017857618513517082,22846
6790,0.00017857819329947233,790
6791,0.00017858027422335,7183
6792,0.00017858893261291087,18811
6793,0.0001785894564818591,1132
6794,0.00017859080980997533,12315
6795,0.0001785917702363804,24673
6796,0.00017859273066278547,23012
6797,0.00017859389481600374,21022
6798,0.00017859488434623927,26824
6799,0.00017859874060377479,133
6800,0.0001786000793799758,18091
6801,0.00017860130174085498,23051
6802,0.00017860261141322553,23040
6803,0.00017860447405837476,24016
6804,0.0001786057255230844,6350
6805,0.00017861038213595748,468
6806,0.00017861400556284934,624
6807,0.0001786176726454869,9888
6808,0.00017862005915958434,17021
6809,0.00017862350796349347,2821
6810,0.00017862992535810918,5794
6811,0.00017863269022200257,4976
6812,0.00017863349057734013,20807
6813,0.00017863402899820358,6958
6814,0.0001786422944860533,7282
6815,0.00017865694826468825,19138
6816,0.00017866221605800092,13259
6817,0.00017866388952825218,19662
6818,0.00017866531561594456,22924
6819,0.0001786722568795085,904
6820,0.00017867248971015215,18564
6821,0.00017867727729026228,26360
6822,0.00017868896247819066,10298
6823,0.00017868912254925817,27699
6824,0.00017868989380076528,17430
6825,0.00017869546718429774,16054
6826,0.00017869561270345002,9287
6827,0.00017869967268779874,2763
6828,0.00017870032752398401,17297
6829,0.000178704533027485,19437
6830,0.000178704533027485,24221
6831,0.00017870715237222612,26182
6832,0.00017870876763481647,689
6833,0.00017870876763481647,9919
6834,0.0001787182263797149,24290
6835,0.00017871829913929105,23126
6836,0.00017871973977889866,21276
6837,0.00017872142780106515,10801
6838,0.00017872441094368696,26309
6839,0.00017872567696031183,15978
6840,0.00017873611068353057,12326
6841,0.00017873839533422142,8023
6842,0.00017873958859127015,20242
6843,0.00017874082550406456,7147
6844,0.00017874158220365644,25129
6845,0.0001787543442333117,26631
6846,0.00017875620687846094,9281
6847,0.00017875779303722084,6177
6848,0.00017875868070404977,23894
6849,0.00017875948105938733,13915
6850,0.0001787733635865152,2607
6851,0.00017877400387078524,22814
6852,0.00017877458594739437,6220
6853,0.00017878237122204155,9344
6854,0.00017878743528854102,11930
6855,0.0001787878863979131,105
6856,0.00017878900689538568,24123
6857,0.0001787900400813669,24319
6858,0.00017879025836009532,6641
6859,0.00017879085498861969,13611
6860,0.00017879297956824303,5950
6861,0.00017879315419122577,5302
6862,0.00017879485676530749,2249
6863,0.00017879965889733285,682
6864,0.0001788142544683069,22345
6865,0.00017882039537653327,24703
6866,0.0001788242079783231,14527
6867,0.0001788247172953561,10317
6868,0.00017882714746519923,14915
6869,0.0001788297522580251,4569
6870,0.00017883151303976774,6833
6871,0.00017883500549942255,23055
6872,0.0001788380031939596,1563
6873,0.00017884194676298648,20370
6874,0.00017884786939248443,6400
6875,0.00017885107081383467,938
6876,0.00017885142005980015,14032
6877,0.00017885684792418033,15281
6878,0.00017886112618725747,10578
6879,0.00017886204295791686,27232
6880,0.00017886579735204577,2784
6881,0.00017886811110656708,22577
6882,0.00017886882415041327,21662
6883,0.00017886907153297216,16072
6884,0.00017886910063680261,27023
6885,0.00017887521244119853,9176
6886,0.00017887655121739954,17964
6887,0.00017887681315187365,20476
6888,0.00017887978174258024,23140
6889,0.00017888778529595584,20501
6890,0.00017888835282064974,21379
6891,0.00017889071023091674,6287
6892,0.00017889552691485733,8054
6893,0.0001788977679098025,4214
6894,0.0001788978697732091,5719
6895,0.00017889824812300503,27523
6896,0.00017889867012854666,19845
6897,0.00017890239541884512,13744
6898,0.00017891640891321003,25706
6899,0.0001789215748431161,10678
6900,0.0001789254747563973,22809
6901,0.0001789255766198039,26233
6902,0.000178926347871311,27475
6903,0.00017892828327603638,9535
6904,0.00017892959294840693,6501
6905,0.0001789302477845922,10328
6906,0.00017893334734253585,14093
6907,0.00017893590847961605,6390
6908,0.0001789395755622536,5356
6909,0.00017894682241603732,14666
6910,0.0001789489615475759,21987
6911,0.00017895078053697944,11568
6912,0.00017895875498652458,11830
6913,0.0001789607631508261,3244
6914,0.0001789614325389266,11186
6915,0.00017896213103085756,17765
6916,0.00017896555073093623,12752
6917,0.0001789663510862738,12890
6918,0.0001789676898624748,5996
6919,0.00017897228826768696,7744
6920,0.00017897614452522248,10430
6921,0.0001789772795746103,2895
6922,0.00017897771613206714,14679
6923,0.00017897970974445343,23352
6924,0.0001789812376955524,9545
6925,0.0001789825182640925,16067
6926,0.00017898673831950873,25973
6927,0.0001789874368114397,1955
6928,0.00017898950318340212,25716
6929,0.00017899055092129856,22230
6930,0.00017899260274134576,12730
6931,0.00017899381055030972,7459
6932,0.0001789942616596818,5049
6933,0.000178994465386495,3770
6934,0.00017899675003718585,9965
6935,0.00017899701197165996,10961
6936,0.00017900064995046705,12541
6937,0.00017900152306538075,20329
6938,0.0001790053502190858,2550
6939,0.00017900619423016906,361
6940,0.00017900932289194316,953
6941,0.00017901058890856802,14972
6942,0.00017901157843880355,25497
6943,0.000179011607542634,16108
6944,0.00017902441322803497,9626
6945,0.0001790246897144243,21145
6946,0.00017902880790643394,7777
6947,0.00017903382831718773,12616
6948,0.00017903426487464458,3880
6949,0.00017903800471685827,8408
6950,0.00017904107517097145,24220
6951,0.00017904193373396993,8535
6952,0.00017905245476868004,15092
6953,0.00017905555432662368,1003
6954,0.00017905636923387647,20442
6955,0.0001790593087207526,16257
6956,0.00017906134598888457,23429
6957,0.0001790632086340338,15782
6958,0.00017906990251503885,26923
6959,0.00017907073197420686,7162
6960,0.00017907656729221344,26798
6961,0.00017907758592627943,26164
6962,0.0001790846581570804,15535
6963,0.00017908636073116213,24001
6964,0.00017909127927850932,14672
6965,0.00017909395683091134,9290
6966,0.00017909755115397274,26348
6967,0.00017910174210555851,24656
6968,0.00017910715541802347,17660
6969,0.00017910766473505646,7120
6970,0.0001791082031559199,9595
6971,0.0001791087561286986,21511
6972,0.00017911067698150873,26811
6973,0.00017911128816194832,15119
6974,0.00017911213217303157,18781
6975,0.00017911622126121074,24301
6976,0.00017911962640937418,8050
6977,0.0001791240501916036,23715
6978,0.00017912624753080308,25673
6979,0.0001791287213563919,13562
6980,0.00017913377087097615,21220
6981,0.000179134716745466,21020
6982,0.00017913588089868426,4965
6983,0.00017913963529281318,5728
6984,0.0001791410759324208,10929
6985,0.00017914320051204413,11603
6986,0.00017914683849085122,15747
6987,0.00017915050557348877,10881
6988,0.00017915274656843394,22928
6989,0.00017915861099027097,10879
6990,0.00017916681827045977,18903
6991,0.00017917058721650392,17891
6992,0.00017917901277542114,3443
6993,0.0001791798131307587,16165
6994,0.00017919126548804343,5502
6995,0.00017919523816090077,1155
6996,0.00017920145182870328,13875
6997,0.00017920623940881342,3352
6998,0.00017920634127222002,14443
6999,0.00017920760728884488,26311
7000,0.00017920965910889208,1831
7001,0.00017920968821272254,931
7002,0.0001792120310710743,18268
7003,0.0001792123366612941,5073
7004,0.00017921265680342913,25853
7005,0.00017921521794050932,16572
7006,0.00017921584367286414,7831
7007,0.00017921756079886109,24407
7008,0.00017921860853675753,24257
7009,0.00017922402184922248,537
7010,0.00017922489496413618,4165
7011,0.00017922528786584735,9179
7012,0.00017922742699738592,18405
7013,0.00017922898405231535,8668
7014,0.00017923109408002347,514
7015,0.00017923196719493717,26381
7016,0.00017923206905834377,27270
7017,0.00017923513951245695,7293
7018,0.00017923780251294374,27014
7019,0.00017924005805980414,9069
7020,0.00017924289568327367,23877
7021,0.00017924433632288128,2611
7022,0.00017924940038938075,9914
7023,0.00017925223801285028,9852
7024,0.00017925284919328988,13080
7025,0.0001792545517673716,18756
7026,0.00017926230793818831,26708
7027,0.00017926670261658728,17556
7028,0.0001792680996004492,4197
7029,0.00017927018052432686,10822
7030,0.0001792723487596959,5392
7031,0.00017927488079294562,20348
7032,0.00017927834414876997,9643
7033,0.00017928009037859738,13216
7034,0.00017928193847183138,24172
7035,0.00017928476154338568,9316
7036,0.00017928479064721614,21595
7037,0.00017928495071828365,5544
7038,0.00017928896704688668,13116
7039,0.00017929007299244404,3733
7040,0.000179293128894642,25897
7041,0.0001792951807146892,18494
7042,0.00017929969180841,25620
7043,0.0001793085684766993,12406
7044,0.0001793088304111734,12832
7045,0.00017930915055330843,3530
7046,0.00017930926696863025,10005
7047,0.0001793112460291013,10387
7048,0.00017931814363691956,3862
7049,0.00017932218906935304,19432
7050,0.00017932886839844286,1731
7051,0.00017933848721440881,8281
7052,0.00017934029165189713,2307
7053,0.00017934081552084535,17898
7054,0.00017934635980054736,22133
7055,0.00017934804782271385,19026
7056,0.00017934844072442502,6550
7057,0.00017934880452230573,21982
7058,0.00017934883362613618,1804
7059,0.0001793495030142367,827
7060,0.000179353664861992,17558
7061,0.00017935497453436255,176
7062,0.00017935578944161534,5696
7063,0.00017935723008122295,1373
7064,0.00017936466610990465,16428
7065,0.00017936513177119195,11372
7066,0.00017936661606654525,9720
7067,0.00017937076336238533,14918
7068,0.0001793718693079427,25290
7069,0.00017937282973434776,273
7070,0.00017938451492227614,6347
7071,0.000179386290255934,20583
7072,0.0001793963456293568,6961
7073,0.00017940005636774004,15068
7074,0.0001794014242477715,6934
7075,0.00017940389807336032,9286
7076,0.00017940437828656286,3497
7077,0.0001794056879589334,22585
7078,0.00017940762336365879,11571
7079,0.0001794101408449933,6084
7080,0.00017941197438631207,14363
7081,0.0001794145500753075,5841
7082,0.00017941479745786637,5398
7083,0.00017941567057278007,19426
7084,0.00017941837722901255,18496
7085,0.00017941878468263894,24154
7086,0.00017941936675924808,1992
7087,0.00017942037084139884,27578
7088,0.00017942272825166583,6519
7089,0.00017942952399607748,17696
7090,0.00017943208513315767,12294
7091,0.00017943284183274955,19310
7092,0.00017943760030902922,6567
7093,0.00017943895363714546,19067
7094,0.00017943901184480637,9181
7095,0.00017943940474651754,20888
7096,0.00017944183491636068,22617
7097,0.00017944388673640788,1775
7098,0.00017945340368896723,19480
7099,0.00017945468425750732,6021
7100,0.00017945587751455605,16907
7101,0.00017946177104022354,26137
7102,0.00017946181469596922,21465
7103,0.00017946542357094586,21278
7104,0.0001794665731722489,285
7105,0.00017947063315659761,21189
7106,0.00017947341257240623,19209
7107,0.00017947920423466712,10521
7108,0.00017947984451893717,23928
7109,0.0001794861163944006,18531
7110,0.00017948736785911024,19743
7111,0.00017948928871192038,18349
7112,0.0001794900745153427,14582
7113,0.0001794933050405234,16694
7114,0.00017950362234842032,12115
7115,0.0001795064890757203,6369
7116,0.0001795129501260817,1728
7117,0.00017951446352526546,5782
7118,0.00017951788322534412,5003
7119,0.00017952041525859386,6107
7120,0.0001795216230675578,19836
7121,0.0001795280259102583,25698
7122,0.00017952815687749535,18910
7123,0.0001795285934349522,22625
7124,0.00017953342467080802,13444
7125,0.0001795350108295679,3680
7126,0.0001795382850104943,13979
7127,0.00017953965289052576,20698
7128,0.0001795459393179044,6943
7129,0.0001795463904272765,15062
7130,0.0001795473217498511,7182
7131,0.0001795595744624734,16461
7132,0.00017956277588382363,10570
7133,0.00017956540978047997,19504
7134,0.000179567068698816,5216
7135,0.0001795679854694754,26396
7136,0.00017956872761715204,2213
7137,0.00017957606178242713,13970
7138,0.00017957734235096723,6780
7139,0.00017957847740035504,6944
7140,0.00017958125681616366,25526
7141,0.00017958349781110883,5261
7142,0.00017958565149456263,10353
7143,0.00017958585522137582,21445
7144,0.00017958847456611693,777
7145,0.0001795892749214545,26754
7146,0.00017958931857720017,13277
7147,0.0001795921998564154,21832
7148,0.00017959318938665092,9231
7149,0.00017959366959985346,12622
7150,0.0001796021533664316,10321
7151,0.0001796043652575463,17390
7152,0.0001796084688976407,5567
7153,0.00017961511912290007,2398
7154,0.00017961920821107924,12999
7155,0.00017962220590561628,27207
7156,0.00017962527635972947,9894
7157,0.0001796266296878457,9363
7158,0.00017963218851946294,7216
7159,0.0001796323776943609,10931
7160,0.00017963541904464364,19861
7161,0.00017963704885914922,5678
7162,0.0001796374563127756,12175
7163,0.00017963963910005987,455
7164,0.0001796460128389299,11473
7165,0.0001796473516151309,14098
7166,0.00017964754079002887,2275
7167,0.00017964813741855323,11218
7168,0.0001796484284568578,11596
7169,0.00017964973812922835,8567
7170,0.00017965285223908722,24993
7171,0.00017965654842555523,1224
7172,0.00017965806182473898,12896
7173,0.00017965845472645015,24726
7174,0.00017965961887966841,22879
7175,0.00017966318409889936,13254
7176,0.0001796701253624633,2014
7177,0.00017967591702472419,16231
7178,0.00017967872554436326,14314
7179,0.00017968143220059574,25013
7180,0.00017968268366530538,21030
7181,0.00017968348402064294,3452
7182,0.00017968421161640435,23994
7183,0.00017968588508665562,12783
7184,0.00017968656902667135,25148
7185,0.00017968719475902617,18161
7186,0.00017968827160075307,23420
7187,0.00017969204054679722,10694
7188,0.00017969546024687588,20211
7189,0.00017969614418689162,11144
7190,0.00017970078624784946,4775
7191,0.00017970084445551038,14752
7192,0.00017970103363040835,20446
7193,0.00017970328917726874,3449
7194,0.00017970440967474133,13727
7195,0.00017970595217775553,18312
7196,0.0001797081349650398,14253
7197,0.0001797090662876144,7133
7198,0.0001797126024030149,5277
7199,0.00017971391207538545,22944
7200,0.00017971685156226158,888
7201,0.00017973288777284324,392
7202,0.00017973959620576352,6514
7203,0.0001797425647964701,11623
7204,0.00017974340880755335,17961
7205,0.00017974413640331477,9446
7206,0.00017974415095523,15079
7207,0.0001797449222067371,18221
7208,0.00017975043738260865,8350
7209,0.00017975269292946905,22235
7210,0.00017975413356907666,8250
7211,0.00017975708760786802,19405
7212,0.00017976245726458728,20373
7213,0.000179766517248936,14965
7214,0.00017976778326556087,16448
7215,0.00017977310926653445,25945
7216,0.00017977479728870094,23395
7217,0.00017977521929424256,5041
7218,0.00017977812967728823,14573
7219,0.00017977910465560853,8477
7220,0.00017978012328967452,23234
7221,0.00017978032701648772,18769
7222,0.0001797822624212131,10674
7223,0.00017978520190808922,1160
7224,0.00017978764662984759,6562
7225,0.0001797918084776029,8894
7226,0.00017979257972911,6665
7227,0.00017979368567466736,4644
7228,0.0001797985314624384,10525
7229,0.00017980029224418104,2182
7230,0.0001798044249881059,3185
7231,0.00017980493430513889,17705
7232,0.00017980620032176375,25472
7233,0.0001798098091967404,11679
7234,0.00017981231212615967,7785
7235,0.00017981237033382058,6276
7236,0.00017981343262363225,11124
7237,0.0001798164885258302,10255
7238,0.00017981712881010026,5363
7239,0.00017981936980504543,4495
7240,0.00017983383440878242,16005
7241,0.0001798340235836804,1420
7242,0.00017983416910283267,11869
7243,0.0001798342273104936,18218
7244,0.0001798368466552347,27179
7245,0.00017983773432206362,20598
7246,0.00017983803991228342,4810
7247,0.00017983988800551742,13922
7248,0.0001798399753170088,12496
7249,0.00017984482110477984,12277
7250,0.00017984522855840623,8742
7251,0.0001798472076188773,8142
7252,0.00017984914302360266,14230
7253,0.00017985190788749605,6758
7254,0.00017985377053264529,21251
7255,0.0001798564480850473,8098
7256,0.00017985666636377573,21018
7257,0.00017986365128308535,3415
7258,0.00017986481543630362,12717
7259,0.00017986848251894116,2374
7260,0.0001798734301701188,4758
7261,0.00017987391038332134,21547
7262,0.0001798745506675914,9026
7263,0.00017987749015446752,19132
7264,0.000179879687493667,7407
7265,0.00017989047046285123,21270
7266,0.00017989324987865984,16390
7267,0.00017989332263823599,3152
7268,0.00017989730986300856,4732
7269,0.0001798995363060385,23988
7270,0.00017990433843806386,2104
7271,0.00017990433843806386,24893
7272,0.00017990866035688668,14366
7273,0.00017991868662647903,11282
7274,0.00017992054927162826,17942
7275,0.000179930473677814,5998
7276,0.00017993465007748455,1382
7277,0.00017993566871155053,10454
7278,0.00017994010704569519,8844
7279,0.0001799458113964647,5577
7280,0.00017994840163737535,23819
7281,0.00017995029338635504,23733
7282,0.0001799542224034667,18598
7283,0.00017995631787925959,4360
7284,0.00017996180395130068,27723
7285,0.00017996520909946412,4737
7286,0.00017996873066294938,20310
7287,0.0001799727906472981,17885
7288,0.00017997639952227473,17249
7289,0.00017997810209635645,12308
7290,0.00017998728435486555,19552
7291,0.00017998807015828788,23152
7292,0.00017999016563408077,1979
7293,0.00017999052943196148,10494
7294,0.00017999199917539954,8238
7295,0.00017999262490775436,20853
7296,0.00017999335250351578,6153
7297,0.0001799983874661848,13914
7298,0.00018000014824792743,19356
7299,0.00018000077398028225,20671
7300,0.00018000288400799036,13723
7301,0.00018000519776251167,23662
7302,0.00018000601266976446,11046
7303,0.00018000879208557308,16875
7304,0.00018001052376348525,20572
7305,0.00018001135322265327,15582
7306,0.00018001522403210402,2144
7307,0.00018001627177000046,8863
7308,0.0001800169120542705,20537
7309,0.00018001887656282634,14355
7310,0.00018001924036070704,2431
7311,0.0001800238824216649,691
7312,0.00018002527940552682,10649
7313,0.00018002837896347046,21796
7314,0.00018003067816607654,24503
7315,0.0001800368190743029,2608
7316,0.00018003767763730139,27450
7317,0.00018003933655563742,10936
7318,0.0001800408645067364,21027
7319,0.0001800444588297978,17533
7320,0.00018004454614128917,516
7321,0.0001800446043489501,6328
7322,0.00018004555022343993,914
7323,0.00018004636513069272,4021
7324,0.00018005639140028507,14986
7325,0.00018005653691943735,17544
7326,0.00018005783203989267,3683
7327,0.00018005968013312668,11616
7328,0.00018006177560891956,22811
7329,0.00018006193567998707,8266
7330,0.00018006407481152564,11457
7331,0.00018006439495366067,24649
7332,0.00018006462778430432,10947
7333,0.0001800710306270048,9032
7334,0.00018007254402618855,4950
7335,0.00018007669132202864,21419
7336,0.00018007989274337888,22111
7337,0.00018008983170147985,17927
7338,0.00018009069026447833,25741
7339,0.00018009229097515345,12763
7340,0.0001800934987841174,1230
7341,0.00018009434279520065,1455
7342,0.00018009540508501232,12366
7343,0.00018009982886724174,16228
7344,0.00018010265193879604,13534
7345,0.00018010495114140213,2761
7346,0.00018010634812526405,9779
7347,0.00018010681378655136,4550
7348,0.00018010805069934577,3235
7349,0.0001801110483938828,27334
7350,0.00018011269276030362,27044
7351,0.0001801171019906178,19354
7352,0.00018012277723755687,14100
7353,0.0001801253092708066,19239
7354,0.00018012677901424468,494
7355,0.0001801295147743076,20175
7356,0.0001801311009330675,27630
7357,0.0001801403850549832,297
7358,0.00018014434317592531,5240
7359,0.00018014453235082328,27753
7360,0.00018014565284829587,5176
7361,0.00018015394743997604,8421
7362,0.00018015761452261358,23534
7363,0.00018016001558862627,1241
7364,0.0001801627076929435,1802
7365,0.0001801631588023156,20631
7366,0.000180163886398077,24068
7367,0.00018016493413597345,15316
7368,0.0001801661419449374,13368
7369,0.0001801674661692232,19117
7370,0.00018017012916970998,9405
7371,0.00018017325783148408,8433
7372,0.000180173316039145,14191
7373,0.00018018108676187694,25060
7374,0.0001801811158657074,11312
7375,0.00018018133414443582,2052
7376,0.00018018505943473428,3232
7377,0.00018018556875176728,2341
7378,0.00018018853734247386,3844
7379,0.00018018954142462462,2892
7380,0.00018019411072600633,21259
7381,0.00018019694834947586,25109
7382,0.00018019745766650885,6638
7383,0.0001801974867703393,22158
7384,0.0001801976322894916,23362
7385,0.00018020007701124996,6726
7386,0.00018020113930106163,26545
7387,0.0001802048209356144,62
7388,0.00018020535935647786,23676
7389,0.00018020557763520628,16487
7390,0.00018020810966845602,16734
7391,0.00018021221330855042,6413
7392,0.00018021352298092097,3981
7393,0.0001802163023967296,16234
7394,0.00018021701544057578,3781
7395,0.00018022043514065444,4358
7396,0.00018022239964921027,27094
7397,0.00018022501899395138,22432
7398,0.00018022870062850416,26781
7399,0.00018022919539362192,16737
7400,0.0001802306214813143,15933
7401,0.0001802352344384417,6050
7402,0.00018023629672825336,13451
7403,0.0001802363112801686,11261
7404,0.00018023682059720159,9552
7405,0.0001802397018764168,6337
7406,0.00018024053133558482,15170
7407,0.00018024269957095385,14815
7408,0.00018024648306891322,8867
7409,0.00018024722521658987,22082
7410,0.00018024773453362286,6630
7411,0.00018024993187282234,15635
7412,0.00018025501049123704,21704
7413,0.00018025597091764212,22639
7414,0.00018026097677648067,16732
7415,0.00018026337784249336,21564
7416,0.00018026467296294868,9574
7417,0.0001802661136025563,1957
7418,0.00018026703037321568,13898
7419,0.00018026756879407912,21069
7420,0.00018027077021542937,2210
7421,0.0001802711485652253,24739
7422,0.00018027178884949535,24853
7423,0.00018027301121037453,131
7424,0.00018027483019977808,23255
7425,0.00018027726036962122,17830
7426,0.000180278584593907,27360
7427,0.00018028008344117552,22568
7428,0.00018028024351224303,17715
7429,0.0001802803744794801,1006
7430,0.00018028193153440952,8012
7431,0.0001802825863705948,1423
7432,0.00018028424528893083,1738
7433,0.0001802895130822435,3843
7434,0.00018029498460236937,16423
7435,0.00018030081992037594,14127
7436,0.0001803053601179272,14056
7437,0.0001803062332328409,8924
7438,0.00018030732462648302,17706
7439,0.00018031202489510179,10163
7440,0.00018031243234872818,11273
7441,0.00018031286890618503,5288
7442,0.00018031550280284137,20735
7443,0.00018031820945907384,6281
7444,0.00018031877698376775,8776
7445,0.00018031877698376775,12539
7446,0.0001803246996132657,9417
7447,0.00018032638763543218,18868
7448,0.00018032909429166466,13150
7449,0.00018033543892670423,25724
7450,0.00018033586093224585,11076
7451,0.00018033843662124127,12880
7452,0.00018034366075880826,12365
7453,0.00018034878303296864,22365
7454,0.00018035201355814934,12387
7455,0.00018035458924714476,19581
7456,0.00018036068649962544,1811
7457,0.0001803635823307559,21977
7458,0.0001803639024728909,13708
7459,0.00018036797700915486,18683
7460,0.00018037152767647058,10730
7461,0.00018037162953987718,8944
7462,0.00018037472909782082,1446
7463,0.00018037486006505787,25404
7464,0.00018037490372080356,26035
7465,0.00018037714471574873,18676
7466,0.00018037921108771116,13211
7467,0.0001803795894375071,19090
7468,0.000180379647645168,10849
7469,0.00018038024427369237,4326
7470,0.00018038337293546647,26523
7471,0.00018038509006146342,555
7472,0.00018038596317637712,7946
7473,0.00018038645794149488,22136
7474,0.00018038794223684818,27237
7475,0.00018039038695860654,25696
7476,0.00018039326823782176,2365
7477,0.00018039860879071057,17751
7478,0.00018040076247416437,10193
7479,0.00018040127179119736,26257
7480,0.00018040795112028718,2331
7481,0.00018041155999526381,25437
7482,0.00018041195289697498,14255
7483,0.00018041383009403944,14897
7484,0.00018041809380520135,7702
7485,0.00018042561714537442,25461
7486,0.00018042641750071198,21768
7487,0.00018042778538074344,17215
7488,0.00018043111776933074,18824
7489,0.00018043651652988046,9319
7490,0.00018043706950265914,4847
7491,0.00018044165335595608,15965
7492,0.00018044521857518703,25999
7493,0.0001804460771381855,12341
7494,0.00018045025353785604,1404
7495,0.00018045563774649054,8200
7496,0.0001804667990654707,27317
7497,0.0001804685452952981,11128
7498,0.00018047205230686814,26417
7499,0.00018047828052658588,10978
7500,0.00018048005586024374,253
7501,0.00018048504716716707,8172
7502,0.0001804853236535564,8349
7503,0.0001804853236535564,12491
7504,0.0001804856728995219,13114
7505,0.0001804913190426305,4889
7506,0.00018049437494482845,13158
7507,0.00018049826030619442,8582
7508,0.00018049863865599036,16983
7509,0.0001805026113288477,25661
7510,0.00018050268408842385,9806
7511,0.00018050400831270963,9279
7512,0.0001805080974008888,16608
7513,0.00018050812650471926,25441
7514,0.00018051017832476646,24741
7515,0.00018051406368613243,12311
7516,0.00018051426741294563,3963
7517,0.00018052032100968063,1609
7518,0.00018052308587357402,18833
7519,0.00018052637460641563,8656
7520,0.00018052749510388821,12781
7521,0.00018052848463412374,12927
7522,0.00018052953237202018,4138
7523,0.00018052993982564658,22703
7524,0.00018053119129035622,22419
7525,0.00018053183157462627,5374
7526,0.0001805355423130095,19750
7527,0.00018053599342238158,15904
7528,0.00018054418615065515,534
7529,0.00018054572865366936,206
7530,0.00018054901738651097,9492
7531,0.00018054920656140894,18101
7532,0.00018055112741421908,17908
7533,0.00018055819964502007,19523
7534,0.0001805587235139683,24159
7535,0.00018056182307191193,7440
7536,0.00018056266708299518,23132
7537,0.00018056599947158247,15212
7538,0.000180574381374754,17525
7539,0.0001805786305340007,17554
7540,0.000180580434971489,22016
7541,0.00018058335990644991,7919
7542,0.0001805834617698565,22698
7543,0.00018058414570987225,5090
7544,0.00018058721616398543,23977
7545,0.0001805890933610499,12399
7546,0.0001805936190066859,1107
7547,0.00018059724243357778,6451
7548,0.00018059783906210214,20638
7549,0.00018060473666992038,6634
7550,0.0001806129002943635,22528
7551,0.00018061578157357872,25765
7552,0.000180620132596232,961
7553,0.00018062132585328072,23705
7554,0.00018062327580992132,16886
7555,0.0001806255750125274,24243
7556,0.00018062989693135023,8380
7557,0.00018063088646158576,13488
7558,0.00018063394236378372,23980
7559,0.00018063538300339133,14745
7560,0.0001806370564736426,13034
7561,0.00018063733296003193,10053
7562,0.00018063868628814816,11691
7563,0.00018064965843223035,9142
7564,0.00018065093900077045,13955
7565,0.00018065443146042526,9225
7566,0.0001806553191272542,19197
7567,0.00018065593030769378,9432
7568,0.0001806574291549623,3144
7569,0.00018065760377794504,10252
7570,0.00018066036864183843,2055
7571,0.00018066178017761558,17264
7572,0.00018066556367557496,24343
7573,0.00018066598568111658,11351
7574,0.00018066659686155617,26068
7575,0.00018066763004753739,1540
7576,0.0001806715881684795,11421
7577,0.00018067211203742772,17831
7578,0.00018067554628942162,25626
7579,0.00018069049110636115,23343
7580,0.00018069075304083526,21411
7581,0.0001806914951885119,1970
7582,0.00018069270299747586,12868
7583,0.00018070676014758646,13215
7584,0.00018070728401653469,7944
7585,0.00018070876831188798,23441
7586,0.00018071051454171538,77
7587,0.00018071061640512198,7965
7588,0.00018072155944537371,1987
7589,0.0001807273511076346,25528
7590,0.0001807274966267869,19306
7591,0.00018072829698212445,14203
7592,0.00018073256069328636,15138
7593,0.0001807343796826899,15526
7594,0.00018073635874316096,15256
7595,0.00018073718820232898,17605
7596,0.00018073973478749394,7269
7597,0.00018074200488626957,9608
7598,0.0001807421795092523,21194
7599,0.00018074270337820053,10446
7600,0.00018074469699058682,12862
7601,0.0001807458611438051,4670
7602,0.00018075188563670963,10145
7603,0.00018075188563670963,13251
7604,0.00018075190018862486,5848
7605,0.0001807555672712624,10148
7606,0.00018075558182317764,4977
7607,0.00018075753177981824,3967
7608,0.00018075847765430808,14053
7609,0.0001807594089768827,19957
7610,0.00018076410924550146,25453
7611,0.00018076611740980297,2258
7612,0.0001807691005524248,13063
7613,0.0001807705411920324,19642
7614,0.00018077122513204813,6146
7615,0.00018077311688102782,9130
7616,0.0001807793159969151,26747
7617,0.00018078142602462322,12930
7618,0.00018078256107401103,16707
7619,0.00018078889115713537,8301
7620,0.00018079022993333638,22035
7621,0.00018079231085721403,8733
7622,0.00018080063455272466,11063
7623,0.0001808014785638079,507
7624,0.00018080754671245813,11746
7625,0.00018081258167512715,15273
7626,0.00018081381858792156,6100
7627,0.00018081508460454643,24490
7628,0.00018082160386256874,12346
7629,0.0001808271772461012,12455
7630,0.00018082828319165856,25371
7631,0.00018082854512613267,4504
7632,0.0001808309170883149,7561
7633,0.00018083427858073264,7770
7634,0.00018083681061398238,7534
7635,0.00018083689792547375,9833
7636,0.00018084357725456357,16069
7637,0.0001808449305826798,8284
7638,0.00018084706971421838,1496
7639,0.00018085258489008993,10312
7640,0.00018085591727867723,7338
7641,0.00018085625197272748,9154
7642,0.0001808602683013305,20909
7643,0.00018086332420352846,5682
7644,0.00018086424097418785,14299
7645,0.0001808697998058051,9963
7646,0.00018087337957695127,26577
7647,0.00018087764328811318,19562
7648,0.00018088026263285428,16260
7649,0.00018088583601638675,8651
7650,0.00018088701472152025,26932
7651,0.0001808877568691969,17928
7652,0.00018088860088028014,16784
7653,0.00018088924116455019,288
7654,0.00018089126388076693,5020
7655,0.000180893563083373,14779
7656,0.0001808961242204532,1630
7657,0.00018089752120431513,11167
7658,0.0001808976667234674,16046
7659,0.00018089993682224303,18273
7660,0.00018090322555508465,25889
7661,0.00018090620869770646,476
7662,0.00018090897356159985,10044
7663,0.0001809107925510034,12669
7664,0.00018091531819663942,22974
7665,0.0001809171080822125,1718
7666,0.00018091939273290336,16159
7667,0.00018092508253175765,16392
7668,0.00018092573736794293,23022
7669,0.00018093051039613783,7081
7670,0.0001809321402106434,7669
7671,0.00018093451217282563,6730
7672,0.0001809435780160129,14370
7673,0.0001809527020668611,5723
7674,0.00018095322593580931,12125
7675,0.00018095399718731642,20988
7676,0.00018095965788234025,23800
7677,0.0001809620443964377,2603
7678,0.0001809620880521834,758
7679,0.00018097262363880873,23124
7680,0.00018097434076480567,23006
7681,0.00018097525753546506,6939
7682,0.0001809759996831417,21883
7683,0.0001809954846976325,16779
7684,0.0001809974346542731,4222
7685,0.00018099935550708324,14839
7686,0.00018100485613103956,13729
7687,0.00018100660236086696,12598
7688,0.000181008770596236,25330
7689,0.0001810146204661578,9002
7690,0.00018102290050592273,21467
7691,0.0001810230314731598,26078
7692,0.0001810248795663938,6982
7693,0.00018102620379067957,18760
7694,0.00018102726608049124,25231
7695,0.00018102885223925114,183
7696,0.0001810312387533486,2714
7697,0.00018103187903761864,11153
7698,0.0001810366375138983,5060
7699,0.00018104292394127697,19465
7700,0.00018104308401234448,1138
7701,0.00018104727496393025,7121
7702,0.00018104733317159116,410
7703,0.0001810476533137262,20361
7704,0.00018104769696947187,26745
7705,0.00018105107301380485,912
7706,0.0001810527319321409,19485
7707,0.00018105626804754138,17726
7708,0.0001810615067370236,6359
7709,0.00018106801144313067,5412
7710,0.00018106808420270681,17278
7711,0.00018106820061802864,4201
7712,0.0001810685353120789,12367
7713,0.00018107148935087025,24748
7714,0.00018107153300661594,291
7715,0.00018107198411598802,11769
7716,0.00018107524374499917,1559
7717,0.00018108000222127885,26683
7718,0.00018108940275851637,5347
7719,0.00018109245866071433,5210
7720,0.00018109679513145238,17440
7721,0.00018109836673829705,21478
7722,0.00018110663222614676,11617
7723,0.00018111384997610003,26186
7724,0.00018111683311872184,8888
7725,0.00018111825920641422,14649
7726,0.0001811245601857081,8816
7727,0.0001811298861866817,6432
7728,0.00018113059923052788,9373
7729,0.00018113126861862838,4127
7730,0.00018113161786459386,127
7731,0.00018113273836206645,402
7732,0.00018113359692506492,7504
7733,0.00018113429541699588,15982
7734,0.00018113509577233344,2036
7735,0.0001811397378332913,25590
7736,0.00018114504928234965,24452
7737,0.0001811527763493359,21422
7738,0.00018115522107109427,8553
7739,0.00018115804414264858,12996
7740,0.0001811580586945638,502
7741,0.0001811710826586932,7290
7742,0.00018117192666977644,25554
7743,0.00018117341096512973,6286
7744,0.00018117716535925865,6025
7745,0.00018118253501597792,16991
7746,0.000181184834218584,3534
7747,0.00018119400192517787,21711
7748,0.00018120132153853774,10664
7749,0.00018121000903192908,10127
7750,0.00018121245375368744,13693
7751,0.00018121425819117576,10143
7752,0.0001812171976780519,8438
7753,0.0001812180707929656,27229
7754,0.00018123129848390818,6950
7755,0.0001812340778997168,339
7756,0.0001812360278563574,18560
7757,0.00018123713380191475,20116
7758,0.00018124011694453657,27329
7759,0.00018124330381397158,4133
7760,0.00018124686903320253,14744
7761,0.00018125040514860302,18100
7762,0.0001812585542211309,141
7763,0.0001812612754292786,6936
7764,0.00018126390932593495,15738
7765,0.00018126395298168063,14279
7766,0.00018126892973668873,18642
7767,0.00018127138901036233,17689
7768,0.00018127367366105318,25445
7769,0.0001812825066735968,26013
7770,0.0001812832779251039,26314
7771,0.00018129115051124245,13196
7772,0.00018129349336959422,20431
7773,0.00018129567615687847,7782
7774,0.00018129583622794598,10944
7775,0.00018130301032215357,12068
7776,0.00018130622629541904,2730
7777,0.00018130677926819772,3726
7778,0.00018131089746020734,23625
7779,0.00018131105753127486,17742
7780,0.00018131162505596876,15315
7781,0.0001813144626794383,22852
7782,0.00018131616525352,26073
7783,0.00018131743127014488,10221
7784,0.00018131788237951696,24899
7785,0.00018131834804080427,16845
7786,0.00018132015247829258,27230
7787,0.0001813217968447134,19470
7788,0.0001813302660593763,15095
7789,0.00018133225967176259,14099
7790,0.00018133933190256357,28
7791,0.00018133992853108793,20604
7792,0.00018134202400688082,15229
7793,0.00018134219862986356,11370
7794,0.00018134804849978536,25940
7795,0.0001813488925108686,25417
7796,0.000181349299964495,6404
7797,0.0001813508861232549,22516
7798,0.00018135140999220312,18630
7799,0.00018135516438633204,24146
7800,0.00018135546997655183,25709
7801,0.0001813608396332711,13598
7802,0.00018136465223506093,13117
7803,0.00018136536527890712,23047
7804,0.0001813665876397863,5107
7805,0.00018136871221940964,10769
7806,0.00018136996368411928,11601
7807,0.00018137006554752588,9621
7808,0.00018137060396838933,16836
7809,0.00018137133156415075,18776
7810,0.00018137825827579945,3793
7811,0.00018137868028134108,26515
7812,0.0001813806447898969,24818
7813,0.0001813815615605563,13420
7814,0.00018138226005248725,23018
7815,0.00018138400628231466,20507
7816,0.0001813840208342299,20379
7817,0.00018138732411898673,19449
7818,0.00018139563326258212,25305
7819,0.00018140165775548667,26181
7820,0.0001814021816244349,12167
7821,0.00018140299653168768,16865
7822,0.00018140308384317905,16782
7823,0.00018140450993087143,13031
7824,0.0001814160350477323,8346
7825,0.00018142205954063684,7996
7826,0.0001814222487155348,6804
7827,0.0001814317802200094,20413
7828,0.0001814321003621444,17817
7829,0.00018143971101380885,7986
7830,0.0001814420975279063,80
7831,0.000181442461325787,11330
7832,0.0001814451825339347,14360
7833,0.00018144740897696465,8412
7834,0.00018145462672691792,21451
7835,0.00018145967624150217,26191
7836,0.0001814639545045793,4652
7837,0.00018146818911191076,23099
7838,0.00018147076480090618,5293
7839,0.0001814708230085671,6679
7840,0.00018147350056096911,21271
7841,0.0001814752322388813,22646
7842,0.00018148368690162897,19159
7843,0.00018148381786886603,1037
7844,0.00018148381786886603,8872
7845,0.00018148540402762592,20961
7846,0.00018148701929021627,8305
7847,0.00018149003153666854,4120
7848,0.0001814925781218335,8326
7849,0.00018149476090911776,14778
7850,0.00018149579409509897,8778
7851,0.0001814977586036548,1181
7852,0.0001815018622437492,9565
7853,0.00018150205141864717,5750
7854,0.00018150363757740706,7256
7855,0.00018150471441913396,25368
7856,0.00018150721734855324,12595
7857,0.00018150759569834918,2363
7858,0.00018151711265090853,16172
7859,0.00018152508710045367,6595
7860,0.00018152690608985722,20485
7861,0.00018152754637412727,21589
7862,0.00018152865231968462,17738
7863,0.00018152980192098767,5952
7864,0.00018153262499254197,27132
7865,0.00018153352721128613,26030
7866,0.00018153755809180439,11884
7867,0.00018153776181861758,17989
7868,0.0001815392606658861,14039
7869,0.00018153969722334296,15962
7870,0.0001815397263271734,25276
7871,0.0001815418218029663,10489
7872,0.00018154278222937137,770
7873,0.00018154431018047035,7097
7874,0.00018154681310988963,16914
7875,0.00018154845747631043,967
7876,0.00018155344878323376,23327
7877,0.00018156098667532206,5078
7878,0.0001815623400034383,18078
7879,0.00018156658916268498,12169
7880,0.0001815671712392941,7978
7881,0.0001815728610381484,9947
7882,0.00018157402519136667,11793
7883,0.00018157882732339203,17309
7884,0.0001815817813621834,10713
7885,0.0001815825526136905,9199
7886,0.00018158428429160267,19901
7887,0.00018158492457587272,16211
7888,0.00018158894090447575,19127
7889,0.0001815933792386204,21001
7890,0.00018159797764383256,25636
7891,0.00018159985484089702,23183
7892,0.00018160058243665844,20974
7893,0.00018160100444220006,22891
7894,0.0001816011790651828,3673
7895,0.0001816090807551518,24158
7896,0.00018161012849304825,16569
7897,0.00018161091429647058,2790
7898,0.00018161254411097616,22718
7899,0.0001816127187339589,17485
7900,0.00018161429034080356,5263
7901,0.00018162050400860608,12675
7902,0.0001816265139495954,15025
7903,0.00018162968626711518,2429
7904,0.0001816318981582299,5615
7905,0.0001816400035750121,4079
7906,0.00018164834182243794,1177
7907,0.00018165481742471457,17568
7908,0.00018165902292821556,8968
7909,0.0001816601725295186,19146
7910,0.00018166497466154397,8377
7911,0.00018166718655265868,26859
7912,0.00018167185771744698,2684
7913,0.00018167225061915815,22050
7914,0.0001816839794628322,26424
7915,0.00018168437236454338,19843
7916,0.00018168534734286368,26826
7917,0.00018168757378589362,16962
7918,0.00018168968381360173,6381
7919,0.0001816901785787195,16860
7920,0.00018169026589021087,3665
7921,0.0001816912117647007,21761
7922,0.00018169169197790325,8097
7923,0.00018169272516388446,1279
7924,0.0001816943840822205,14385
7925,0.00018169906979892403,4714
7926,0.000181701107067056,8690
7927,0.00018170785915572196,15520
7928,0.0001817086013033986,12777
7929,0.00018171354895457625,4406
7930,0.00018171942792832851,3406
7931,0.00018172049021814018,14124
7932,0.0001817212178139016,12429
7933,0.00018172641284763813,11494
7934,0.00018172786803916097,1188
7935,0.00018172820273321122,17044
7936,0.00018173170974478126,12026
7937,0.0001817317825043574,1000
7938,0.00018173348507843912,5128
7939,0.0001817338343244046,22335
7940,0.00018173668649978936,3031
7941,0.00018173758871853352,160
7942,0.00018173920398112386,7365
7943,0.00018174477736465633,6765
7944,0.0001817450247472152,11274
7945,0.00018174813885707408,21043
7946,0.00018175131117459387,4986
7947,0.00018175395962316543,26672
7948,0.0001817550219129771,11401
7949,0.00018176196317654103,22278
7950,0.00018176992307417095,5904
7951,0.0001817769225453958,22901
7952,0.00018177721358370036,24714
7953,0.00018177958554588258,6978
7954,0.00018177981837652624,15485
7955,0.00018178009486291558,25770
7956,0.00018178019672632217,5047
7957,0.00018178143363911659,10790
7958,0.00018178203026764095,19956
7959,0.00018179562175646424,9534
7960,0.00018179819744545966,1954
7961,0.00018179943435825408,9908
7962,0.00018180403276346624,24034
7963,0.00018180470215156674,21861
7964,0.0001818048913264647,15763
7965,0.00018181346240453422,3140
7966,0.00018181563063990325,8232
7967,0.00018182108760811388,11725
7968,0.00018182421626988798,27127
7969,0.0001818245800677687,10977
7970,0.0001818254095269367,15718
7971,0.00018182603525929153,416
7972,0.0001818264281610027,3226
7973,0.00018182778148911893,10091
7974,0.00018183072097599506,25398
7975,0.00018183405336458236,20700
7976,0.00018183492647949606,9566
7977,0.0001818356104195118,14928
7978,0.00018183770589530468,6303
7979,0.00018184409418608993,9877
7980,0.00018184501095674932,13496
7981,0.00018184648070018739,10679
7982,0.0001818492019083351,3282
7983,0.0001818493619794026,24702
7984,0.00018184958025813103,11812
7985,0.00018185154476668686,18350
7986,0.0001818523305701092,8224
7987,0.00018185476073995233,8383
7988,0.0001818570599425584,727
7989,0.00018186205124948174,14031
7990,0.00018186277884524316,5552
7991,0.00018186515080742538,23880
7992,0.00018186785746365786,8013
7993,0.00018187215027865022,13580
7994,0.0001818780874600634,19250
7995,0.00018187846580985934,3914
7996,0.00018188735703006387,16583
7997,0.00018188786634709686,8294
7998,0.00018188866670243442,17783
7999,0.0001818894234020263,5540
8000,0.0001818918826756999,20721
8001,0.00018189637921750546,23087
8002,0.00018190332048106939,2303
8003,0.0001819104072637856,27181
8004,0.00018191193521488458,19794
8005,0.00018191592243965715,2911
8006,0.0001819162571337074,16957
8007,0.00018192233983427286,8744
8008,0.00018192532297689468,10716
8009,0.00018192848074249923,7873
8010,0.00018193095456808805,23444
8011,0.00018193741561844945,17839
8012,0.00018193830328527838,10402
8013,0.00018193843425251544,19592
8014,0.00018193965661339462,5373
8015,0.00018194445874541998,26494
8016,0.00018196173186879605,15147
8017,0.00018196353630628437,774
8018,0.0001819640165194869,15440
8019,0.00018196502060163766,8546
8020,0.00018196506425738335,8444
8021,0.0001819721655920148,7557
8022,0.00018197282042820007,2265
8023,0.0001819777680793777,12487
8024,0.0001819852477638051,320
8025,0.00018198936595581472,25737
8026,0.00018199191254097968,3598
8027,0.00018199198530055583,13601
8028,0.00018199357145931572,24618
8029,0.00018199575424659997,25695
8030,0.0001819983299355954,7763
8031,0.00018199934856966138,27598
8032,0.00018199945043306798,20868
8033,0.00018199972691945732,10845
8034,0.00018200214253738523,9085
8035,0.0001820024917833507,12274
8036,0.00018200321937911212,5309
8037,0.000182005314854905,589
8038,0.00018200681370217353,1577
8039,0.00018200691556558013,1121
8040,0.0001820075121941045,8786
8041,0.00018200780323240906,21999
8042,0.0001820096222218126,122
8043,0.00018201016064267606,12264
8044,0.0001820106990635395,9459
8045,0.00018201462808065116,8788
8046,0.00018201749480795115,8287
8047,0.00018201948842033744,14216
8048,0.00018202063802164048,21929
8049,0.00018202558567281812,11542
8050,0.00018202971841674298,6616
8051,0.00018203185754828155,24771
8052,0.00018203273066319525,4246
8053,0.00018203409854322672,11615
8054,0.00018203469517175108,27202
8055,0.0001820357865653932,23730
8056,0.0001820373727241531,22988
8057,0.00018203964282292873,25071
8058,0.000182045521796681,9006
8059,0.0001820477336877957,9609
8060,0.00018205239030066878,10690
8061,0.00018205447122454643,22284
8062,0.00018205508240498602,22210
8063,0.00018205646483693272,8140
8064,0.00018206218373961747,19165
8065,0.00018206288223154843,21348
8066,0.0001820652250899002,3229
8067,0.0001820662582758814,2297
8068,0.0001820699981180951,20092
8069,0.00018207187531515956,1792
8070,0.00018207811808679253,3798
8071,0.00018207970424555242,23222
8072,0.00018208891560789198,4763
8073,0.00018209574045613408,21410
8074,0.00018209998961538076,19903
8075,0.00018210947746410966,14600
8076,0.00018211097631137818,24263
8077,0.00018211131100542843,21350
8078,0.0001821133482735604,24027
8079,0.00018211459973827004,26323
8080,0.00018211541464552283,18761
8081,0.00018212002760265023,11949
8082,0.00018212369468528777,21979
8083,0.00018212413124274462,1372
8084,0.0001821293990360573,22511
8085,0.000182129762833938,2920
8086,0.00018212993745692074,699
8087,0.0001821322803152725,25062
8088,0.00018213580187875777,3010
8089,0.0001821362820919603,24792
8090,0.0001821367914089933,6063
8091,0.00018213798466604203,20178
8092,0.0001821384794311598,18563
8093,0.00018214283045381308,22076
8094,0.00018214384908787906,15143
8095,0.0001821513578761369,24204
8096,0.00018215383170172572,4168
8097,0.0001821569021558389,14080
8098,0.0001821593032218516,3087
8099,0.00018216186435893178,11600
8100,0.0001821653131628409,26581
8101,0.00018216634634882212,5822
8102,0.00018217493197880685,4226
8103,0.00018217768229078501,23342
8104,0.00018217827891930938,7273
8105,0.0001821785408537835,6502
8106,0.0001821803889470175,6123
8107,0.0001821813639253378,2842
8108,0.0001821840851334855,1984
8109,0.00018218811601400375,16951
8110,0.00018219760386273265,19370
8111,0.00018220626225229353,26767
8112,0.0001822088670451194,21616
8113,0.00018221059872303158,1408
8114,0.00018221198115497828,15611
8115,0.00018222203652840108,12613
8116,0.00018222222570329905,23610
8117,0.0001822234917199239,10775
8118,0.00018222561629954726,9602
8119,0.00018222793005406857,8579
8120,0.00018222806102130562,8146
8121,0.00018223212100565434,18742
8122,0.00018223232473246753,9217
8123,0.00018223613733425736,12948
8124,0.00018224332598038018,27792
8125,0.00018224878294859082,489
8126,0.0001822599006118253,4175
8127,0.00018226211250294,2884
8128,0.00018226368410978466,360
8129,0.00018226474639959633,14413
8130,0.00018227296823170036,12611
8131,0.00018227656255476177,18938
8132,0.00018228041881229728,19535
8133,0.00018228183034807444,8526
8134,0.00018228573026135564,6827
8135,0.00018229082343168557,14653
8136,0.00018230477871838957,19816
8137,0.00018230790738016367,1189
8138,0.00018230814021080732,3321
8139,0.00018230896966997534,3263
8140,0.000182309202500619,5530
8141,0.00018230931891594082,1573
8142,0.00018231260764878243,27577
8143,0.00018231436843052506,25574
8144,0.00018231981084682047,25669
8145,0.0001823264465201646,14683
8146,0.00018232660659123212,26023
8147,0.00018232701404485852,17145
8148,0.00018233103037346154,22416
8149,0.00018233334412798285,26958
8150,0.00018233356240671128,14095
8151,0.00018233990704175085,6618
8152,0.00018234094022773206,1461
8153,0.00018234646995551884,10024
8154,0.00018234719755128026,25920
8155,0.00018234868184663355,6525
8156,0.00018234904564451426,26217
8157,0.00018235102470498532,24086
8158,0.00018235109746456146,8604
8159,0.00018235492461826652,14951
8160,0.00018235601601190865,14321
8161,0.00018235885363537818,12983
8162,0.0001823674829211086,3064
8163,0.00018236797768622637,18968
8164,0.00018237043695989996,2987
8165,0.0001823740021791309,11576
8166,0.00018237427866552025,2003
8167,0.00018237464246340096,4032
8168,0.00018237608310300857,2342
8169,0.0001823872880777344,878
8170,0.00018238823395222425,8212
8171,0.00018238952907267958,15544
8172,0.00018239331257063895,5598
8173,0.00018239498604089022,3864
8174,0.00018239916244056076,20788
8175,0.00018239920609630644,7386
8176,0.00018240357167087495,11660
8177,0.00018241198267787695,8868
8178,0.00018241212819702923,12172
8179,0.00018241381621919572,4343
8180,0.00018242275109514594,1261
8181,0.00018242310034111142,10777
8182,0.00018242486112285405,24013
8183,0.00018243276281282306,22376
8184,0.00018243533850181848,5190
8185,0.00018243541126139462,22978
8186,0.00018243995145894587,13917
8187,0.00018244235252495855,18529
8188,0.0001824424252845347,1327
8189,0.0001824431965360418,8545
8190,0.00018244559760205448,25217
8191,0.00018244562670588493,21386
8192,0.00018244706734549254,8708
8193,0.00018244939565192908,13163
8194,0.00018244964303448796,6951
8195,0.00018245547835249454,18703
8196,0.0001824573118938133,21519
8197,0.00018245754472445697,355
8198,0.00018245898536406457,18344
8199,0.0001824614155339077,20472
8200,0.0001824727514758706,19873
8201,0.00018248452397529036,19717
8202,0.00018248562992084771,27497
8203,0.00018249335698783398,24111
8204,0.00018249420099891722,5033
8205,0.00018249500135425478,3969
8206,0.00018249964341521263,22627
8207,0.00018249974527861923,27503
8208,0.0001825048093451187,1161
8209,0.00018251099390909076,9506
8210,0.00018251124129164964,12657
8211,0.00018251285655424,22803
8212,0.00018251354049425572,8459
8213,0.00018251416622661054,17498
8214,0.00018251434084959328,27434
8215,0.00018251559231430292,11244
8216,0.0001825180370360613,5801
8217,0.0001825185026973486,8784
8218,0.00018251956498716027,11731
8219,0.00018252346490044147,23106
8220,0.00018252382869832218,8739
8221,0.00018252468726132065,14520
8222,0.00018252535664942116,3867
8223,0.00018252544396091253,3977
8224,0.00018252688460052013,20080
8225,0.00018253100279252976,11605
8226,0.0001825321960495785,22296
8227,0.00018253496091347188,5646
8228,0.00018253640155307949,24276
8229,0.0001825408689910546,24233
8230,0.000182542105903849,21417
8231,0.00018254958558827639,15613
8232,0.000182550516910851,6437
8233,0.00018255085160490125,27174
8234,0.000182551535544917,25576
8235,0.00018255368922837079,20595
8236,0.00018255927716381848,5542
8237,0.0001825599611038342,3808
8238,0.0001825603103497997,26687
8239,0.00018256196926813573,13873
8240,0.0001825621584430337,18357
8241,0.0001825649378588423,14574
8242,0.00018256613111589104,13431
8243,0.00018256860494147986,1473
8244,0.0001825702202040702,18454
8245,0.00018257228657603264,18597
8246,0.00018257417832501233,14978
8247,0.0001825753424782306,15841
8248,0.00018257685587741435,23658
8249,0.00018258024647366256,27680
8250,0.00018258228374179453,4715
8251,0.00018258256022818387,19203
8252,0.00018258542695548385,4908
8253,0.00018258577620144933,14425
8254,0.0001825867366278544,10051
8255,0.0001825918589020148,7791
8256,0.00018260128854308277,17140
8257,0.00018260303477291018,23846
8258,0.000182605508598499,10111
8259,0.00018260849174112082,3649
8260,0.00018260905926581472,25676
8261,0.00018261362856719643,4403
8262,0.00018262099183630198,20282
8263,0.00018262489174958318,14545
8264,0.0001826251536840573,26841
8265,0.0001826379302656278,8473
8266,0.00018264554091729224,3196
8267,0.0001826467487262562,7518
8268,0.0001826528605306521,1019
8269,0.00018265897233504802,23197
8270,0.0001826601946959272,16255
8271,0.00018266345432493836,24211
8272,0.00018266477854922414,16803
8273,0.00018266776169184595,19713
8274,0.0001826740917749703,1944
8275,0.00018267444102093577,3820
8276,0.00018267477571498603,1453
8277,0.0001826772204367444,12004
8278,0.000182677322300151,21650
8279,0.00018268170242663473,18141
8280,0.0001826930238166824,24264
8281,0.00018269407155457884,8267
8282,0.00018270331202074885,2552
8283,0.00018270582950208336,26636
8284,0.0001827073429012671,22980
8285,0.00018270952568855137,8209
8286,0.0001827137457439676,2323
8287,0.00018271816952619702,21692
8288,0.00018272017769049853,10511
8289,0.00018272035231348127,7424
8290,0.0001827270316425711,2537
8291,0.00018272746820002794,13563
8292,0.00018272930174134672,7630
8293,0.0001827312371460721,27587
8294,0.0001827405212679878,15466
8295,0.00018274254398420453,19401
8296,0.00018274450849276036,15220
8297,0.00018275351612828672,438
8298,0.00018275527691002935,18066
8299,0.00018275716865900904,23941
8300,0.00018275866750627756,20579
8301,0.0001827591477194801,21168
8302,0.00018276450282428414,5253
8303,0.0001827650994528085,26111
8304,0.00018276975606568158,11537
8305,0.00018277324852533638,23612
8306,0.0001827732630772516,8876
8307,0.0001827745436457917,16961
8308,0.0001827748928917572,1566
8309,0.0001827766391215846,8932
8310,0.00018278203788213432,21746
8311,0.00018278410425409675,7257
8312,0.0001827864907681942,11398
8313,0.00018279081268701702,483
8314,0.00018279171490576118,16407
8315,0.00018279497453477234,2850
8316,0.00018279888899996877,19110
8317,0.0001827994710765779,11190
8318,0.00018280022777616978,23669
8319,0.00018280466611031443,22906
8320,0.0001828073727665469,6677
8321,0.00018280994845554233,10508
8322,0.00018281319353263825,431
8323,0.00018281408119946718,26410
8324,0.00018281466327607632,19543
8325,0.00018281508528161794,11082
8326,0.00018281849042978138,17865
8327,0.0001828186068451032,2864
8328,0.00018282364180777222,6392
8329,0.0001828272797865793,18480
8330,0.0001828326639952138,10534
8331,0.00018284485850017518,13053
8332,0.00018284791440237314,767
8333,0.00018284805992152542,20102
8334,0.00018285120313521475,22968
8335,0.0001828537933761254,8879
8336,0.0001828609820222482,25038
8337,0.00018286269914824516,27309
8338,0.0001828630338422954,13322
8339,0.00018286558042746037,14277
8340,0.00018286716658622026,20760
8341,0.00018286757403984666,3523
8342,0.00018286937847733498,6463
8343,0.0001828701642807573,25694
8344,0.00018287212878931314,20845
8345,0.00018287372949998826,735
8346,0.0001828740641940385,15786
8347,0.0001828755484893918,4404
8348,0.00018287952116224915,13142
8349,0.00018288285355083644,894
8350,0.00018288413411937654,528
8351,0.00018288525461684912,8017
8352,0.00018288800492882729,16491
8353,0.00018289028957951814,5011
8354,0.00018289522267878056,6290
8355,0.0001828976528486237,13822
8356,0.00018289957370143384,24521
8357,0.00018290245498064905,7926
8358,0.00018290757725480944,3613
8359,0.00018290888692718,22638
8360,0.00018291377637069672,19881
8361,0.00018291472224518657,24250
8362,0.00018291595915798098,22870
8363,0.00018291614833287895,1655
8364,0.00018291860760655254,19780
8365,0.0001829192042350769,20262
8366,0.00018292137247044593,6160
8367,0.0001829217217164114,26948
8368,0.00018292454478796571,3457
8369,0.00018292955064680427,21848
8370,0.00018293134053237736,19740
8371,0.00018293764151167125,2691
8372,0.00018294103210791945,14365
8373,0.00018294215260539204,5770
8374,0.0001829426910262555,23545
8375,0.00018294589244760573,5145
8376,0.00018294744950253516,4747
8377,0.00018294950132258236,17593
8378,0.00018295149493496865,6581
8379,0.00018295730114914477,20589
8380,0.000182957825018093,16300
8381,0.000182959163794294,1844
8382,0.00018296587222721428,27155
8383,0.00018296713824383914,15065
8384,0.000182968404260464,13206
8385,0.00018296856433153152,23335
8386,0.0001829690590966493,5279
8387,0.00018296987400390208,20427
8388,0.00018297320639248937,23199
8389,0.00018297397764399648,14585
8390,0.00018297461792826653,20399
8391,0.00018297693168278784,26372
8392,0.00018297707720194012,10484
8393,0.00018297710630577058,7588
8394,0.0001829785614972934,26346
8395,0.00018297990027349442,8071
8396,0.0001829799875849858,8977
8397,0.00018298030772712082,15193
8398,0.000182984716957435,13395
8399,0.0001829860411817208,23098
8400,0.0001829863031161949,20297
8401,0.00018298726354259998,24576
8402,0.0001829923567129299,674
8403,0.00018299759540241212,6601
8404,0.00018299935618415475,27137
8405,0.00018300325609743595,9278
8406,0.000183003896381706,27537
8407,0.00018300882948096842,3927
8408,0.0001830120600061491,7839
8409,0.00018302220269106328,9066
8410,0.00018302715034224093,6627
8411,0.000183028620085679,20799
8412,0.0001830293476814404,2353
8413,0.00018302953685633838,10529
8414,0.00018303259275853634,4964
8415,0.00018303281103726476,4463
8416,0.00018303314573131502,4702
8417,0.00018303812248632312,23842
8418,0.0001830426335800439,9208
8419,0.00018304502009414136,4433
8420,0.00018304782861378044,25167
8421,0.00018304915283806622,17624
8422,0.0001830517139751464,5840
8423,0.0001830562250688672,10763
8424,0.00018305917910765857,13013
8425,0.00018305967387277633,1586
8426,0.00018306466517969966,6706
8427,0.00018306712445337325,25053
8428,0.00018307026766706258,22985
8429,0.00018307592836208642,22471
8430,0.00018307827122043818,1192
8431,0.00018307834398001432,12710
8432,0.00018309168808627874,20155
8433,0.00018309311417397112,22387
8434,0.00018309330334886909,27195
8435,0.0001830938272178173,275
8436,0.0001830983383115381,4707
8437,0.00018309846927877516,24768
8438,0.00018310113227926195,14109
8439,0.0001831083354773,18866
8440,0.0001831110566854477,12567
8441,0.00018311159510631114,7009
8442,0.0001831123954616487,1447
8443,0.00018311591702513397,10773
8444,0.00018311642634216696,19692
8445,0.00018312247993890196,2285
8446,0.00018312863539904356,15074
8447,0.00018312995962332934,21908
8448,0.00018313118198420852,6216
8449,0.00018313540203962475,4498
8450,0.00018313822511117905,16427
8451,0.00018313863256480545,14034
8452,0.00018314634507987648,11480
8453,0.00018314647604711354,2933
8454,0.00018314846965949982,9507
8455,0.00018314900808036327,20512
8456,0.00018315442139282823,15755
8457,0.00018315551278647035,443
8458,0.00018315803026780486,795
8459,0.0001831652334658429,1131
8460,0.0001831653353292495,13704
8461,0.0001831720001064241,14161
8462,0.00018317594367545098,4264
8463,0.0001831759582273662,25266
8464,0.00018317910144105554,4909
8465,0.00018317920330446213,12584
8466,0.0001831819099606946,22543
8467,0.00018318387446925044,15722
8468,0.0001831840054364875,10479
8469,0.00018318422371521592,20355
8470,0.00018318432557862252,27505
8471,0.00018318479123990983,1146
8472,0.00018318807997275144,11408
8473,0.00018319037917535752,3180
8474,0.00018319045193493366,18339
8475,0.00018319215450901538,4456
8476,0.00018319465743843466,7989
8477,0.0001831955451052636,18850
8478,0.00018319659284316003,4681
8479,0.00018319663649890572,1554
8480,0.00018320168601348996,23476
8481,0.00018320245726499707,10332
8482,0.00018320979143027216,3615
8483,0.00018321347306482494,3134
8484,0.00018321505922358483,14536
8485,0.00018322159303352237,2462
8486,0.0001832242705859244,6071
8487,0.00018322562391404063,26342
8488,0.0001832282287068665,5411
8489,0.0001832301204558462,9796
8490,0.00018323292897548527,14252
8491,0.00018323615950066596,12130
8492,0.0001832365378504619,2935
8493,0.00018323675612919033,12519
8494,0.000183241005288437,5586
8495,0.00018324256234336644,16345
8496,0.00018324455595575273,27541
8497,0.00018324775737710297,12754
8498,0.0001832557754823938,1038
8499,0.0001832558773458004,3
8500,0.00018325784185435623,2666
8501,0.00018325807468499988,18422
8502,0.00018325963173992932,16591
8503,0.00018326919234823436,8274
8504,0.00018326954159419984,19706
8505,0.00018327015277463943,23643
8506,0.00018327133147977293,19185
8507,0.00018327197176404297,22478
8508,0.00018327555153518915,20915
8509,0.0001832766574807465,18945
8510,0.00018327946600038558,22696
8511,0.00018327966972719878,27092
8512,0.00018328869191464037,24302
8513,0.00018329372687730938,26568
8514,0.0001832969719544053,24663
8515,0.00018329940212424845,2725
8516,0.0001833050191635266,15324
8517,0.00018330730381421745,1454
8518,0.00018330739112570882,5159
8519,0.00018331024330109358,26057
8520,0.00018331044702790678,11431
8521,0.00018331191677134484,25174
8522,0.00018331356113776565,26579
8523,0.0001833153364714235,7107
8524,0.00018331952742300928,23339
8525,0.0001833196438383311,18162
8526,0.00018332171021029353,19730
8527,0.00018332414038013667,6120
8528,0.00018332680338062346,2479
8529,0.00018333634943701327,3775
8530,0.00018333956541027874,4590
8531,0.00018334040942136198,8906
8532,0.000183340729563497,11817
8533,0.00018334173364564776,1914
8534,0.00018334212654735893,18939
8535,0.00018334599735680968,22642
8536,0.0001833468268159777,12347
8537,0.00018334700143896043,24990
8538,0.00018334788910578936,8725
8539,0.00018334947526454926,12359
8540,0.00018335477216169238,7355
8541,0.00018335951608605683,53
8542,0.00018336372158955783,22688
8543,0.000183364114491269,8682
8544,0.00018336500215809792,27489
8545,0.00018336686480324715,2164
8546,0.0001833669375628233,3586
8547,0.00018337569781579077,4549
8548,0.00018338210065849125,21587
8549,0.00018338799418415874,17387
8550,0.00018339055532123893,10779
8551,0.00018339097732678056,26467
8552,0.00018339180678594857,22905
8553,0.00018339247617404908,7195
8554,0.00018339457164984196,632
8555,0.00018339764210395515,21358
8556,0.0001834007416618988,10275
8557,0.00018340226961299777,3618
8558,0.0001834067516028881,21161
8559,0.00018340806127525866,25903
8560,0.0001834131107898429,3892
8561,0.00018342025578022003,6035
8562,0.0001834234717534855,4150
8563,0.00018343518604524434,19322
8564,0.0001834356808103621,25362
8565,0.00018343573901802301,10832
8566,0.0001834373251767829,11815
8567,0.00018343910051044077,19178
8568,0.00018344800628256053,900
8569,0.00018345017451792955,7792
8570,0.0001834536378737539,22834
8571,0.0001834538416005671,7515
8572,0.00018345688295084983,2123
8573,0.00018346485740039498,6687
8574,0.0001834673312259838,20768
8575,0.00018346833530813456,4666
8576,0.00018347444711253047,9543
8577,0.0001834748691180721,2125
8578,0.00018347639706917107,1960
8579,0.00018347668810747564,6476
8580,0.00018348306184634566,27706
8581,0.00018348926096223295,12666
8582,0.00018348946468904614,18511
8583,0.00018349151650909334,13677
8584,0.00018349188030697405,20823
8585,0.0001834927825257182,4101
8586,0.00018349858873989433,15948
8587,0.000183500160346739,11077
8588,0.00018350077152717859,22400
8589,0.00018350669415667653,6557
8590,0.00018350884784013033,8713
8591,0.0001835097064031288,27569
8592,0.00018351692415308207,16042
8593,0.00018351926701143384,5456
8594,0.00018352328334003687,9903
8595,0.00018352440383750945,20141
8596,0.0001835252478485927,9398
8597,0.00018352553888689727,4461
8598,0.00018352613551542163,12091
8599,0.00018352671759203076,4196
8600,0.00018352671759203076,6278
8601,0.00018352804181631655,2197
8602,0.00018353236373513937,23332
8603,0.0001835338625824079,3373
8604,0.00018353809718973935,3204
8605,0.00018353846098762006,10974
8606,0.0001835406437749043,17566
8607,0.0001835429429775104,111
8608,0.0001835443254094571,26329
8609,0.00018354554777033627,19976
8610,0.00018354567873757333,800
8611,0.00018354615895077586,14033
8612,0.00018354691565036774,10375
8613,0.00018354851636104286,23648
8614,0.00018355311476625502,18986
8615,0.00018355558859184384,5009
8616,0.00018355771317146719,15715
8617,0.000183558848220855,24409
8618,0.0001835611037677154,8950
8619,0.0001835619332268834,26791
8620,0.00018356683722231537,11403
8621,0.0001835678849602118,11902
8622,0.00018356942746322602,10995
8623,0.0001835743460105732,14394
8624,0.00018357450608164072,4602
8625,0.00018357703811489046,8069
8626,0.0001835777220549062,18559
8627,0.00018357863882556558,18882
8628,0.0001835789589677006,2876
8629,0.00018358339730184525,27054
8630,0.00018359256500843912,25712
8631,0.00018359273963142186,17138
8632,0.00018359631940256804,22654
8633,0.00018359678506385535,22489
8634,0.00018360362446401268,14444
8635,0.0001836046576499939,15108
8636,0.00018360470130573958,22257
8637,0.00018360982357989997,6857
8638,0.00018361325783189386,5873
8639,0.0001836167648434639,8942
8640,0.0001836167648434639,13362
8641,0.00018361785623710603,34
8642,0.00018361961701884866,7716
8643,0.00018362280388828367,24651
8644,0.00018362519040238112,11718
8645,0.00018362714035902172,22567
8646,0.00018363182607572526,3005
8647,0.0001836321607697755,10592
8648,0.0001836336887208745,7901
8649,0.00018363444542046636,5817
8650,0.0001836392330005765,7187
8651,0.00018364029529038817,9229
8652,0.00018364684365224093,16152
8653,0.0001836503652157262,10372
8654,0.00018365059804636985,11714
8655,0.00018365314463153481,10803
8656,0.00018365740834269673,10635
8657,0.00018366028962191194,16467
8658,0.0001836655574152246,14896
8659,0.0001836703740991652,2170
8660,0.00018367152370046824,108
8661,0.0001836750452639535,12912
8662,0.0001836795563576743,3420
8663,0.00018368106975685805,18254
8664,0.0001836836599977687,22518
8665,0.00018368448945693672,11780
8666,0.00018368878227192909,5991
8667,0.00018368932069279253,8930
8668,0.00018368952441960573,25309
8669,0.00018369437020737678,6116
8670,0.0001836963783716783,19013
8671,0.00018369650933891535,8090
8672,0.00018369777535554022,20757
8673,0.000183699608896859,5519
8674,0.00018369992903899401,13991
8675,0.0001837039744714275,15515
8676,0.00018371216719970107,16692
8677,0.00018372228078078479,10499
8678,0.0001837274758145213,19803
8679,0.00018372948397882283,23934
8680,0.00018373189959675074,9152
8681,0.0001837323361542076,26279
8682,0.0001837336312746629,26331
8683,0.0001837373711168766,20517
8684,0.00018373799684923142,10831
8685,0.00018374543287791312,9912
8686,0.00018374815408606082,328
8687,0.00018375238869339228,4212
8688,0.0001837526506278664,1471
8689,0.00018375499348621815,2325
8690,0.00018375582294538617,18785
8691,0.00018375966465100646,10335
8692,0.0001837605086620897,12343
8693,0.00018376593652646989,8743
8694,0.0001837677409639582,18302
8695,0.0001837713352870196,17520
8696,0.0001837724557844922,27110
8697,0.00018378252570983022,15123
8698,0.00018378258391749114,25678
8699,0.00018378403910901397,12563
8700,0.00018378673121333122,13307
8701,0.00018378729873802513,2141
8702,0.00018379160610493273,22318
8703,0.00018379434186499566,18696
8704,0.00018379463290330023,8000
8705,0.00018380052642896771,8030
8706,0.00018380353867541999,6964
8707,0.00018380690016783774,12768
8708,0.00018380778783466667,23021
8709,0.00018381055269856006,13952
8710,0.00018381145491730422,5912
8711,0.0001838255993789062,1251
8712,0.00018382717098575085,9133
8713,0.00018382813141215593,14331
8714,0.0001838302268879488,9620
8715,0.00018383091082796454,772
8716,0.00018383220594841987,27251
8717,0.0001838345342548564,929
8718,0.00018383526185061783,26908
8719,0.00018383731367066503,3280
8720,0.00018383741553407162,3614
8721,0.00018384007853455842,3296
8722,0.00018384608847554773,22434
8723,0.0001838461175793782,24021
8724,0.00018384645227342844,9239
8725,0.0001838465832406655,18420
8726,0.00018385195289738476,68
8727,0.00018385573639534414,12708
8728,0.0001838568423409015,19346
8729,0.00018386467127129436,4008
8730,0.0001838702301029116,13973
8731,0.00018387312593404204,21725
8732,0.0001838765892898664,22694
8733,0.00018387944146525115,22334
8734,0.00018387983436696231,1526
8735,0.00018388149328529835,24560
8736,0.00018388210446573794,6757
8737,0.0001838823372963816,11159
8738,0.00018388297758065164,12639
8739,0.00018388334137853235,18893
8740,0.00018388412718195468,2377
8741,0.0001838849566411227,18139
8742,0.00018388534954283386,15892
8743,0.00018388658645562828,8711
8744,0.00018388667376711965,15513
8745,0.000183888798346743,12428
8746,0.0001838894240790978,3272
8747,0.00018389386241324246,18605
8748,0.00018389469187241048,11440
8749,0.00018389627803117037,22218
8750,0.00018389878096058965,17174
8751,0.00018389883916825056,14596
8752,0.00018390308832749724,15370
8753,0.00018390367040410638,4928
8754,0.00018390620243735611,3894
8755,0.000183914351509884,9223
8756,0.0001839153264882043,18553
8757,0.00018391849880572408,15795
8758,0.00018391852790955454,4379
8759,0.000183918557013385,3913
8760,0.0001839196920627728,5402
8761,0.0001839292817749083,16504
8762,0.00018393021309748292,5428
8763,0.00018393238133285195,18843
8764,0.00018393906066194177,11878
8765,0.00018393924983683974,9118
8766,0.00018393942445982248,17511
8767,0.00018394115613773465,19158
8768,0.00018394710787106305,4169
8769,0.0001839476899476722,6087
8770,0.00018394803919363767,12490
8771,0.00018395172082819045,10288
8772,0.00018395351071376354,10641
8773,0.0001839544711401686,11898
8774,0.00018396007362753153,21645
8775,0.00018396347877569497,16856
8776,0.0001839653996285051,26831
8777,0.0001839662145357579,20983
8778,0.0001839687320170924,12529
8779,0.00018396884843241423,8643
8780,0.0001839701144490391,9318
8781,0.0001839714968809858,21258
8782,0.0001839723263401538,7922
8783,0.00018397239909972996,14931
8784,0.00018397244275547564,15313
8785,0.0001839756005210802,3686
8786,0.00018397916574031115,16023
8787,0.00018398625252302736,6768
8788,0.0001839899632614106,13064
8789,0.0001839905307861045,14890
8790,0.0001839919132180512,8927
8791,0.00018399486725684255,3759
8792,0.00018399590044282377,17996
8793,0.00018399667169433087,8841
8794,0.00018399953842163086,8512
8795,0.0001840004260884598,4924
8796,0.00018400275439489633,27118
8797,0.00018400298722553998,12233
8798,0.00018400367116555572,23583
8799,0.0001840057666413486,718
8800,0.00018401251873001456,1043
8801,0.0001840136683313176,2969
8802,0.00018401662237010896,22522
8803,0.0001840222394093871,22699
8804,0.00018403316789772362,6421
8805,0.00018403322610538453,1555
8806,0.00018403360445518047,15130
8807,0.00018403446301817894,7655
8808,0.00018403882859274745,20661
8809,0.0001840441400418058,10662
8810,0.00018405471928417683,1228
8811,0.00018405835726298392,10437
8812,0.0001840614713728428,8258
8813,0.0001840642507886514,8884
8814,0.00018406659364700317,23513
8815,0.00018407554307486862,24066
8816,0.00018407923926133662,23756
8817,0.00018408051982987672,16595
8818,0.0001840822515077889,22734
8819,0.00018408412870485336,19029
8820,0.00018408500181976706,15536
8821,0.0001840882032411173,19574
8822,0.00018408845062367618,10099
8823,0.0001840907643781975,17135
8824,0.00018409255426377058,9936
8825,0.00018409737094771117,2558
8826,0.00018410761549603194,458
8827,0.00018410931807011366,9300
8828,0.00018411142809782177,13000
8829,0.00018412136705592275,10170
8830,0.00018412555800750852,25550
8831,0.000184127246029675,3079
8832,0.00018412830831948668,3693
8833,0.0001841300691012293,14621
8834,0.00018413075304124504,23052
8835,0.0001841415505623445,2663
8836,0.0001841416087700054,26566
8837,0.00018414671649225056,19899
8838,0.00018414820078760386,23765
8839,0.0001841523771872744,19776
8840,0.00018415885278955102,12652
8841,0.00018415975500829518,17173
8842,0.00018416656530462205,4369
8843,0.0001841687480919063,4038
8844,0.00018416965031065047,24442
8845,0.00018417037790641189,2827
8846,0.00018417075625620782,4104
8847,0.00018417347746435553,1742
8848,0.00018417616956867278,23031
8849,0.00018417881801724434,2829
8850,0.00018417883256915957,14797
8851,0.0001841841876739636,7945
8852,0.00018418507534079254,25424
8853,0.0001841869088821113,16150
8854,0.00018418706895317882,8543
8855,0.00018419086700305343,24733
8856,0.0001841979828896001,8979
8857,0.00018419841944705695,22757
8858,0.00018419991829432547,23461
8859,0.00018420095148030668,3873
8860,0.00018420509877614677,9200
8861,0.0001842086494434625,2694
8862,0.00018421138520352542,22386
8863,0.00018421145796310157,26689
8864,0.00018421873392071575,5108
8865,0.00018421956337988377,25498
8866,0.00018422560242470354,27400
8867,0.00018422795983497053,16426
8868,0.0001842295314418152,14591
8869,0.00018423325673211366,14040
8870,0.000184235381311737,19677
8871,0.0001842378405854106,8580
8872,0.00018424556765239686,25349
8873,0.00018425678717903793,4348
8874,0.00018425751477479935,16440
8875,0.00018425830057822168,25458
8876,0.00018426122551318258,6775
8877,0.00018426151655148715,21111
8878,0.0001842616475187242,15497
8879,0.000184266667929478,2904
8880,0.00018426789029035717,18386
8881,0.00018426791939418763,24551
8882,0.00018426864698994905,22385
8883,0.0001842697529355064,7340
8884,0.00018427186296321452,4072
8885,0.00018427254690323025,22539
8886,0.0001842737547121942,10859
8887,0.00018427548639010638,10796
8888,0.00018427756731398404,9329
8889,0.0001842791389208287,10584
8890,0.00018427979375701398,24090
8891,0.00018428110342938453,19056
8892,0.0001842834462877363,27705
8893,0.00018428423209115863,24413
8894,0.00018428788462188095,24587
8895,0.00018428993644192815,8820
8896,0.0001842926285462454,19973
8897,0.00018429393821861595,17965
8898,0.00018429505871608853,12255
8899,0.0001842955098254606,2617
8900,0.0001842986821429804,9599
8901,0.00018430018099024892,15846
8902,0.00018430229101795703,19709
8903,0.00018430897034704685,22912
8904,0.0001843105274019763,7646
8905,0.00018431067292112857,3765
8906,0.000184312739293091,11524
8907,0.0001843173085944727,26204
8908,0.00018432083015795797,17692
8909,0.00018432406068313867,15867
8910,0.00018432429351378232,2823
8911,0.00018432473007123917,3535
8912,0.00018432635988574475,21375
8913,0.000184326694579795,20957
8914,0.0001843275676947087,13573
8915,0.0001843291101977229,2497
8916,0.00018433251534588635,23837
8917,0.00018433378136251122,22948
8918,0.0001843390055000782,11646
8919,0.00018433902005199343,19272
8920,0.00018434016965329647,16610
8921,0.00018434185767546296,13030
8922,0.0001843420759541914,5657
8923,0.00018434252706356347,5474
8924,0.0001843428472056985,14206
8925,0.0001843441859818995,13436
8926,0.0001843493228079751,18247
8927,0.00018435055972076952,19161
8928,0.00018435339734423906,4663
8929,0.0001843607024056837,7540
8930,0.00018436161917634308,27184
8931,0.00018436164828017354,25223
8932,0.00018437072867527604,11294
8933,0.000184380347491242,25562
8934,0.00018438282131683081,323
8935,0.00018438319966662675,6907
8936,0.00018438590632285923,5507
8937,0.0001843898353399709,4943
8938,0.00018439644190948457,22238
8939,0.00018440000712871552,23080
8940,0.0001844059443101287,16568
8941,0.00018440802523400635,18365
8942,0.0001844087237259373,16182
8943,0.00018441311840433627,22611
8944,0.00018442716100253165,23049
8945,0.0001844295475166291,5228
8946,0.00018443418957758695,23699
8947,0.00018443696899339557,1514
8948,0.000184438016731292,3128
8949,0.00018443900626152754,13497
8950,0.00018443992303218693,17917
8951,0.00018444316810928285,1593
8952,0.00018444409943185747,4577
8953,0.00018444446322973818,626
8954,0.00018444655870553106,7664
8955,0.00018444824672769755,25791
8956,0.00018445208843331784,14747
8957,0.00018445389287080616,11039
8958,0.00018445562454871833,27301
8959,0.00018445761816110462,11905
8960,0.0001844681246438995,4362
8961,0.00018446816829964519,7875
8962,0.00018446831381879747,2721
8963,0.00018447272304911166,15320
8964,0.00018447445472702384,26296
8965,0.00018447732145432383,14658
8966,0.00018448478658683598,13143
8967,0.00018448688206262887,22824
8968,0.00018448728951625526,24441
8969,0.0001844873040681705,26671
8970,0.0001844882353907451,22466
8971,0.00018449060735292733,26376
8972,0.0001844950020313263,27281
8973,0.00018449773779138923,22450
8974,0.00018449909111950547,27021
8975,0.00018451189680490643,10750
8976,0.00018451313371770084,18209
8977,0.0001845140941441059,11866
8978,0.00018451505457051098,2062
8979,0.00018451861978974193,21248
8980,0.00018452231597620994,7109
8981,0.00018452283984515816,21850
8982,0.00018452489166520536,14469
8983,0.00018452538643032312,6073
8984,0.0001845280930865556,22427
8985,0.00018453285156283528,17149
8986,0.00018453746451996267,7266
8987,0.00018453817756380886,25701
8988,0.00018454216478858143,22094
8989,0.0001845497463364154,112
8990,0.0001845507649704814,21136
8991,0.00018455238023307174,19023
8992,0.0001845591323217377,11119
8993,0.00018456186808180064,12913
8994,0.00018456310499459505,14538
8995,0.00018456399266142398,25850
8996,0.00018456424004398286,12856
8997,0.00018456517136655748,20257
8998,0.0001845669321483001,20702
8999,0.00018456802354194224,1545
9000,0.00018457132682669908,6788
9001,0.0001845730876084417,4473
9002,0.00018457541591487825,10030
9003,0.00018457797705195844,22176
9004,0.0001845788210630417,1362
9005,0.00018457973783370107,2999
9006,0.00018457976693753153,25632
9007,0.0001845905790105462,19410
9008,0.0001845921651693061,18639
9009,0.00018459295097272843,21015
9010,0.00018459318380337209,25081
9011,0.00018459699640516192,88
9012,0.00018459920829627663,23345
9013,0.00018461230501998216,24265
9014,0.00018461994477547705,9046
9015,0.00018462025036569685,9027
9016,0.0001846204249886796,25535
9017,0.0001846221275627613,12048
9018,0.00018462323350831866,18304
9019,0.00018462706066202372,19864
9020,0.0001846336090238765,5793
9021,0.0001846401864895597,9439
9022,0.00018464036111254245,10663
9023,0.0001846438244683668,1744
9024,0.00018464458116795868,23924
9025,0.00018464744789525867,15492
9026,0.0001846494124038145,16092
9027,0.00018465124594513327,15376
9028,0.00018465163884684443,16773
9029,0.00018465241009835154,27350
9030,0.00018465722678229213,24780
9031,0.0001846584491431713,6724
9032,0.00018466025358065963,4208
9033,0.00018466122855897993,9771
9034,0.00018466287292540073,15981
9035,0.00018466409528627992,16412
9036,0.0001846668019425124,5648
9037,0.00018466761684976518,18836
9038,0.00018467067275196314,7775
9039,0.00018467092013452202,470
9040,0.0001846715313149616,2463
9041,0.00018467236077412963,19675
9042,0.00018467313202563673,10670
9043,0.000184674296178855,7619
9044,0.00018467548943590373,2575
9045,0.0001846758386818692,13092
9046,0.00018467761401552707,2029
9047,0.00018467904010321945,20564
9048,0.00018467981135472655,23434
9049,0.00018468232883606106,17606
9050,0.00018468571943230927,25854
9051,0.00018468646157998592,12364
9052,0.0001847022504080087,14377
9053,0.00018470361828804016,27303
9054,0.0001847083622124046,6842
9055,0.00018471157818567008,17157
9056,0.00018471300427336246,18270
9057,0.00018471741350367665,8388
9058,0.00018471819930709898,19260
9059,0.0001847182575147599,7311
9060,0.00018472151714377105,21122
9061,0.00018472367082722485,21533
9062,0.00018472499505151063,3062
9063,0.0001847252860898152,26079
9064,0.00018472645024303347,20024
9065,0.00018472758529242128,523
9066,0.00018472943338565528,13490
9067,0.00018473013187758625,5431
9068,0.00018473398813512176,4438
9069,0.00018473451200406998,5017
9070,0.0001847352395998314,11301
9071,0.0001847407256718725,20616
9072,0.0001847508392529562,10307
9073,0.00018475551041774452,1735
9074,0.00018475585966371,26429
9075,0.00018475615070201457,14178
9076,0.00018475938122719526,25522
9077,0.0001847597595769912,24105
9078,0.00018476146215107292,20624
9079,0.00018476492550689727,10248
9080,0.00018477023695595562,1184
9081,0.00018477454432286322,14788
9082,0.00018477599951438606,8576
9083,0.00018478826677892357,17214
9084,0.00018479283608030528,23858
9085,0.0001847930543590337,25985
9086,0.0001847939711296931,22075
9087,0.00018479596474207938,4084
9088,0.0001847989042289555,27633
9089,0.00018480181461200118,16082
9090,0.0001848048559622839,2360
9091,0.00018480834842193872,1891
9092,0.00018480887229088694,3126
9093,0.00018480925064068288,25955
9094,0.0001848097308538854,4529
9095,0.00018480996368452907,14107
9096,0.00018481283041182905,27472
9097,0.00018481389270164073,21506
9098,0.00018481409642845392,4097
9099,0.00018481614824850112,5442
9100,0.0001848162937676534,429
9101,0.00018481753068044782,19137
9102,0.0001848181418608874,14846
9103,0.00018481945153325796,25714
9104,0.000184820091817528,26394
9105,0.00018482067389413714,82
9106,0.0001848241954576224,25699
9107,0.00018483269377611578,10229
9108,0.00018483804888091981,8783
9109,0.00018483874737285078,4046
9110,0.00018484143947716802,18607
9111,0.0001848520478233695,26813
9112,0.00018485760665498674,19939
9113,0.00018485875625628978,27052
9114,0.00018486191402189434,16248
9115,0.00018486198678147048,5133
9116,0.00018486689077690244,18889
9117,0.00018487100896891207,20428
9118,0.00018487649504095316,21432
9119,0.0001848793326644227,23798
9120,0.00018487962370272726,11459
9121,0.00018488179193809628,24588
9122,0.0001848822575993836,22780
9123,0.00018489419016987085,1797
9124,0.00018489825015421957,26880
9125,0.00018489848298486322,4808
9126,0.00018489932699594647,14260
9127,0.00018489935609977692,12751
9128,0.00018490254296921194,15925
9129,0.0001849033433245495,26814
9130,0.00018490456568542868,17047
9131,0.00018490702495910227,16630
9132,0.00018490849470254034,16177
9133,0.00018491326773073524,4838
9134,0.0001849148393375799,16282
9135,0.0001849153486546129,12765
9136,0.00018492423987481743,1103
9137,0.00018493035167921335,14609
9138,0.00018493039533495903,885
9139,0.0001849320251494646,1656
9140,0.00018493364041205496,16434
9141,0.0001849362743087113,2188
9142,0.00018493845709599555,25952
9143,0.0001849399268394336,2389
9144,0.00018494449614081532,15266
9145,0.00018494523828849196,23115
9146,0.00018494656251277775,27445
9147,0.00018495024414733052,3408
9148,0.00018495504627935588,14201
9149,0.0001849558757385239,9291
9150,0.00018495661788620055,13342
9151,0.0001849567488534376,7639
9152,0.00018496083794161677,16664
9153,0.0001849612599471584,27493
9154,0.00018496494158171117,22207
9155,0.00018497293058317155,1026
9156,0.00018497479322832078,23075
9157,0.00018497524433769286,6172
9158,0.00018497668497730047,12291
9159,0.00018497815472073853,3176
9160,0.00018498528515920043,25777
9161,0.00018498534336686134,18536
9162,0.0001849904510891065,26278
9163,0.00018499138241168112,17693
9164,0.0001849935797508806,4417
9165,0.00018499467114452273,16881
9166,0.0001849975815275684,8823
9167,0.00018499841098673642,12764
9168,0.0001849998370744288,883
9169,0.00018500222358852625,11024
9170,0.00018501652812119573,13709
9171,0.00018502109742257744,1159
9172,0.00018502480816096067,27234
9173,0.00018502591410651803,25
9174,0.00018504509353078902,12071
9175,0.00018504781473893672,21858
9176,0.00018504781473893672,24719
9177,0.00018504801846574992,21107
9178,0.0001850528788054362,1637
9179,0.0001850555563578382,15564
9180,0.00018506219203118235,17901
9181,0.00018506398191675544,25088
9182,0.0001850663684308529,3656
9183,0.00018507092318031937,21705
9184,0.00018507515778765082,23015
9185,0.0001850803237175569,7829
9186,0.00018508394714444876,4791
9187,0.00018508466018829495,5827
9188,0.0001850855624070391,21464
9189,0.00018508898210711777,22827
9190,0.00018508953507989645,20382
9191,0.00018509621440898627,5494
9192,0.00018509964866098017,4912
9193,0.0001851034176070243,22289
9194,0.00018510613881517202,6295
9195,0.00018510932568460703,10080
9196,0.00018510970403440297,19708
9197,0.00018511421512812376,10076
9198,0.00018511447706259787,10436
9199,0.00018511599046178162,13425
9200,0.00018511655798647553,12306
9201,0.0001851176784839481,24786
9202,0.0001851211563916877,6657
9203,0.0001851241831900552,18817
9204,0.00018512566748540848,16547
9205,0.00018512607493903488,20184
9206,0.00018512790848035365,22316
9207,0.00018513230315875262,20843
9208,0.00018513407849241048,4752
9209,0.00018513534450903535,23325
9210,0.00018513538816478103,14514
9211,0.00018513643590267748,17999
9212,0.00018513938994146883,26608
9213,0.00018513949180487543,16183
9214,0.00018514149996917695,23654
9215,0.00018514315888751298,8221
9216,0.0001851447013905272,24791
9217,0.00018514523981139064,2027
9218,0.00018514668045099825,15940
9219,0.00018515072588343173,10133
9220,0.00018515282135922462,26427
9221,0.0001851586566772312,15217
9222,0.00018516200361773372,21434
9223,0.00018516503041610122,6345
9224,0.00018516751879360527,16916
9225,0.00018516895943321288,22941
9226,0.00018516933778300881,1300
9227,0.00018516949785407633,1800
9228,0.00018517067655920982,20649
9229,0.00018517124408390373,366
9230,0.00018517253920435905,4648
9231,0.0001851729757618159,16318
9232,0.0001851744600571692,17377
9233,0.00018517558055464178,24939
9234,0.0001851769775385037,14555
9235,0.00018517859280109406,22182
9236,0.00018518073193263263,22147
9237,0.00018518086289986968,22994
9238,0.00018518186698202044,14773
9239,0.00018518263823352754,17343
9240,0.00018518340948503464,25749
9241,0.00018519340665079653,27543
9242,0.00018519576406106353,12745
9243,0.00018519804871175438,19630
9244,0.00018520245794206858,21728
9245,0.00018520290905144066,21109
9246,0.00018521046149544418,4143
9247,0.00018521101446822286,26928
9248,0.00018521446327213198,23248
9249,0.00018521485617384315,10452
9250,0.0001852172426879406,21487
9251,0.00018521782476454973,3511
9252,0.0001852186833275482,8216
9253,0.00018522156460676342,5317
9254,0.00018522226309869438,5784
9255,0.00018522526079323143,21241
9256,0.0001852271379902959,22211
9257,0.00018522789468988776,7324
9258,0.00018522937898524106,20776
9259,0.0001852311979746446,21836
9260,0.0001852331479312852,9619
9261,0.00018523953622207046,4229
9262,0.0001852406421676278,3111
9263,0.00018524687038734555,307
9264,0.00018525148334447294,12887
9265,0.00018525368068367243,20003
9266,0.0001852557179518044,24769
9267,0.00018525739142205566,15690
9268,0.00018525801715441048,22164
9269,0.000185259516001679,20688
9270,0.00018526005442254245,26234
9271,0.00018526139319874346,2474
9272,0.00018526877101976424,24089
9273,0.00018527373322285712,17731
9274,0.0001852738205343485,7636
9275,0.0001852816203609109,4380
9276,0.00018529155931901187,255
9277,0.0001852937275543809,17266
9278,0.00018529698718339205,3479
9279,0.0001852977875387296,11757
9280,0.00018530084344092757,24137
9281,0.0001853068679338321,25845
9282,0.00018530749366618693,21000
9283,0.00018530967645347118,12731
9284,0.0001853141002357006,20244
9285,0.0001853162539191544,3330
9286,0.00018531648674979806,5695
9287,0.00018531683599576354,8832
9288,0.00018531909154262394,12559
9289,0.00018531920795794576,7094
9290,0.00018532428657636046,3619
9291,0.00018532626563683152,24324
9292,0.0001853313879109919,8842
9293,0.00018533151887822896,358
9294,0.00018533237744122744,14076
9295,0.00018533300317358226,13068
9296,0.0001853337889770046,10369
9297,0.0001853337889770046,21678
9298,0.00018533806724008173,2127
9299,0.00018534039554651827,19985
9300,0.00018534089031163603,12081
9301,0.0001853436988312751,22551
9302,0.00018534382979851216,20785
9303,0.00018534483388066292,8297
9304,0.00018534521223045886,20097
9305,0.00018534981063567102,2007
9306,0.00018535050912760198,27059
9307,0.0001853543217293918,20070
9308,0.00018535602430347353,21199
9309,0.00018535612616688013,5862
9310,0.00018536477000452578,6200
9311,0.0001853648864198476,15085
9312,0.00018536552670411766,1703
9313,0.00018537002324592322,17790
9314,0.00018538629228714854,19301
9315,0.00018539295706432313,20028
9316,0.0001853960275184363,24961
9317,0.00018539796292316169,15818
9318,0.00018539918528404087,4132
9319,0.00018540098972152919,8261
9320,0.0001854061847552657,8466
9321,0.0001854064321378246,11880
9322,0.0001854143920354545,16931
9323,0.00018541564350016415,22189
9324,0.00018541696772444993,4969
9325,0.00018541773897595704,10579
9326,0.00018541925237514079,2131
9327,0.00018543025362305343,18121
9328,0.00018543718033470213,9994
9329,0.00018543766054790467,10066
9330,0.00018544125487096608,22706
9331,0.0001854418806033209,18439
9332,0.00018544294289313257,21374
9333,0.0001854476286098361,24148
9334,0.0001854501897469163,10243
9335,0.00018546493083704263,20573
9336,0.0001854689617175609,7568
9337,0.00018547492800280452,17407
9338,0.000185477634659037,5563
9339,0.000185483178938739,4018
9340,0.0001854849688243121,17426
9341,0.00018549466039985418,4636
9342,0.00018549506785348058,5995
9343,0.0001855014415923506,3706
9344,0.00018550344975665212,27315
9345,0.0001855041628004983,24630
9346,0.00018550433742348105,6240
9347,0.00018550745153333992,6269
9348,0.00018551034736447036,605
9349,0.00018551232642494142,19920
9350,0.0001855150330811739,5835
9351,0.00018552075198385864,2455
9352,0.00018552111578173935,19170
9353,0.00018552264373283833,12033
9354,0.00018552289111539721,370
9355,0.00018552812980487943,12651
9356,0.00018552994879428297,22859
9357,0.00018553285917732865,170
9358,0.00018553415429778397,9827
9359,0.00018553958216216415,1076
9360,0.0001855419686762616,7298
9361,0.00018555395945440978,7525
9362,0.00018555524002294987,10004
9363,0.00018555537099018693,4679
9364,0.0001855555601650849,6155
9365,0.0001855559676187113,797
9366,0.00018555831047706306,3915
9367,0.00018555989663582295,11047
9368,0.00018557072326075286,14637
9369,0.00018557407020125538,1348
9370,0.00018557789735496044,18917
9371,0.00018557852308731526,25476
9372,0.00018558242300059646,9060
9373,0.0001855912123573944,5810
9374,0.0001855916780186817,712
9375,0.00018559324962552637,543
9376,0.00018559473392087966,13769
9377,0.00018559496675152332,3617
9378,0.0001855954760685563,10058
9379,0.0001856086601037532,17677
9380,0.00018561090109869838,25809
9381,0.00018561442266218364,25381
9382,0.00018561483011581004,10753
9383,0.00018561551405582577,18690
9384,0.0001856166054494679,9227
9385,0.00018561918113846332,7212
9386,0.00018562118930276483,1297
9387,0.00018562233890406787,24760
9388,0.00018562446348369122,22361
9389,0.00018562593322712928,4625
9390,0.0001856264570960775,21714
9391,0.00018562925106380135,951
9392,0.00018563077901490033,15323
9393,0.00018563383491709828,128
9394,0.00018563553749118,10507
9395,0.0001856355811469257,14624
9396,0.000185641591087915,4284
9397,0.00018564423953648657,15577
9398,0.00018564643687568605,25529
9399,0.00018564709171187133,23089
9400,0.0001856493327068165,22395
9401,0.00018565008940640837,10250
9402,0.0001856501621659845,611
9403,0.00018565366917755455,21319
9404,0.00018565413483884186,10224
9405,0.00018565609934739769,2017
9406,0.00018566122162155807,14078
9407,0.0001856616436270997,7104
9408,0.00018566506332717836,963
9409,0.0001856685266830027,12689
9410,0.00018566910875961185,2290
9411,0.00018567095685284585,13100
9412,0.00018567361985333264,10732
9413,0.00018567376537248492,26882
9414,0.00018567407096270472,20687
9415,0.000185676064575091,12410
9416,0.00018568192899692804,15902
9417,0.0001856889430200681,16459
9418,0.00018568961240816861,14123
9419,0.00018568978703115135,22497
9420,0.0001856903254520148,17892
9421,0.00018569060193840414,4868
9422,0.00018569116946309805,1712
9423,0.00018569173698779196,3292
9424,0.00018569249368738383,18698
9425,0.00018569450185168535,2130
9426,0.00018569741223473102,3325
9427,0.00018569891108199954,10180
9428,0.0001856989983934909,9895
9429,0.0001857010502135381,1273
9430,0.00018570163229014724,11085
9431,0.00018570471729617566,18398
9432,0.0001857070456026122,22704
9433,0.0001857077149907127,12982
9434,0.00018571168766357005,18933
9435,0.00018571368127595633,4787
9436,0.00018571664986666292,8217
9437,0.0001857194147305563,11270
9438,0.0001857195602497086,8419
9439,0.00018572610861156136,6558
9440,0.00018572641420178115,24848
9441,0.00018572743283584714,1429
9442,0.00018572990666143596,27273
9443,0.0001857347961049527,5834
9444,0.00018573770648799837,11765
9445,0.00018573786655906588,2218
9446,0.00018573847773950547,11504
9447,0.0001857387542258948,13234
9448,0.0001857396273408085,12006
9449,0.00018574119894765317,1740
9450,0.00018574253772385418,19191
9451,0.00018574291607365012,19532
9452,0.0001857445458881557,3591
9453,0.00018574605928733945,9663
9454,0.0001857474708231166,15312
9455,0.00018574994464870542,6897
9456,0.0001857503375504166,8938
9457,0.00018575221474748105,25655
9458,0.0001857528550317511,26471
9459,0.00018575385911390185,23726
9460,0.00018575924332253635,6127
9461,0.00018576903676148504,24952
9462,0.00018576961883809417,5974
9463,0.00018576966249383986,25717
9464,0.00018577047740109265,9119
9465,0.00018577503215055913,7761
9466,0.0001857788156485185,3206
9467,0.000185780503670685,18693
9468,0.000185788405360654,15393
9469,0.00018579108291305602,5707
9470,0.00018579147581476718,21691
9471,0.00018579181050881743,21219
9472,0.00018579223251435906,21675
9473,0.00018579438619781286,19430
9474,0.00018579438619781286,27638
9475,0.00018579528841655701,26885
9476,0.00018579607421997935,19014
9477,0.00018579729658085853,21889
9478,0.00018580214236862957,14117
9479,0.00018580367031972855,11472
9480,0.00018580981122795492,24235
9481,0.00018581002950668335,14681
9482,0.00018581034964881837,3994
9483,0.00018581391486804932,21629
9484,0.00018581555923447013,25559
9485,0.000185816315934062,118
9486,0.00018581727636046708,499
9487,0.00018581823678687215,4178
9488,0.00018581835320219398,1947
9489,0.00018582223856355995,9698
9490,0.0001858239120338112,16139
9491,0.00018582609482109547,780
9492,0.00018582942720968276,24919
9493,0.00018583086784929037,5420
9494,0.00018583456403575838,3715
9495,0.00018583581550046802,19413
9496,0.0001858377509051934,72
9497,0.0001858437608461827,22961
9498,0.00018584600184112787,9661
9499,0.00018584639474283904,2480
9500,0.0001858559116953984,10963
9501,0.00018585777434054762,10476
9502,0.00018586246005725116,17837
9503,0.00018587130762171,16559
9504,0.00018587532395031303,20454
9505,0.00018587682279758155,4130
9506,0.0001858776668086648,21611
9507,0.00018587887461762875,18140
9508,0.00018587955855764449,26784
9509,0.0001858844916569069,15916
9510,0.0001858852047007531,1965
9511,0.00018589195678941905,26045
9512,0.00018589431419968605,20804
9513,0.00018589520186651498,16683
9514,0.00018589773389976472,25302
9515,0.00018589811224956065,2304
9516,0.00018590094987303019,8873
9517,0.00018590243416838348,252
9518,0.00018590508261695504,8035
9519,0.00018590636318549514,10506
9520,0.00018590691615827382,19855
9521,0.0001859078329289332,22575
9522,0.00018590845866128802,19637
9523,0.00018590851686894894,10209
9524,0.00018591208208817989,9324
9525,0.0001859121402958408,2964
9526,0.00018591256230138242,15890
9527,0.00018591541447676718,16109
9528,0.00018591633124742657,18201
9529,0.00018591871776152402,15167
9530,0.00018591893604025245,16939
9531,0.00018591924163047224,1897
9532,0.00018592420383356512,13842
9533,0.00018592931155581027,18684
9534,0.0001859312760643661,26898
9535,0.00018593134882394224,22110
9536,0.00018593603454064578,3190
9537,0.00018593631102703512,26165
9538,0.0001859367184806615,568
9539,0.00018593693675938994,8344
9540,0.00018594349967315793,23230
9541,0.00018594418361317366,17069
9542,0.0001859452313510701,9243
9543,0.00018594737048260868,6301
9544,0.000185948665603064,13869
9545,0.0001859519979916513,277
9546,0.00018595439905766398,19021
9547,0.00018595712026581168,22850
9548,0.00018595776055008173,26746
9549,0.00018596088921185583,154
9550,0.00018596183508634567,27151
9551,0.00018596781592350453,1720
9552,0.00018597235612105578,375
9553,0.00018597474263515323,14719
9554,0.00018597689631860703,15145
9555,0.0001859772455645725,24549
9556,0.0001859824697021395,3011
9557,0.00018598335736896843,26102
9558,0.00018598834867589176,9773
9559,0.00018598941096570343,22805
9560,0.0001859963667811826,23588
9561,0.00018600153271108866,1539
9562,0.00018600780458655208,14228
9563,0.00018601455667521805,7164
9564,0.00018601526971906424,67
9565,0.00018601957708597183,14728
9566,0.00018602929776534438,24004
9567,0.00018602954514790326,12375
9568,0.00018603164062369615,3483
9569,0.00018603209173306823,14676
9570,0.00018603241187520325,6410
9571,0.00018603909120429307,25218
9572,0.00018603954231366515,977
9573,0.00018603965872898698,5275
9574,0.00018604144861456007,20892
9575,0.00018604178330861032,19665
9576,0.00018604211800266057,5010
9577,0.0001860437769209966,22449
9578,0.0001860453630797565,18214
9579,0.00018605205696076155,4400
9580,0.00018605274090077728,10048
9581,0.00018605415243655443,18274
9582,0.00018605896912049502,9226
9583,0.00018606010416988283,4526
9584,0.00018606410594657063,1291
9585,0.0001860643969848752,10286
9586,0.00018607893434818834,24625
9587,0.000186079167178832,10696
9588,0.00018607977835927159,14835
9589,0.00018608123355079442,23091
9590,0.00018608171376399696,13963
9591,0.0001860824559116736,17428
9592,0.00018608449317980558,14680
9593,0.0001860855263657868,5897
9594,0.00018608689424581826,9337
9595,0.0001860873308032751,607
9596,0.00018609879771247506,15491
9597,0.00018609894323162735,10429
9598,0.0001861004566308111,3716
9599,0.00018610229017212987,4225
9600,0.00018610485130921006,13759
9601,0.00018610556435305625,4422
9602,0.00018610987171996385,13388
9603,0.00018611126870382577,17555
9604,0.00018611153063829988,1935
9605,0.000186113640666008,25805
9606,0.00018611788982525468,19433
9607,0.00018612199346534908,25989
9608,0.00018612566054798663,22744
9609,0.0001861344644566998,11589
9610,0.00018613475549500436,10421
9611,0.00018613736028783023,3157
9612,0.00018613747670315206,8686
9613,0.00018613810243550688,8635
9614,0.00018613977590575814,2576
9615,0.00018614025611896068,5110
9616,0.00018614325381349772,4484
9617,0.00018614341388456523,8199
9618,0.00018614590226206928,7
9619,0.00018614617874845862,21641
9620,0.0001861485798144713,2563
9621,0.00018614971486385912,24093
9622,0.00018615400767885149,5614
9623,0.00018616199668031186,4423
9624,0.0001861630444182083,13022
9625,0.00018616339366417378,3159
9626,0.00018616447050590068,8591
9627,0.0001861658092821017,11448
9628,0.0001861658674897626,2549
9629,0.00018616614397615194,19524
9630,0.00018616671150084585,7161
9631,0.0001861672499217093,2134
9632,0.00018617100431583822,8204
9633,0.0001861710916273296,9542
9634,0.00018617307068780065,21209
9635,0.00018617429304867983,25581
9636,0.00018617442401591688,25864
9637,0.00018617804744280875,22389
9638,0.00018618282047100365,549
9639,0.0001861831988207996,8561
9640,0.0001861847413238138,8452
9641,0.00018618663307279348,7947
9642,0.0001861880737124011,22272
9643,0.0001861882337834686,15522
9644,0.00018619123147800565,13499
9645,0.00018619277398101985,14655
9646,0.00018619289039634168,13841
9647,0.00018619358888827264,10465
9648,0.00018619636830408126,11760
9649,0.00018620082119014114,8195
9650,0.0001862024946603924,3872
9651,0.00018620389164425433,17669
9652,0.00018620470655150712,18954
9653,0.00018620486662257463,12762
9654,0.00018621514027472585,2461
9655,0.0001862185017671436,923
9656,0.00018621893832460046,13059
9657,0.00018622071365825832,22394
9658,0.0001862301432993263,22183
9659,0.00018623446521814913,2494
9660,0.0001862349599832669,26638
9661,0.0001862353819888085,764
9662,0.00018623829237185419,12122
9663,0.0001862427161540836,11609
9664,0.0001862498465925455,6440
9665,0.00018625339725986123,18156
9666,0.00018625546363182366,12684
9667,0.00018625766097102314,1618
9668,0.0001862576900748536,27646
9669,0.00018625899974722415,7809
9670,0.0001862642529886216,25586
9671,0.0001862670760601759,20219
9672,0.00018627202371135354,6078
9673,0.00018627464305609465,8774
9674,0.00018628060934133828,9474
9675,0.00018628106045071036,22227
9676,0.00018628110410645604,25057
9677,0.00018628117686603218,1763
9678,0.00018628330144565552,6282
9679,0.0001862852368503809,1022
9680,0.00018628634279593825,21924
9681,0.000186286517418921,2683
9682,0.00018628683756105602,27167
9683,0.0001862891367636621,17202
9684,0.00018628982070367783,87
9685,0.0001862935459939763,4695
9686,0.00018629877013154328,9203
9687,0.00018630082195159048,12237
9688,0.00018630122940521687,21250
9689,0.0001863025827333331,2771
9690,0.00018630281556397676,10613
9691,0.0001863118668552488,8354
9692,0.00018631358398124576,10382
9693,0.00018631863349583,24387
9694,0.0001863197103375569,7751
9695,0.00018632221326697618,24018
9696,0.00018632240244187415,19502
9697,0.00018632650608196855,8761
9698,0.00018632903811521828,15617
9699,0.00018633129366207868,17043
9700,0.00018633157014846802,5548
9701,0.00018633162835612893,11059
9702,0.00018633311265148222,12245
9703,0.00018633728905115277,14640
9704,0.00018633759464137256,4803
9705,0.00018633880245033652,19008
9706,0.00018633926811162382,5379
9707,0.00018634398293215781,26244
9708,0.0001863455690909177,18224
9709,0.00018634914886206388,26574
9710,0.00018635291780810803,10519
9711,0.00018635306332726032,22039
9712,0.00018635482410900295,18459
9713,0.00018635619198903441,25390
9714,0.00018636093591339886,27027
9715,0.00018636253662407398,23859
9716,0.0001863639336079359,6298
9717,0.0001863663928816095,12188
9718,0.0001863672077888623,8496
9719,0.00018636950699146837,8683
9720,0.0001863729557953775,25419
9721,0.00018637384346220642,22293
9722,0.00018638221081346273,19471
9723,0.00018638469919096678,383
9724,0.00018638807523529977,22832
9725,0.0001863910729298368,1815
9726,0.00018639356130734086,23239
9727,0.00018639437621459365,25905
9728,0.00018639551126398146,24405
9729,0.00018639836343936622,24889
9730,0.00018640124471858144,18191
9731,0.0001864048681454733,17598
9732,0.00018641007773112506,8225
9733,0.00018641016504261643,19622
9734,0.0001864129153545946,1490
9735,0.00018641422502696514,15484
9736,0.0001864145597210154,22747
9737,0.00018641503993421793,19455
9738,0.0001864157966338098,12116
9739,0.00018641714996192604,16580
9740,0.0001864181540440768,18243
9741,0.00018641946371644735,17650
9742,0.0001864216901594773,11097
9743,0.00018642249051481485,9584
9744,0.00018642903887666762,25240
9745,0.00018642972281668335,1295
9746,0.00018643065413925797,5802
9747,0.00018643340445123613,25039
9748,0.00018643680959939957,25913
9749,0.0001864416553871706,14176
9750,0.0001864560617832467,6361
9751,0.00018646245007403195,17640
9752,0.00018646464741323143,22073
9753,0.00018646602984517813,20590
9754,0.00018646722310222685,9669
9755,0.0001864674995886162,21865
9756,0.00018647157412488014,10077
9757,0.0001864737132564187,3760
9758,0.00018647624528966844,3149
9759,0.00018647650722414255,18853
9760,0.0001864781224867329,25800
9761,0.00018649005505722016,11206
9762,0.00018649359117262065,24015
9763,0.0001864958758233115,10078
9764,0.0001864969526650384,54
9765,0.00018650063429959118,27409
9766,0.00018650411220733076,226
9767,0.00018651140271686018,2138
9768,0.00018651291611604393,10738
9769,0.00018651691789273173,8407
9770,0.00018652010476216674,12124
9771,0.0001865229569375515,5773
9772,0.00018652302969712764,1135
9773,0.00018653318693395704,25153
9774,0.0001865335798356682,18618
9775,0.0001865348021965474,3407
9776,0.0001865373778855428,7943
9777,0.00018653746519703418,8657
9778,0.0001865426020231098,17160
9779,0.00018654673476703465,19335
9780,0.00018654674931894988,18750
9781,0.00018654752057045698,11985
9782,0.0001865516387624666,7627
9783,0.00018655195890460163,19259
9784,0.0001865526573965326,4420
9785,0.0001865598896984011,779
9786,0.0001865612284746021,24555
9787,0.00018656464817468077,23213
9788,0.00018656636530067772,4734
9789,0.00018657064356375486,11452
9790,0.00018657110922504216,19768
9791,0.00018657655164133757,18174
9792,0.0001865778031060472,12799
9793,0.0001865789236035198,27405
9794,0.0001865889789769426,15006
9795,0.00018659346096683294,9233
9796,0.00018659378110896796,711
9797,0.00018659542547538877,9483
9798,0.00018659757915884256,20971
9799,0.00018659773922991008,2809
9800,0.0001866050297394395,24077
9801,0.00018660924979485571,25540
9802,0.00018661007925402373,26805
9803,0.00018661096692085266,24489
9804,0.00018661137437447906,6530
9805,0.0001866121165221557,23536
9806,0.00018661872309166938,12261
9807,0.0001866203238023445,11891
9808,0.0001866237143985927,13966
9809,0.00018662480579223484,12874
9810,0.0001866272941697389,20750
9811,0.0001866284292191267,17455
9812,0.0001866299717221409,23707
9813,0.00018663030641619116,12532
9814,0.00018663305672816932,6625
9815,0.00018663308583199978,14734
9816,0.000186633100383915,23799
9817,0.00018663327500689775,22781
9818,0.00018663395894691348,7185
9819,0.00018663531227502972,731
9820,0.0001866357633844018,19217
9821,0.00018663716036826372,10405
9822,0.00018663785886019468,21212
9823,0.00018663893570192158,14854
9824,0.00018664216622710228,19875
9825,0.00018664424715097994,25587
9826,0.00018664430535864085,13146
9827,0.00018665025709196925,1596
9828,0.0001866537641035393,10280
9829,0.00018665593233890831,26024
9830,0.0001866604870883748,882
9831,0.0001866611564764753,25467
9832,0.00018666240794118494,4123
9833,0.0001866653619799763,1315
9834,0.0001866653619799763,23722
9835,0.00018666723917704076,14899
9836,0.00018666760297492146,27556
9837,0.00018667025142349303,3978
9838,0.000186671270057559,25898
9839,0.00018667186668608338,14884
9840,0.00018667359836399555,8007
9841,0.00018667658150661737,2632
9842,0.00018667674157768488,22375
9843,0.00018667693075258285,17220
9844,0.00018667741096578538,6490
9845,0.00018668700067792088,18049
9846,0.0001866926613729447,20316
9847,0.0001866944949142635,15694
9848,0.00018669657583814114,24161
9849,0.00018669918063096702,27412
9850,0.00018670546705834568,14652
9851,0.00018671354337129742,6663
9852,0.00018671451834961772,26333
9853,0.00018671662837732583,26194
9854,0.00018672141595743597,7758
9855,0.0001867231330834329,2917
9856,0.00018673295562621206,9451
9857,0.00018673311569727957,15727
9858,0.00018673342128749937,14307
9859,0.00018673582235351205,1243
9860,0.00018673736485652626,10485
9861,0.00018674008606467396,6292
9862,0.00018674481543712318,25219
9863,0.0001867451355792582,1074
9864,0.0001867461542133242,26822
9865,0.00018675335741136223,22241
9866,0.00018675554019864649,18007
9867,0.00018678102060221136,11795
9868,0.00018678895139601082,23508
9869,0.00018679533968679607,25478
9870,0.0001868031977210194,14985
9871,0.00018680826178751886,24920
9872,0.00018681060464587063,20217
9873,0.00018681128858588636,8524
9874,0.0001868256222223863,12860
9875,0.000186827834113501,821
9876,0.00018682955123949796,25036
9877,0.000186830191523768,12256
9878,0.0001868309627752751,18090
9879,0.0001868351100711152,7880
9880,0.00018683717644307762,9957
9881,0.00018683883536141366,714
9882,0.00018684050883166492,5322
9883,0.00018684135284274817,18216
9884,0.00018684315728023648,20083
9885,0.00018684385577216744,6151
9886,0.00018685165559872985,17798
9887,0.00018685823306441307,14576
9888,0.0001868624094640836,14003
9889,0.00018686300609260798,2930
9890,0.00018686453404370695,11968
9891,0.00018688121053855866,3456
9892,0.00018689091666601598,13023
9893,0.00018689314310904592,2282
9894,0.00018689488933887333,24287
9895,0.0001868951803771779,24980
9896,0.00018690165597945452,19546
9897,0.00018690204888116568,1761
9898,0.00018690848082769662,21272
9899,0.000186909906915389,12756
9900,0.00018692149023991078,11820
9901,0.00018692413868848234,5482
9902,0.0001869246771093458,2010
9903,0.0001869264233391732,18846
9904,0.0001869271945906803,3855
9905,0.00018693551828619093,6024
9906,0.00018693695892579854,12550
9907,0.00018693969468586147,9416
9908,0.00018694130994845182,5481
9909,0.00018694218306336552,1629
9910,0.00018694301252253354,14857
9911,0.00018694321624934673,486
9912,0.00018694778555072844,25348
9913,0.00018694864411372691,9260
9914,0.0001869495026767254,19477
9915,0.00018695113249123096,9926
9916,0.00018695862672757357,24269
9917,0.0001869636180344969,12815
9918,0.0001869645348051563,2780
9919,0.00018697412451729178,11843
9920,0.00018697811174206436,22480
9921,0.0001869789994088933,4128
9922,0.00018698524218052626,13607
9923,0.00018699023348744959,6872
9924,0.00018699262000154704,3179
9925,0.00018699585052672774,22156
9926,0.0001870016276370734,22317
9927,0.00018700513464864343,18784
9928,0.0001870136329671368,26715
9929,0.00018701388034969568,5140
9930,0.00018701895896811038,964
9931,0.0001870231790235266,12932
9932,0.00018702683155424893,2436
9933,0.00018703073146753013,20557
9934,0.0001870402629720047,6830
9935,0.00018704331887420267,23069
9936,0.00018704622925724834,26292
9937,0.00018704758258536458,18758
9938,0.00018705696857068688,16292
9939,0.00018706024275161326,8498
9940,0.0001870608830358833,17948
9941,0.0001870663691079244,7456
9942,0.0001870712439995259,9383
9943,0.00018708342395257205,18148
9944,0.00018708348216023296,12407
9945,0.00018708634888753295,12898
9946,0.00018708701827563345,8719
9947,0.00018708781863097101,16393
9948,0.00018708838615566492,27746
9949,0.0001870890409918502,5016
9950,0.0001870909909484908,25588
9951,0.00018709134019445628,23570
9952,0.0001870958076324314,7366
9953,0.00018709686992224306,217
9954,0.00018709723372012377,25171
9955,0.00018709941650740802,16223
9956,0.0001871057611424476,15736
9957,0.00018710814765654504,7108
9958,0.00018711088341660798,1666
9959,0.00018712780729401857,760
9960,0.0001871321874205023,2932
9961,0.00018713524332270026,14407
9962,0.0001871362328529358,14121
9963,0.00018713636382017285,8574
9964,0.00018713648023549467,10101
9965,0.0001871400891104713,25504
9966,0.00018714394536800683,26723
9967,0.00018715002806857228,14002
9968,0.00018715072656050324,14381
9969,0.00018715481564868242,14932
9970,0.000187155426829122,24603
9971,0.00018715688202064484,4555
9972,0.00018716008344199508,25126
9973,0.00018716031627263874,14904
9974,0.00018716120393946767,3344
9975,0.00018716385238803923,813
9976,0.00018716545309871435,11428
9977,0.00018716815975494683,643
9978,0.0001871691201813519,9772
9979,0.00018716992053668946,7519
9980,0.00018717092461884022,10040
9981,0.0001871713757282123,3928
9982,0.00018717590137384832,24246
9983,0.0001871764106908813,14947
9984,0.00018718033970799297,548
9985,0.0001871813292382285,1794
9986,0.00018718205683398992,12980
9987,0.00018718233332037926,20192
9988,0.00018718253704719245,11043
9989,0.0001871845161076635,9422
9990,0.00018719065701588988,25042
9991,0.0001871953281806782,8468
9992,0.00018719534273259342,26241
9993,0.00018719639047048986,1334
9994,0.00018719788931775838,7725
9995,0.00018720079970080405,16670
9996,0.00018721059313975275,27704
9997,0.0001872119610197842,13261
9998,0.00018721469677984715,18993
9999,0.0001872175489552319,14449
10000,0.00018722066306509078,9249
10001,0.0001872208813438192,8277
10002,0.00018722091044764966,5518
10003,0.00018722140521276742,21927
10004,0.00018722470849752426,2330
10005,0.00018722495588008314,24616
10006,0.00018722561071626842,16291
10007,0.00018722766253631562,11675
10008,0.00018722802633419633,3486
10009,0.00018722828826867044,10406
10010,0.00018722830282058567,16604
10011,0.00018723290122579783,4931
10012,0.0001872334541985765,8441
10013,0.00018723923130892217,9005
10014,0.00018724171968642622,12082
10015,0.0001872424763860181,18115
10016,0.00018724272376857698,7849
10017,0.00018724326218944043,25899
10018,0.00018724518304225057,17576
10019,0.00018724685651250184,18080
10020,0.0001872480643214658,27344
10021,0.0001872494613053277,18881
10022,0.0001872497086878866,1148
10023,0.00018725091649685055,1789
10024,0.0001872538705356419,17610
10025,0.00018725503468886018,19930
10026,0.0001872576103778556,3638
10027,0.0001872631983133033,1783
10028,0.0001872633001767099,9825
10029,0.00018726513371802866,6044
10030,0.0001872696593636647,15112
10031,0.0001872779248515144,23287
10032,0.0001872807479230687,15999
10033,0.00018728183931671083,5587
10034,0.00018728252325672656,5867
10035,0.00018728345457930118,13933
10036,0.00018728349823504686,26219
10037,0.00018728429859038442,16846
10038,0.00018729010480456054,11299
10039,0.00018729155999608338,16
10040,0.00018729406292550266,9136
10041,0.00018729477596934885,27099
10042,0.00018729915609583259,21084
10043,0.0001873030560091138,1658
10044,0.00018730325973592699,936
10045,0.00018730663578025997,6494
10046,0.00018730707233771682,6161
10047,0.0001873080909717828,5427
10048,0.00018731107411440462,26370
10049,0.00018731136515270919,5954
10050,0.00018731274758465588,16635
10051,0.00018731308227870613,27131
10052,0.00018731436284724623,20166
10053,0.00018731530872173607,4633
10054,0.0001873155270004645,4275
10055,0.00018731867021415383,21770
10056,0.00018732035823632032,19318
10057,0.00018732095486484468,7957
10058,0.00018732206081040204,14399
10059,0.00018732360331341624,3201
10060,0.00018732630996964872,2762
10061,0.00018732740136329085,12297
10062,0.00018732970056589693,1031
10063,0.00018733159231487662,21495
10064,0.00018733231991063803,9062
10065,0.00018733424076344818,20733
10066,0.00018733435717877,4678
10067,0.0001873344008345157,17523
10068,0.00018733539036475122,2647
10069,0.00018733611796051264,24835
10070,0.00018733629258349538,13012
10071,0.00018733771867118776,4370
10072,0.0001873408182291314,5447
10073,0.00018734412151388824,16798
10074,0.00018734537297859788,18731
10075,0.00018734560580924153,26418
10076,0.00018735350749921054,17163
10077,0.0001873550791060552,10979
10078,0.00018735614139586687,6213
10079,0.00018735618505161256,7286
10080,0.00018736199126578867,27246
10081,0.00018736252968665212,21558
10082,0.0001873639994300902,2231
10083,0.0001873641595011577,27465
10084,0.00018736440688371658,6088
10085,0.00018736511992756277,11345
10086,0.0001873675500974059,25137
10087,0.00018736817582976073,14070
10088,0.00018737130449153483,20352
10089,0.000187371697393246,11740
10090,0.00018737178470473737,7558
10091,0.00018737265781965107,20653
10092,0.000187373036169447,26509
10093,0.00018737309437710792,6271
10094,0.00018737890059128404,22843
10095,0.00018737952632363886,16216
10096,0.00018738227663561702,27548
10097,0.00018738377548288554,352
10098,0.00018738814105745405,13849
10099,0.00018739215738605708,26585
10100,0.00018739250663202256,27563
10101,0.00018739701772574335,13993
10102,0.00018739771621767431,16758
10103,0.00018739925872068852,8046
10104,0.00018740288214758039,24499
10105,0.000187403304153122,17424
10106,0.0001874049485195428,11777
10107,0.00018740947416517884,482
10108,0.00018740992527455091,26048
10109,0.00018741333042271435,5958
10110,0.00018741401436273009,1371
10111,0.000187416429980658,12021
10112,0.00018741721578408033,5042
10113,0.00018742338579613715,8544
10114,0.0001874281733762473,2565
10115,0.00018742907559499145,21892
10116,0.00018743009422905743,22290
10117,0.00018743010878097266,2320
10118,0.00018743322289083153,5879
10119,0.0001874379813671112,8131
10120,0.00018743996042758226,9878
10121,0.00018744301632978022,26643
10122,0.00018744313274510205,8857
10123,0.00018744451517704874,6256
10124,0.00018744458793662488,17858
10125,0.00018744543194770813,8328
10126,0.00018744770204648376,5893
10127,0.00018744837143458426,6800
10128,0.00018744882254395634,23961
10129,0.0001874599838629365,27286
10130,0.00018746114801615477,7401
10131,0.00018746432033367455,21935
10132,0.00018747041758615524,13306
10133,0.0001874736335594207,3701
10134,0.00018747452122624964,16078
10135,0.00018747508875094354,21366
10136,0.0001874755835160613,19122
10137,0.0001874757290352136,1746
10138,0.00018747894500847906,1012
10139,0.0001874822482932359,2839
10140,0.00018748437287285924,9025
10141,0.00018748510046862066,14945
10142,0.0001874913286883384,5175
10143,0.0001874915906228125,17560
10144,0.00018749185255728662,4296
10145,0.00018749530136119574,10395
10146,0.00018749652372207493,12120
10147,0.00018749684386420995,7158
10148,0.00018749696027953178,2553
10149,0.00018749796436168253,4995
10150,0.00018750011804513633,8464
10151,0.00018750267918221653,24325
10152,0.0001875046727946028,6854
10153,0.0001875076995929703,7817
10154,0.00018751437892206013,25087
10155,0.0001875161105999723,1879
10156,0.00018751842435449362,5741
10157,0.00018751884636003524,22472
10158,0.00018752863979898393,20126
10159,0.00018753002223093063,22168
10160,0.00018753171025309712,9109
10161,0.0001875362650025636,8313
10162,0.00018753643962554634,25164
10163,0.00018753645417746156,18452
10164,0.0001875376474345103,10358
10165,0.00018753793847281486,21593
10166,0.00018753897165879607,4019
10167,0.0001875449379440397,8134
10168,0.00018754720804281533,13312
10169,0.00018755004566628486,5283
10170,0.00018755615747068077,13324
10171,0.00018755634664557874,17434
10172,0.00018755756900645792,12634
10173,0.0001875577581813559,23649
10174,0.00018755845667328686,12596
10175,0.00018755937344394624,326
10176,0.00018756107601802796,8987
10177,0.0001875618181657046,2630
10178,0.00018756809004116803,3067
10179,0.00018757030193228275,22157
10180,0.0001875743764685467,25774
10181,0.00018758063379209489,24495
10182,0.00018758319492917508,18471
10183,0.00018758545047603548,23912
10184,0.00018758706573862582,13313
10185,0.00018758850637823343,13035
10186,0.0001875957677839324,16615
10187,0.00018759768863674253,13878
10188,0.00018759774684440345,3403
10189,0.0001875977759482339,21469
10190,0.00018759857630357146,20300
10191,0.00018759939121082425,4249
10192,0.00018760055536404252,13257
10193,0.00018760221428237855,2877
10194,0.00018760451348498464,2228
10195,0.00018760876264423132,4605
10196,0.00018761349201668054,13887
10197,0.00018761745013762265,20563
10198,0.00018762494437396526,13049
10199,0.0001876275782706216,3007
10200,0.00018763085245154798,16470
10201,0.00018763510161079466,14388
10202,0.00018764146079774946,1650
10203,0.00018764170818030834,25421
10204,0.00018764195556286722,23774
10205,0.0001876423048088327,16965
10206,0.0001876429741969332,8330
10207,0.00018764397827908397,4863
10208,0.00018764978449326009,13484
10209,0.0001876499445643276,8676
10210,0.00018765074491966516,17107
10211,0.0001876583555713296,1606
10212,0.00018766064022202045,3674
10213,0.0001876614842331037,26472
10214,0.00018766151333693415,7011
10215,0.0001876627648016438,25986
10216,0.0001876632304629311,7883
10217,0.00018767158326227218,22710
10218,0.00018767536676023155,8113
10219,0.00018767720030155033,6485
10220,0.00018767833535093814,10284
10221,0.0001876788737718016,18852
10222,0.00018768233712762594,15328
10223,0.00018768245354294777,22845
10224,0.00018768524751067162,9959
10225,0.00018768735753837973,13336
10226,0.00018768849258776754,25422
10227,0.00018768930749502033,23594
10228,0.0001876897586043924,3378
10229,0.0001876897586043924,10676
10230,0.00018769755843095481,8155
10231,0.00018769802409224212,9863
10232,0.00018769879534374923,19269
10233,0.00018770061433315277,7623
10234,0.00018770106544252485,24628
10235,0.0001877022150438279,24643
10236,0.00018770224414765835,24674
10237,0.00018770234601106495,23082
10238,0.00018770797760225832,19725
10239,0.00018771177565213293,26604
10240,0.00018771813483908772,8175
10241,0.00018772372277453542,13330
10242,0.00018772682233247906,169
10243,0.00018773188639897853,24836
10244,0.00018773434567265213,3772
10245,0.00018773763440549374,10817
10246,0.00018773852207232267,13885
10247,0.00018774301861412823,11474
10248,0.00018774396448861808,4809
10249,0.00018774437194224447,25452
10250,0.00018774675845634192,17846
10251,0.00018774696218315512,7843
10252,0.00018774998898152262,24585
10253,0.00018775097851175815,13660
10254,0.00018775329226627946,2873
10255,0.0001877550093922764,1928
10256,0.00018775810895022005,19423
10257,0.00018775909848045558,7998
10258,0.00018775965145323426,27659
10259,0.0001877636241260916,27485
10260,0.00018776518118102103,16942
10261,0.00018777079822029918,23205
10262,0.00018777168588712811,13272
10263,0.00018777222430799156,26118
10264,0.00018777267541736364,25775
10265,0.00018777268996927887,5156
10266,0.00018777373770717531,22509
10267,0.00018777551304083318,23067
10268,0.00018777577497530729,12640
10269,0.00018777974764816463,25566
10270,0.0001877814793260768,13385
10271,0.00018778179946821183,2031
10272,0.00018778436060529202,10140
10273,0.00018778612138703465,8150
10274,0.00018779077799990773,15458
10275,0.0001877914764918387,25713
10276,0.00018779413949232548,6668
10277,0.0001877976901596412,9326
10278,0.000187799334526062,6365
10279,0.00018780192476697266,7711
10280,0.00018780282698571682,14631
10281,0.00018780968093778938,3505
10282,0.00018781244580168277,10138
10283,0.00018781448306981474,21696
10284,0.0001878165203379467,23206
10285,0.00018781710241455585,23803
10286,0.00018782203551381826,4728
10287,0.0001878234907053411,8850
10288,0.00018782398547045887,25584
10289,0.00018782838014885783,16178
10290,0.00018783066479954869,2591
10291,0.00018783719860948622,20513
10292,0.00018783756240736693,18762
10293,0.00018784086569212377,21387
10294,0.00018784492567647249,10043
10295,0.00018784684652928263,26080
10296,0.00018784846179187298,27378
10297,0.00018785599968396127,25807
10298,0.00018785706197377294,1578
10299,0.00018785909924190491,25382
10300,0.00018786435248330235,10239
10301,0.000187865603948012,3040
10302,0.00018786804866977036,9414
10303,0.0001878715556813404,2189
10304,0.00018787213775794953,14297
10305,0.00018787433509714901,16402
10306,0.00018787536828313023,10569
10307,0.00018787829321809113,10768
10308,0.00018788214947562665,10235
10309,0.0001878836628748104,19445
10310,0.00018788686429616064,13025
10311,0.00018790374451782554,19728
10312,0.00018790873582474887,27198
10313,0.00018790877948049456,22070
10314,0.00018791176262311637,4718
10315,0.000187912184628658,5469
10316,0.00018791327602230012,12632
10317,0.00018791407637763768,13048
10318,0.00018791455659084022,14185
10319,0.0001879179762909189,19994
10320,0.00018791857291944325,4525
10321,0.0001879186020232737,24170
10322,0.000187921425094828,1685
10323,0.00018792328773997724,22349
10324,0.00018792504852171987,11526
10325,0.00018792749324347824,2901
10326,0.0001879276242107153,15891
10327,0.00018793329945765436,9555
10328,0.00018793458002619445,12612
10329,0.00018794035713654011,26390
10330,0.00018794571224134415,18808
10331,0.0001879528135759756,20238
10332,0.00018795434152707458,25004
10333,0.00018795544747263193,4023
10334,0.00018796013318933547,18441
10335,0.00018796550284605473,25608
10336,0.00018797114898916334,24344
10337,0.0001879719493445009,5168
10338,0.00018797551456373185,27676
10339,0.00018797644588630646,6004
10340,0.00018797788652591407,7388
10341,0.00018798289238475263,13724
10342,0.00018798408564180136,17528
10343,0.00018798791279550642,18434
10344,0.00018799050303641707,24537
10345,0.00018799463578034192,2742
10346,0.00018799793906509876,12440
10347,0.00018799988902173936,25245
10348,0.00018799997633323073,2385
10349,0.00018800182442646474,10217
10350,0.0001880023191915825,15232
10351,0.0001880031340988353,21981
10352,0.00018800327961798757,11293
10353,0.0001880049821920693,2817
10354,0.000188007194083184,15156
10355,0.00018800802354235202,8462
10356,0.00018800805264618248,22540
10357,0.0001880084164440632,3571
10358,0.00018800879479385912,2057
10359,0.00018801783153321594,463
10360,0.0001880233467090875,21378
10361,0.00018802742124535143,24163
10362,0.00018803079728968441,27522
10363,0.00018803097191266716,15234
10364,0.00018803373677656054,18752
10365,0.00018803708371706307,22761
10366,0.0001880378113128245,10717
10367,0.00018803989223670214,2333
10368,0.00018804291903506964,6871
10369,0.000188045873073861,17346
10370,0.00018804719729814678,1154
10371,0.0001880474155768752,24215
10372,0.00018805268337018788,27435
10373,0.000188054284080863,14927
10374,0.000188060337677598,19762
10375,0.0001880607014754787,2034
10376,0.00018806353909894824,12798
10377,0.00018806364096235484,15098
10378,0.00018806534353643656,10057
10379,0.00018806559091899544,8262
10380,0.0001880691561382264,10527
10381,0.00018806922889780253,27455
10382,0.00018807195010595024,14914
10383,0.00018807407468557358,11702
10384,0.00018808168533723801,5924
10385,0.0001880839408840984,10142
10386,0.00018808487220667303,16327
10387,0.00018808656022883952,8159
10388,0.0001880886993603781,1544
10389,0.00018809022731147707,349
10390,0.00018809166795108467,2818
10391,0.0001880959898699075,6702
10392,0.0001881018397398293,14405
10393,0.000188107427675277,6013
10394,0.000188115838682279,23856
10395,0.0001881191274151206,20938
10396,0.00018812909547705203,4361
10397,0.00018813392671290785,15917
10398,0.00018813648784998804,18369
10399,0.00018813922361005098,9089
10400,0.00018814008217304945,8866
10401,0.00018814181385096163,23149
10402,0.00018814500072039664,23180
10403,0.000188145597348921,5699
10404,0.0001881461648736149,20966
10405,0.0001881464122561738,1207
10406,0.0001881473435787484,21004
10407,0.00018815141811501235,9804
10408,0.00018815268413163722,1268
10409,0.00018815680232364684,14512
10410,0.00018816403462551534,2961
10411,0.0001881690986920148,13475
10412,0.00018817276577465236,5295
10413,0.0001881742791738361,27311
10414,0.00018817794625647366,7682
10415,0.00018817906675394624,4587
10416,0.00018818510579876602,8082
10417,0.00018818536773324013,21110
10418,0.0001881858624983579,22601
10419,0.0001881863863673061,5509
10420,0.000188187143066898,26961
10421,0.0001881891512311995,19278
10422,0.00018819003889802843,207
10423,0.00018819098477251828,6588
10424,0.00018819255637936294,17889
10425,0.00018819471006281674,3313
10426,0.00018819751858245581,14006
10427,0.00018820470722857863,22321
10428,0.00018820514378603548,11329
10429,0.00018820706463884562,238
10430,0.00018820723926182836,13626
10431,0.0001882098731584847,12866
10432,0.0001882134674815461,8076
10433,0.00018821518460754305,2874
10434,0.00018821835692506284,6553
10435,0.00018821906996890903,23971
10436,0.00018821979756467044,24550
10437,0.00018822246056515723,14607
10438,0.00018822400306817144,4649
10439,0.00018822535639628768,14400
10440,0.00018822797574102879,7244
10441,0.00018823036225512624,14933
10442,0.00018823168647941202,20594
10443,0.00018823709979187697,7330
10444,0.0001882408541860059,19121
10445,0.00018824917788151652,19206
10446,0.00018825297593139112,6675
10447,0.00018825741426553577,16537
10448,0.00018825770530384034,25519
10449,0.00018825993174687028,3712
10450,0.00018826083396561444,20008
10451,0.0001882626092992723,2986
10452,0.00018826329323928803,20995
10453,0.0001882665092125535,411
10454,0.00018826675659511238,27140
10455,0.0001882697397377342,2978
10456,0.00018827151507139206,9441
10457,0.00018827359599526972,9131
10458,0.00018827839812729508,19207
10459,0.00018827921303454787,2793
10460,0.0001882816868601367,21838
10461,0.0001882833312265575,12384
10462,0.00018828458269126713,10231
10463,0.00018828609609045088,23447
10464,0.0001882902142824605,12208
10465,0.0001882938522612676,3168
10466,0.00018829495820682496,7089
10467,0.00018829666078090668,19602
10468,0.00018829733016900718,10882
10469,0.00018830264161806554,5424
10470,0.0001883035438368097,24662
10471,0.00018830758926924318,16471
10472,0.00018830799672286958,1995
10473,0.0001883120567072183,11495
10474,0.000188317964784801,24228
10475,0.00018831812485586852,4951
10476,0.00018831845954991877,25798
10477,0.0001883186341729015,434
10478,0.00018832154455594718,23459
10479,0.00018832238856703043,8482
10480,0.0001883227378129959,19772
10481,0.00018832368368748575,4790
10482,0.00018832494970411062,23949
10483,0.0001883271906990558,26179
10484,0.00018832908244803548,23892
10485,0.0001883291406556964,27490
10486,0.0001883298682514578,19016
10487,0.00018833026115316898,11376
10488,0.00018833465583156794,20227
10489,0.00018833762442227453,23697
10490,0.0001883381773950532,16227
10491,0.00018833993817679584,10959
10492,0.00018834065122064203,23174
10493,0.00018834456568583846,4082
10494,0.00018834584625437856,20173
10495,0.00018834714137483388,26719
10496,0.00018835219088941813,8997
10497,0.0001883562363218516,26778
10498,0.00018836019444279373,26654
10499,0.00018836671370081604,24559
10500,0.00018837030802387744,9488
10501,0.00018837142852135003,3343
10502,0.00018837350944522768,23560
10503,0.00018837829702533782,22010
10504,0.0001883806544356048,3188
10505,0.00018838132382370532,20099
10506,0.00018838292453438044,25513
10507,0.000188383215572685,19819
10508,0.00018838625692296773,13331
10509,0.00018838647520169616,8870
10510,0.00018838667892850935,27333
10511,0.00018839207768905908,21279
10512,0.00018839254335034639,12220
10513,0.0001883941877167672,13797
10514,0.00018839545373339206,27124
10515,0.0001883961376734078,14695
10516,0.0001884044468170032,16379
10517,0.00018840564007405192,27093
10518,0.0001884138328023255,12523
10519,0.00018841942073777318,7915
10520,0.00018842329154722393,27164
10521,0.00018842633289750665,17618
10522,0.00018842732242774218,792
10523,0.00018842756981030107,7193
10524,0.00018842880672309548,26002
10525,0.00018843638827092946,23221
10526,0.00018843745056074113,19817
10527,0.00018844178703147918,26464
10528,0.00018844305304810405,14799
10529,0.0001884432858787477,15970
10530,0.00018844367878045887,7659
10531,0.00018844546866603196,10930
10532,0.00018844939768314362,9411
10533,0.0001884497469291091,3616
10534,0.0001884501543827355,26207
10535,0.0001884520606836304,13237
10536,0.00018845696467906237,872
10537,0.00018846653983928263,24117
10538,0.00018847300088964403,13402
10539,0.00018847343744710088,6952
10540,0.00018848010222427547,3020
10541,0.00018848398758564144,19586
10542,0.00018848913896363229,14269
10543,0.00018848941545002162,27781
10544,0.00018849315529223531,4039
10545,0.00018849603657145053,0
10546,0.00018849619664251804,905
10547,0.00018850147898774594,7820
10548,0.00018850175547413528,21723
10549,0.0001885082747321576,2354
10550,0.00018851250933948904,4457
10551,0.00018851266941055655,21175
10552,0.00018851389177143574,13605
10553,0.00018851763161364943,14689
10554,0.00018852620269171894,20934
10555,0.00018852825451176614,20712
10556,0.0001885287492768839,27305
10557,0.00018852917128242552,14491
10558,0.00018853371147997677,3259
10559,0.0001885354722617194,1191
10560,0.00018853720393963158,21646
10561,0.00018854651716537774,20134
10562,0.0001885487581603229,25327
10563,0.000188550038728863,17129
10564,0.00018855083908420056,3773
10565,0.00018855089729186147,5590
10566,0.00018855539383366704,17884
10567,0.00018855626694858074,12260
10568,0.00018856428505387157,22196
10569,0.00018856656970456243,25536
10570,0.0001885669189505279,12990
10571,0.00018856741371564567,6040
10572,0.00018856771930586547,26835
10573,0.00018856859242077917,2186
10574,0.00018857694522012025,24080
10575,0.00018857739632949233,1064
10576,0.00018857869144994766,3728
10577,0.00018857934628613293,1864
10578,0.00018858078692574054,844
10579,0.00018858381372410804,19327
10580,0.00018858673865906894,20927
10581,0.00018858701514545828,25970
10582,0.00018858740804716945,1589
10583,0.00018859206466004252,525
10584,0.00018859229749068618,21958
10585,0.00018859319970943034,19528
10586,0.00018859429110307246,19947
10587,0.00018859509145841002,18267
10588,0.0001885965612018481,8520
10589,0.00018860195996239781,22256
10590,0.0001886020036181435,27452
10591,0.00018860239651985466,23297
10592,0.00018860763520933688,8581
10593,0.00018861080752685666,7977
10594,0.00018862070282921195,23938
10595,0.00018862236174754798,7194
10596,0.00018862330762203783,15954
10597,0.00018862567958422005,15549
10598,0.00018862896831706166,27293
10599,0.00018862899742089212,10545
10600,0.00018862939032260329,13654
10601,0.00018863120931200683,15495
10602,0.00018863126751966774,642
10603,0.00018863758305087686,18865
10604,0.0001886389363789931,24881
10605,0.0001886400714283809,5097
10606,0.00018864015873987228,6015
10607,0.00018864496087189764,19408
10608,0.00018864605226553977,1661
10609,0.0001886522804852575,22597
10610,0.00018865737365558743,12692
10611,0.0001886591053334996,21010
10612,0.0001886672107502818,8953
10613,0.00018866815662477165,8629
10614,0.00018866904429160058,18681
10615,0.00018868170445784926,12587
10616,0.00018868174811359495,16678
10617,0.00018868425104301423,26713
10618,0.00018868604092858732,9533
10619,0.0001886872050818056,12749
10620,0.0001886918762465939,10945
10621,0.00018870063649956137,14692
10622,0.0001887010148493573,10287
10623,0.0001887032703962177,12449
10624,0.00018870356143452227,5269
10625,0.00018870872736442834,12525
10626,0.00018871203064918518,1716
10627,0.0001887134276330471,3965
10628,0.00018871633801609278,9244
10629,0.00018872151849791408,10103
10630,0.00018872367218136787,19643
10631,0.00018872518558055162,23727
10632,0.0001887292746687308,23646
10633,0.00018873398948926479,14227
10634,0.00018873417866416276,10339
10635,0.00018873529916163534,19531
10636,0.00018873586668632925,27361
10637,0.00018873726367019117,1696
10638,0.0001887436374090612,232
10639,0.00018875593377742916,18461
10640,0.00018875638488680124,17866
10641,0.00018875743262469769,13811
10642,0.00018876434478443116,12630
10643,0.0001887657563202083,23446
10644,0.0001887678081402555,10990
10645,0.0001887679100036621,5292
10646,0.0001887688267743215,26302
10647,0.00018876921967603266,12925
10648,0.00018877239199355245,24981
10649,0.00018877327966038138,21855
10650,0.00018877767433878034,806
10651,0.00018877792172133923,4012
10652,0.00018877926049754024,11624
10653,0.00018877960974350572,7308
10654,0.00018878179253078997,4701
10655,0.0001887897087726742,25314
10656,0.00018879173148889095,15821
10657,0.0001887966791400686,20677
10658,0.00018879753770306706,15327
10659,0.00018879922572523355,23890
10660,0.00018880216521210968,17826
10661,0.00018880367861129344,7225
10662,0.00018880584684666246,21781
10663,0.00018880968855228275,22653
10664,0.00018881009600590914,5161
10665,0.00018881523283198476,25168
10666,0.00018881764844991267,19711
10667,0.00018882555013988167,15020
10668,0.00018882933363784105,14371
10669,0.00018883174925576895,25543
10670,0.00018883774464484304,15860
10671,0.00018884592282120138,694
10672,0.00018885100143961608,9456
10673,0.00018885113240685314,11636
10674,0.00018885222380049527,4268
10675,0.00018885411554947495,14325
10676,0.0001888550614239648,8132
10677,0.00018885575991589576,8636
10678,0.0001888569095171988,11451
10679,0.00018886159523390234,5610
10680,0.000188864505616948,4462
10681,0.00018886705220211297,24456
10682,0.00018887284386437386,12088
10683,0.00018887364421971142,16142
10684,0.00018887408077716827,5386
10685,0.00018887515761889517,8559
10686,0.0001888804108602926,3851
10687,0.00018888064369093627,2287
10688,0.0001888824044726789,12687
10689,0.00018888422346208245,7359
10690,0.0001888902042992413,19660
10691,0.00018889878992922604,26112
10692,0.00018890236970037222,3018
10693,0.0001889030245365575,21959
10694,0.00018890494538936764,27056
10695,0.00018891408399213105,26765
10696,0.00018891479703597724,14005
10697,0.0001889150298666209,5028
10698,0.0001889160630526021,10423
10699,0.0001889212435344234,6023
10700,0.00018892176740337163,9733
10701,0.00018892409570980817,14654
10702,0.0001889257982838899,19352
10703,0.00018892720981966704,16310
10704,0.00018893464584834874,3392
10705,0.00018893645028583705,9909
10706,0.0001889418053906411,17860
10707,0.00018894270760938525,15754
10708,0.00018894315871875733,10740
10709,0.00018894352251663804,11130
10710,0.00018894484674092382,12388
10711,0.0001889450359158218,1571
10712,0.0001889520644908771,6284
10713,0.00018895526591222733,2442
10714,0.00018895577522926033,3527
10715,0.00018895660468842834,14474
10716,0.00018895692483056337,18594
10717,0.00018896101391874254,4896
10718,0.0001889640698209405,7503
10719,0.00018896610708907247,18628
10720,0.00018896615074481815,16347
10721,0.00018896862457040697,16926
10722,0.00018896923575084656,661
10723,0.00018896952678915113,27193
10724,0.00018896994879469275,5716
10725,0.00018897092377301306,6330
10726,0.00018897118570748717,4291
10727,0.00018897118570748717,22550
10728,0.00018897133122663945,24485
10729,0.0001889761333586648,16133
10730,0.00018897642439696938,23760
10731,0.00018898207054007798,12562
10732,0.00018898244888987392,18514
10733,0.00018898303096648306,16432
10734,0.00018898400594480336,18717
10735,0.0001889905397547409,12889
10736,0.00018899056885857135,13417
10737,0.00018899361020885408,2988
10738,0.00018899729184340686,18034
10739,0.0001890054700197652,23747
10740,0.0001890093699330464,23546
10741,0.00018900964641943574,220
10742,0.00018901104340329766,18975
10743,0.00018901514704339206,12430
10744,0.00018901553994510323,22170
10745,0.00018901683506555855,25531
10746,0.0001890169078251347,4856
10747,0.00018901743169408292,17501
10748,0.00018901920702774078,14873
10749,0.0001890194689622149,2915
10750,0.00018902176816482097,23840
10751,0.00018902479496318847,4534
10752,0.00018902555166278034,6206
10753,0.00018902579904533923,21900
10754,0.00018902680312748998,5102
10755,0.00018902776355389506,19661
10756,0.00018903068848885596,17229
10757,0.00018903437012340873,5377
10758,0.00018903653835877776,1110
10759,0.000189043435966596,57
10760,0.00018904729222413152,9121
10761,0.00018904941680375487,3256
10762,0.00018905906472355127,21205
10763,0.00018906863988377154,4601
10764,0.00018906967306975275,6357
10765,0.00018907063349615782,1079
10766,0.00018907066259998828,22766
10767,0.00018907748744823039,3095
10768,0.0001890790299512446,793
10769,0.00018908086349256337,11590
10770,0.00018908156198449433,15680
10771,0.00018908159108832479,622
10772,0.00018908419588115066,25767
10773,0.00018908461788669229,18094
10774,0.00018908541824202985,25817
10775,0.00018909183563664556,17973
10776,0.0001890919666038826,14638
10777,0.00018909492064267397,12378
10778,0.00018909614300355315,14870
10779,0.00018910194921772927,14843
10780,0.00018910440849140286,11395
10781,0.00018910532526206225,5413
10782,0.00018910826474893838,21548
10783,0.00018911593360826373,26906
10784,0.0001891163847176358,17621
10785,0.0001891234132926911,20105
10786,0.00018912466475740075,18527
10787,0.00018912625091616064,13555
10788,0.00018912827363237739,11371
10789,0.00018913147505372763,9299
10790,0.00018913250823970884,5301
10791,0.0001891350984806195,9736
10792,0.00018913554958999157,267
10793,0.0001891429565148428,713
10794,0.00018914384418167174,25083
10795,0.00018914404790848494,6505
10796,0.00018914468819275498,6194
10797,0.00018914682732429355,15817
10798,0.00018914697284344584,21856
10799,0.00018915641703642905,10975
10800,0.00018916794215328991,13700
10801,0.00018917287525255233,20071
10802,0.00018917566922027618,22655
10803,0.0001891769643407315,2313
10804,0.00018918057321570814,14018
10805,0.00018918268324341625,26338
10806,0.00018918297428172082,25104
10807,0.0001891865103971213,17701
10808,0.00018918725254479796,24342
10809,0.00018918885325547308,4453
10810,0.00018919464491773397,5792
10811,0.00018919473222922534,17037
10812,0.0001891972206067294,12676
10813,0.0001892007130663842,20204
10814,0.00018920206639450043,4080
10815,0.00018920503498520702,8504
10816,0.00018920633010566235,8128
10817,0.00018920864386018366,6260
10818,0.00018921075388789177,20215
10819,0.00018921111768577248,6615
10820,0.00018921293667517602,25414
10821,0.00018922291928902268,12786
10822,0.0001892235450213775,23565
10823,0.00018922453455161303,18998
10824,0.00018922489834949374,3835
10825,0.00018922664457932115,15633
10826,0.0001892266736831516,1377
10827,0.0001892275467980653,716
10828,0.00018923255265690386,21249
10829,0.00018923413881566375,20813
10830,0.00018923533207271248,26975
10831,0.00018923766037914902,17307
10832,0.00018923947936855257,949
10833,0.0001892395957838744,16941
10834,0.00018924295727629215,15227
10835,0.00018924620235338807,1349
10836,0.00018924834148492664,24203
10837,0.0001892496511572972,8658
10838,0.00018925053882412612,3528
10839,0.00018925989570561796,11972
10840,0.00018926033226307482,8978
10841,0.00018926140910480171,17165
10842,0.00018926238408312201,14094
10843,0.00018927420023828745,14584
10844,0.0001892789005069062,2387
10845,0.0001892797736218199,3264
10846,0.00018928005010820925,9314
10847,0.00018928101053461432,12065
10848,0.0001892875588964671,17771
10849,0.0001892892614705488,5894
10850,0.00018929353973362595,16666
10851,0.00018929528596345335,16245
10852,0.00018929773068521172,24774
10853,0.0001892986474558711,6949
10854,0.00018929973884951323,21808
10855,0.00018930202350020409,24128
10856,0.00018931111844722182,17900
10857,0.0001893121370812878,10343
10858,0.00018931287922896445,23119
10859,0.00018931672093458474,15311
10860,0.0001893170119728893,25086
10861,0.00018931881641037762,5734
10862,0.00018931932572741061,11143
10863,0.00018932059174403548,5225
10864,0.00018932086823042482,3346
10865,0.0001893262378871441,9578
10866,0.00018932695093099028,15267
10867,0.00018932719831354916,19707
10868,0.00018932754755951464,5921
10869,0.00018933668616227806,527
10870,0.00018933713727165014,21182
10871,0.00018933872343041003,23864
10872,0.00018934167746920139,14200
10873,0.0001893419394036755,15091
10874,0.00018934467516373843,25495
10875,0.00018934471881948411,16476
10876,0.000189345475519076,23170
10877,0.00018934591207653284,14651
10878,0.00018934669787995517,26456
10879,0.00018934694526251405,25003
10880,0.0001893494336400181,7514
10881,0.00018935090338345617,1086
10882,0.00018935176194645464,8348
10883,0.00018935212574433535,7805
10884,0.0001893530279630795,3609
10885,0.00018935480329673737,1111
10886,0.00018935691332444549,27695
10887,0.00018935769912786782,22965
10888,0.0001893588632810861,8021
10889,0.00018936207925435156,14794
10890,0.00018936270498670638,7788
10891,0.00018936644482892007,7130
10892,0.0001893690787255764,20104
10893,0.00018937335698865354,22051
10894,0.00018937968707177788,7593
10895,0.00018938255379907787,18181
10896,0.0001893834996735677,7354
10897,0.00018938629364129156,4935
10898,0.00018938668654300272,13862
10899,0.0001893901062430814,10642
10900,0.00018939320580102503,22113
10901,0.0001893946318887174,19001
10902,0.00018939680012408644,19872
10903,0.00018940080190077424,6163
10904,0.00018940168956760317,3762
10905,0.000189403654076159,15005
10906,0.0001894040615297854,18942
10907,0.00018940423615276814,23504
10908,0.0001894054003059864,6291
10909,0.00018940620066132396,20390
10910,0.00018940855807159096,20063
10911,0.0001894145825644955,2631
10912,0.00018941480084322393,5080
10913,0.00018941785674542189,24219
10914,0.00018941803136840463,7949
10915,0.0001894217130029574,24226
10916,0.000189423662959598,26488
10917,0.0001894274610094726,22690
10918,0.0001894346351036802,15055
10919,0.0001894378656288609,26250
10920,0.0001894393062684685,21427
10921,0.0001894405868370086,20625
10922,0.00018944124167319387,19353
10923,0.0001894489978440106,1486
10924,0.00018945301417261362,3243
10925,0.00018945321789942682,8053
10926,0.00018945556075777858,3856
10927,0.00018945630290545523,19069
10928,0.00018946139607578516,4610
10929,0.0001894688612082973,2777
10930,0.0001894705928862095,7505
10931,0.00018947185890283436,7275
10932,0.00018947507487609982,1412
10933,0.0001894885499496013,14833
10934,0.0001894913730211556,22436
10935,0.0001894971210276708,18667
10936,0.00018949828518088907,19913
10937,0.00018950329103972763,22066
10938,0.00018950627418234944,8472
10939,0.00018950944649986923,19621
10940,0.00018951197853311896,25648
10941,0.00018951624224428087,4386
10942,0.00018951711535919458,2947
10943,0.0001895239547593519,2688
10944,0.0001895280001917854,10337
10945,0.00018952951359096915,12515
10946,0.00018953147809952497,8331
10947,0.00018953294784296304,7297
10948,0.00018953417020384222,19003
10949,0.00018953434482682496,12395
10950,0.00018953689141198993,4346
10951,0.00018954076222144067,9971
10952,0.0001895434979815036,12059
10953,0.0001895468303700909,24169
10954,0.00018955029372591525,19553
10955,0.00018955147243104875,26344
10956,0.00018955225823447108,26899
10957,0.00018955727864522487,23848
10958,0.00018955727864522487,25918
10959,0.00018955774430651218,12129
10960,0.0001895598543342203,1298
10961,0.0001895601162686944,9087
10962,0.00018956384155899286,3907
10963,0.0001895666791824624,27604
10964,0.0001895676541607827,15805
10965,0.00018956817802973092,16436
10966,0.0001895683817565441,3993
10967,0.00018957207794301212,1973
10968,0.0001895767927635461,6968
10969,0.00018957849533762783,44
10970,0.0001895821187645197,6355
10971,0.00018958265718538314,10829
10972,0.00018958553846459836,3885
10973,0.00018958603322971612,7393
10974,0.000189586280612275,14532
10975,0.00018958724103868008,8898
10976,0.00018958844884764403,1498
10977,0.0001895912573672831,6922
10978,0.00018959758745040745,6791
10979,0.00018959880981128663,10980
10980,0.00018959888257086277,12707
10981,0.00018959981389343739,10155
10982,0.0001896028988994658,15742
10983,0.00018960314628202468,22015
10984,0.00018960611487273127,12351
10985,0.0001896065368782729,17614
10986,0.0001896116154966876,14237
10987,0.00018961381283588707,20221
10988,0.00018961491878144443,26436
10989,0.00018961518071591854,1786
10990,0.0001896192115964368,12141
10991,0.0001896214234875515,20372
10992,0.00018962261674460024,10910
10993,0.00018962286412715912,9549
10994,0.00018963216280099005,21118
10995,0.0001896350149763748,18932
10996,0.00018963514594361186,26974
10997,0.00018963604816235602,3810
10998,0.00018963919137604535,13751
10999,0.00018964165064971894,2196
11000,0.00018965320487041026,10671
11001,0.0001896536850836128,3767
11002,0.00018965518393088132,22299
11003,0.00018965874915011227,13028
11004,0.0001896600442705676,27685
11005,0.00018966545758303255,825
11006,0.0001896680478239432,15117
11007,0.00018967613868881017,11768
11008,0.00018967798678204417,6612
11009,0.00018967935466207564,23574
11010,0.00018968309450428933,3556
11011,0.00018968478252645582,11511
11012,0.00018968485528603196,19109
11013,0.00018968703807331622,6121
11014,0.00018968981748912483,19625
11015,0.00018969710799865425,11984
11016,0.00018969873781315982,22234
11017,0.00018970042583532631,26522
11018,0.00018970137170981616,26466
11019,0.00018970482051372528,10987
11020,0.00018970726523548365,1462
11021,0.00018971198005601764,3802
11022,0.00018971360987052321,11946
11023,0.0001897136535262689,2539
11024,0.00018971732060890645,23377
11025,0.0001897178153740242,27115
11026,0.00018972433463204652,6358
11027,0.00018972906400449574,15355
11028,0.00018973188707605004,1355
11029,0.0001897414040286094,27349
11030,0.00018974328122567385,18829
11031,0.0001897449401440099,16511
11032,0.0001897454058052972,20133
11033,0.00018975303100887686,6542
11034,0.00018975506827700883,8052
11035,0.00018975829880218953,1857
11036,0.00018975876446347684,25515
11037,0.00018976168939843774,24294
11038,0.0001897650072351098,24398
11039,0.00018976569117512554,27594
11040,0.00018976670980919152,23173
11041,0.00018976729188580066,18505
11042,0.00018976768478751183,2098
11043,0.0001897714682854712,789
11044,0.00018977424770127982,19202
11045,0.00018977432046085596,18722
11046,0.00018977824947796762,5268
11047,0.00018977970466949046,14780
11048,0.00018978626758325845,2519
11049,0.00018978648586198688,11642
11050,0.00018978763546328992,24634
11051,0.0001897884940262884,19463
11052,0.00018978984735440463,17569
11053,0.0001897916808957234,162
11054,0.00018980128515977412,10544
11055,0.00018980237655341625,9805
11056,0.00018980467575602233,19832
11057,0.00018980767345055938,1654
11058,0.00018981243192683905,27600
11059,0.00018981385801453143,13743
11060,0.00018981422181241214,4539
11061,0.0001898144546430558,18251
11062,0.00018981592438649386,7804
11063,0.0001898190239444375,19171
11064,0.00018981951870955527,24872
11065,0.00018982525216415524,26724
11066,0.00018982870096806437,18
11067,0.00018983249901793897,4880
11068,0.0001898337941383943,22342
11069,0.00018983568588737398,14941
11070,0.00018983642803505063,24708
11071,0.00018984101188834757,16056
11072,0.00018984619237016886,13275
11073,0.00018985435599461198,437
11074,0.0001898545160656795,6299
11075,0.00018985602946486324,8554
11076,0.00018986173381563276,18985
11077,0.00018986442591995,9238
11078,0.00018986794748343527,22872
11079,0.0001898681657621637,6593
11080,0.00018986854411195964,21132
11081,0.00018987152725458145,6453
11082,0.00018987685325555503,6224
11083,0.00018988334340974689,26812
11084,0.00018988542433362454,4738
11085,0.00018988613737747073,147
11086,0.00018988734518643469,5745
11087,0.00018989265663549304,26076
11088,0.0001898941700346768,4641
11089,0.00018989555246662349,13990
11090,0.00018989732780028135,4769
11091,0.00018989801174029708,24675
11092,0.00018990141688846052,22507
11093,0.0001899035123642534,14851
11094,0.00018990588432643563,16809
11095,0.00018990854732692242,17375
11096,0.00018991116667166352,23598
11097,0.00018991230172105134,21771
11098,0.00018992320110555738,26605
11099,0.00018992519471794367,27026
11100,0.00018992584955412894,23835
11101,0.00018992771219927818,14490
11102,0.00018993437697645277,1347
11103,0.00018993462435901165,26780
11104,0.00018993663252331316,17197
11105,0.00018993698176927865,803
11106,0.00018994318088516593,1310
11107,0.00018994431593455374,10090
11108,0.0001899467024486512,22614
11109,0.00018994889978785068,19344
11110,0.0001899514754768461,4771
11111,0.00018995928985532373,19878
11112,0.0001899639901239425,17591
11113,0.00018996480503119528,5459
11114,0.0001899694325402379,19554
11115,0.0001899736380437389,10196
11116,0.00018997438019141555,24722
11117,0.00018997523875441402,27343
11118,0.0001899779454106465,15654
11119,0.00018997823644895107,6959
11120,0.0001899783092085272,4693
11121,0.00018998330051545054,10594
11122,0.0001899843628052622,17672
11123,0.00018998596351593733,11510
11124,0.0001899862545542419,16294
11125,0.00018998744781129062,2890
11126,0.0001899875933304429,1098
11127,0.00018999341409653425,22351
11128,0.00018999475287273526,664
11129,0.00018999648455064744,14613
11130,0.00018999699386768043,1616
11131,0.0001899983617477119,9725
11132,0.00018999881285708398,6252
11133,0.0001900037459563464,12914
11134,0.0001900042116176337,1301
11135,0.00019000771862920374,3239
11136,0.0001900086790556088,21415
11137,0.00019001335022039711,26750
11138,0.0001900205243146047,10623
11139,0.0001900255010696128,9433
11140,0.00019002563203684986,4375
11141,0.00019002905173692852,24239
11142,0.0001900348433991894,25133
11143,0.00019003587658517063,12803
11144,0.00019004372006747872,16918
11145,0.00019005491049028933,27664
11146,0.00019005521608050913,9502
11147,0.00019005947979167104,13191
11148,0.00019006227375939488,5920
11149,0.00019006285583600402,412
11150,0.00019006415095645934,18259
11151,0.00019006490765605122,1896
11152,0.00019006773072760552,15744
11153,0.00019006902584806085,12812
11154,0.0001900700299302116,26007
11155,0.0001900738716358319,19089
11156,0.00019008082745131105,10872
11157,0.00019008334493264556,15922
11158,0.00019008478557225317,6405
11159,0.0001900869101518765,16832
11160,0.0001900898350868374,4430
11161,0.00019009019888471812,24844
11162,0.0001900909119285643,11824
11163,0.00019009405514225364,9473
11164,0.0001900941861094907,22793
11165,0.00019009430252481252,12538
11166,0.00019009677635040134,22807
11167,0.00019009702373296022,16188
11168,0.00019010616233572364,20120
11169,0.00019010780670214444,1946
11170,0.00019011161930393428,5844
11171,0.0001901136856758967,6732
11172,0.00019011832773685455,25064
11173,0.00019012531265616417,24102
11174,0.0001901299983728677,23538
11175,0.00019013210840057582,26365
11176,0.00019013536802958697,14768
11177,0.00019013737619388849,4259
11178,0.00019013765268027782,12476
11179,0.0001901427167467773,6851
11180,0.00019014417193830013,11337
11181,0.0001901471841847524,684
11182,0.0001901472278404981,3924
11183,0.00019015002180822194,23464
11184,0.00019015168072655797,20089
11185,0.0001901532814372331,26858
11186,0.00019015383441001177,8760
11187,0.00019015495490748435,17270
11188,0.00019015726866200566,18227
11189,0.00019015793805010617,20784
11190,0.00019016102305613458,7594
11191,0.00019016355508938432,1157
11192,0.00019016439910046756,17805
11193,0.00019016583974007517,11998
11194,0.00019016730948351324,8469
11195,0.00019017110753338784,23489
11196,0.0001901718496810645,27511
11197,0.00019017254817299545,1069
11198,0.00019017368322238326,3399
11199,0.00019017800514120609,5189
11200,0.00019017876184079796,10791
11201,0.0001901801733765751,9375
11202,0.00019018410239368677,3899
11203,0.00019018593593500555,6148
11204,0.00019019207684323192,15788
11205,0.00019019281899090856,1223
11206,0.00019019859610125422,13784
11207,0.00019020240870304406,11752
11208,0.00019020336912944913,22074
11209,0.00019020462059415877,2680
11210,0.00019020959734916687,24779
11211,0.00019021057232748717,26686
11212,0.00019021311891265213,14872
11213,0.0001902152580441907,11944
11214,0.00019021547632291913,756
11215,0.0001902157673612237,23118
11216,0.00019022008928004652,9256
11217,0.00019022129708901048,17456
11218,0.00019022461492568254,14137
11219,0.00019022461492568254,17189
11220,0.00019022461492568254,22754
11221,0.000190226492122747,15801
11222,0.00019022765627596527,19441
11223,0.00019023109052795917,4429
11224,0.00019023349159397185,15557
11225,0.00019023365166503936,17732
11226,0.00019023472850676626,12464
11227,0.00019023867207579315,19081
11228,0.00019023955974262208,3240
11229,0.0001902454241644591,1534
11230,0.0001902504009194672,2048
11231,0.000190251725143753,20493
11232,0.00019025313667953014,17192
11233,0.00019025366054847836,1088
11234,0.00019025497022084892,21961
11235,0.00019025610527023673,3625
11236,0.00019025633810088038,6336
11237,0.0001902566582430154,199
11238,0.00019026006339117885,8843
11239,0.00019026148947887123,4857
11240,0.00019026217341888696,19276
11241,0.00019026258087251335,11785
11242,0.00019027080270461738,11262
11243,0.00019027959206141531,21482
11244,0.0001902807125588879,6786
11245,0.000190280974493362,15873
11246,0.00019028251699637622,1239
11247,0.0001902852236526087,628
11248,0.00019029299437534064,19096
11249,0.000190294929780066,11961
11250,0.00019029593386221677,13197
11251,0.0001903041120385751,5127
11252,0.00019030983094125986,1363
11253,0.0001903187221614644,19613
11254,0.00019032220006920397,750
11255,0.00019032227282878011,26159
11256,0.0001903265219880268,24948
11257,0.00019032947602681816,20994
11258,0.00019032967975363135,2724
11259,0.0001903311931528151,18920
11260,0.00019033238640986383,13316
11261,0.0001903348893392831,23556
11262,0.00019033788703382015,4131
11263,0.000190339662367478,7384
11264,0.00019034204888157547,16146
11265,0.00019034372235182673,17283
11266,0.00019034388242289424,18155
11267,0.00019034932483918965,8160
11268,0.00019034989236388355,23812
11269,0.0001903510419651866,23283
11270,0.0001903512456919998,11580
11271,0.00019035291916225106,903
11272,0.00019035655714105815,8033
11273,0.00019036317826248705,22800
11274,0.00019036477897316217,167
11275,0.00019036575395148247,18997
11276,0.00019036578305531293,9992
11277,0.00019037030870094895,8009
11278,0.00019037362653762102,1538
11279,0.00019037857418879867,15483
11280,0.00019037857418879867,25835
11281,0.00019037912716157734,27145
11282,0.00019037991296499968,14245
11283,0.0001903800730360672,18734
11284,0.00019038414757233113,1895
11285,0.00019038619939237833,12828
11286,0.00019038964819628745,9871
11287,0.00019039037579204887,5836
11288,0.00019039373728446662,5056
11289,0.00019039437756873667,8190
11290,0.00019039832113776356,16858
11291,0.00019039903418160975,235
11292,0.00019040194456465542,8038
11293,0.0001904027594719082,11424
11294,0.00019040385086555034,15080
11295,0.00019040791084989905,16321
11296,0.00019042158965021372,2788
11297,0.00019042433996219188,24470
11298,0.00019042754138354212,1860
11299,0.00019043083011638373,10410
11300,0.00019043180509470403,21083
11301,0.00019043218344449997,4556
11302,0.00019043721840716898,11863
11303,0.0001904395903693512,21356
11304,0.00019044318469241261,7125
11305,0.00019044663349632174,5194
11306,0.0001904507225845009,26086
11307,0.00019045095541514456,22717
11308,0.00019045353110413998,12801
11309,0.00019045376393478364,9612
11310,0.00019045380759052932,12750
11311,0.0001904583041323349,11311
11312,0.00019046576926484704,17642
11313,0.00019046662782784551,21717
11314,0.00019046674424316734,8430
11315,0.00019047089153900743,13516
11316,0.00019048152898903936,958
11317,0.00019048168906010687,24082
11318,0.00019048957619816065,25388
11319,0.0001904969394672662,22923
11320,0.00019050065020564944,13613
11321,0.0001905012468341738,1172
11322,0.0001905018580146134,14436
11323,0.00019050620903726667,15946
11324,0.00019050671835429966,22402
11325,0.0001905081153381616,13315
11326,0.00019050881383009255,838
11327,0.00019050930859521031,12867
11328,0.0001905095559777692,22002
11329,0.0001905125827761367,2693
11330,0.00019051261187996715,22465
11331,0.00019051429990213364,26142
11332,0.0001905146345961839,25179
11333,0.00019051508570555598,25162
11334,0.00019051565323024988,4619
11335,0.00019051793788094074,2074
11336,0.0001905194076243788,17061
11337,0.00019051972776651382,1476
11338,0.0001905198732856661,3473
11339,0.0001905236713355407,21642
11340,0.00019052486459258944,24295
11341,0.00019052658171858639,26850
11342,0.00019053087453357875,26922
11343,0.0001905318204080686,2257
11344,0.00019053909636568278,23998
11345,0.00019054173026233912,14310
11346,0.00019054360745940357,13664
11347,0.00019054389849770814,5193
11348,0.00019054795848205686,11154
11349,0.00019054817676078528,17155
11350,0.00019054827862419188,15518
11351,0.0001905531680677086,5407
11352,0.00019055319717153907,26318
11353,0.00019055530719924718,17906
11354,0.00019055564189329743,17562
11355,0.00019055616576224566,27518
11356,0.0001905561948660761,20632
11357,0.00019056025485042483,21195
11358,0.00019056287419516593,11983
11359,0.00019056607561651617,3090
11360,0.00019056771998293698,10645
11361,0.00019057236204389483,3641
11362,0.00019057282770518214,9480
11363,0.00019057586905546486,12875
11364,0.00019057987083215266,2204
11365,0.000190581165952608,27169
11366,0.0001905857352539897,11195
11367,0.0001905867684399709,24777
11368,0.00019058883481193334,11629
11369,0.0001905902463477105,24241
11370,0.00019059146870858967,8257
11371,0.00019059157057199627,12946
11372,0.00019059203623328358,21784
11373,0.00019059336045756936,13138
11374,0.00019059372425545007,6471
11375,0.00019059916667174548,3063
11376,0.00019060063641518354,6378
11377,0.000190601174836047,17168
11378,0.00019060161139350384,21863
11379,0.000190607228432782,23095
11380,0.00019060766499023885,7565
11381,0.00019060882914345711,14847
11382,0.00019060952763538808,16373
11383,0.00019061073544435203,22512
11384,0.00019061555212829262,26265
11385,0.0001906177494674921,1574
11386,0.00019061804050579667,13574
11387,0.00019061910279560834,11108
11388,0.00019062777573708445,4705
11389,0.0001906328834593296,21741
11390,0.00019063999934587628,12401
11391,0.00019064059597440064,22649
11392,0.000190642531379126,13560
11393,0.00019064628577325493,24480
11394,0.00019064724619966,24349
11395,0.00019064865773543715,12385
11396,0.000190650942386128,16048
11397,0.00019065594824496657,8487
11398,0.00019065785454586148,12386
11399,0.00019065853848587722,11828
11400,0.0001906602265080437,9810
11401,0.0001906614488689229,6890
11402,0.00019066428649239242,16314
11403,0.00019066593085881323,7600
11404,0.0001906724355649203,25787
11405,0.0001906763354782015,18491
11406,0.00019067857647314668,12761
11407,0.0001906796678667888,25938
11408,0.00019068083202000707,8855
11409,0.00019068452820647508,15386
11410,0.00019068532856181264,10049
11411,0.00019068752590101212,11862
11412,0.00019068780238740146,16364
11413,0.00019068860274273902,18249
11414,0.00019068979599978775,530
11415,0.00019069020345341414,1139
11416,0.00019069296831730753,25751
11417,0.0001906967518152669,24593
11418,0.00019069892005063593,20378
11419,0.00019070153939537704,7222
11420,0.00019070168491452932,25757
11421,0.00019070338748861104,8147
11422,0.00019070789858233184,25680
11423,0.00019071293354500085,12133
11424,0.00019071523274760693,15282
11425,0.00019071713904850185,23016
11426,0.00019071859424002469,3725
11427,0.00019071927818004042,26541
11428,0.0001907203404698521,8065
11429,0.00019072071881964803,12645
11430,0.00019072143186349422,21644
11431,0.00019072215945925564,10735
11432,0.0001907226542243734,20078
11433,0.00019072837312705815,15959
11434,0.0001907315745484084,27480
11435,0.00019073253497481346,1338
11436,0.00019073703151661903,9558
11437,0.00019074145529884845,16250
11438,0.00019074218289460987,9479
11439,0.00019074344891123474,14646
11440,0.00019074535521212965,24917
11441,0.00019075124873779714,25105
11442,0.00019075161253567785,19123
11443,0.0001907568221213296,22026
11444,0.00019076430180575699,20964
11445,0.00019076491298619658,572
11446,0.00019076593162026256,4748
11447,0.00019076910393778235,15490
11448,0.00019076958415098488,18821
11449,0.00019076972967013717,884
11450,0.00019077319302596152,8769
11451,0.00019077419710811228,25806
11452,0.00019077671458944678,12380
11453,0.00019077755860053003,15764
11454,0.00019077798060607165,18403
11455,0.0001907792902784422,17333
11456,0.00019078059995081276,25758
11457,0.00019078096374869347,3215
11458,0.0001907812402350828,22166
11459,0.0001907836995087564,20778
11460,0.00019078570767305791,1459
11461,0.00019078706100117415,10825
11462,0.00019078972400166094,12589
11463,0.0001907951373141259,15429
11464,0.00019079699995927513,23575
11465,0.0001907976547954604,7210
11466,0.00019080225320067257,25974
11467,0.00019080255879089236,25423
11468,0.00019080833590123802,11552
11469,0.000190811202628538,17514
11470,0.00019081265782006085,1153
11471,0.00019081505888607353,27102
11472,0.0001908181147882715,2086
11473,0.0001908184349304065,16073
11474,0.000190821461728774,25460
11475,0.0001908236590679735,27033
11476,0.00019082834478467703,25683
11477,0.00019082942162640393,10378
11478,0.0001908360281959176,4440
11479,0.00019084056839346886,23561
11480,0.0001908406993607059,15673
11481,0.00019084081577602774,26490
11482,0.00019084342056885362,2097
11483,0.00019084554514847696,25604
11484,0.0001908541307784617,23682
11485,0.00019085760868620127,3093
11486,0.0001908723934320733,25506
11487,0.00019087344116996974,9158
11488,0.00019087344116996974,24303
11489,0.0001908775739138946,27125
11490,0.0001908798876684159,23465
11491,0.00019088704721070826,21576
11492,0.00019088792032562196,5149
11493,0.00019088931730948389,3645
11494,0.0001908938429551199,14030
11495,0.00019089538545813411,7179
11496,0.00019089618581347167,25723
11497,0.00019089841225650162,16472
11498,0.00019090608111582696,2562
11499,0.0001909076381707564,26912
11500,0.00019091219292022288,19227
11501,0.00019091498688794672,2397
11502,0.00019091623835265636,18712
11503,0.00019091807189397514,21914
11504,0.0001909183047246188,22949
11505,0.0001909187703859061,6859
11506,0.00019092083675786853,9423
11507,0.00019092127331532538,19245
11508,0.00019092625007033348,22320
11509,0.00019092763250228018,5599
11510,0.00019092783622909337,21804
11511,0.00019093180890195072,21146
11512,0.00019093295850325376,13711
11513,0.0001909357524709776,12605
11514,0.0001909372367663309,4290
11515,0.00019093741138931364,23685
11516,0.00019093815353699028,22714
11517,0.00019094275194220245,21673
11518,0.00019094684103038162,4993
11519,0.0001909474522108212,2041
11520,0.00019095202151220292,2689
11521,0.00019095471361652017,17240
11522,0.0001909552374854684,24869
11523,0.00019095548486802727,16052
11524,0.0001909560669446364,25047
11525,0.000190956678125076,17699
11526,0.00019096277537755668,21782
11527,0.00019096901814918965,14746
11528,0.00019097077893093228,5483
11529,0.00019097460608463734,7644
11530,0.0001909788988996297,23162
11531,0.0001909817074192688,15741
11532,0.000190982231288217,16312
11533,0.00019098406482953578,23403
11534,0.00019098451593890786,26386
11535,0.0001909861748572439,26457
11536,0.00019098988559562713,372
11537,0.00019099102064501494,26127
11538,0.00019099193741567433,16406
11539,0.00019099588098470122,25971
11540,0.00019099870405625552,15836
11541,0.00019100212375633419,10013
11542,0.0001910042337840423,23969
11543,0.00019100487406831235,9332
11544,0.00019100596546195447,8429
11545,0.0001910062419483438,9482
11546,0.00019100819190498441,9415
11547,0.00019100902136415243,17537
11548,0.00019101452198810875,14908
11549,0.00019101460929960012,2278
11550,0.0001910179853439331,10089
11551,0.00019101811631117016,11140
11552,0.00019102076475974172,18036
11553,0.00019103082013316453,15952
11554,0.0001910315186250955,12646
11555,0.00019103284284938127,2447
11556,0.0001910384016809985,11645
11557,0.00019103899830952287,4341
11558,0.00019103981321677566,20247
11559,0.0001910407590912655,16336
11560,0.0001910430146381259,9218
11561,0.00019104451348539442,22248
11562,0.00019104524108115584,27572
11563,0.0001910471182782203,7847
11564,0.00019104813691228628,20554
11565,0.00019105027604382485,17730
11566,0.00019105113460682333,8389
11567,0.0001910514838527888,24136
11568,0.0001910557330120355,12417
11569,0.00019106816034764051,3987
11570,0.00019106976105831563,8939
11571,0.00019107635307591408,11882
11572,0.00019108281412627548,2542
11573,0.0001910832361318171,5074
11574,0.00019108444394078106,23157
11575,0.00019109121058136225,14262
11576,0.00019109458662569523,16110
11577,0.00019109511049464345,8243
11578,0.0001910953869810328,405
11579,0.0001910954888444394,6236
11580,0.0001910972932819277,6795
11581,0.00019109767163172364,23238
11582,0.00019109874847345054,23548
11583,0.00019109953427687287,9843
11584,0.00019109983986709267,5667
11585,0.0001911031431518495,5130
11586,0.00019110675202682614,21851
11587,0.0001911075523821637,3912
11588,0.00019111235451418906,1463
11589,0.00019111542496830225,23807
11590,0.0001911168365040794,13423
11591,0.00019112580048386008,8790
11592,0.00019112793961539865,4028
11593,0.00019112946756649762,16767
11594,0.000191131912288256,26758
11595,0.00019113515736535192,21361
11596,0.00019113850430585444,26015
11597,0.000191139304661192,8315
11598,0.00019114006136078387,21347
11599,0.00019114107999484986,7928
11600,0.00019114137103315443,18918
11601,0.00019114396127406508,3890
11602,0.00019114538736175746,445
11603,0.00019114943279419094,4
11604,0.00019114981114398688,16570
11605,0.00019115065515507013,23402
11606,0.00019115266331937164,12106
11607,0.00019115532631985843,14148
11608,0.000191156956134364,2169
11609,0.00019116181647405028,15332
11610,0.00019116986368317157,9809
11611,0.00019117012561764568,8724
11612,0.00019117012561764568,21934
11613,0.00019117147894576192,1105
11614,0.000191176135558635,16303
11615,0.0001911769068101421,22
11616,0.0001911817817017436,6027
11617,0.00019118589989375323,18122
11618,0.00019118671480100602,14942
11619,0.00019118838827125728,16838
11620,0.00019119570788461715,12173
11621,0.00019119704666081816,25227
11622,0.00019119816715829074,16671
11623,0.00019120042270515114,20031
11624,0.0001912098377943039,16329
11625,0.000191211947822012,27298
11626,0.00019121695368085057,804
11627,0.0001912170264404267,19777
11628,0.00019121731747873127,5758
11629,0.0001912180450744927,18464
11630,0.00019121823424939066,8300
11631,0.00019121945661026984,1991
11632,0.00019122335652355105,7486
11633,0.00019122760568279773,20161
11634,0.00019123552192468196,12409
11635,0.00019123645324725658,2588
11636,0.0001912425213959068,25287
11637,0.00019124272512272,5672
11638,0.00019124327809549868,7406
11639,0.0001912444131448865,8810
11640,0.00019124530081171542,15185
11641,0.00019124726532027125,19648
11642,0.0001912525767693296,24669
11643,0.00019126177357975394,2105
11644,0.0001912679144879803,8963
11645,0.00019126931147184223,15116
11646,0.00019127002451568842,8347
11647,0.00019127041741739959,12620
11648,0.0001912737061502412,27280
11649,0.0001912766310852021,7786
11650,0.0001912838197313249,8664
11651,0.0001912848383653909,14668
11652,0.00019128716667182744,20350
11653,0.00019128737039864063,1615
11654,0.00019129604334011674,19865
11655,0.00019129768770653754,17431
11656,0.00019129805150441825,6658
11657,0.00019130219880025834,11241
11658,0.0001913092564791441,23385
11659,0.00019131229782942683,19351
11660,0.0001913129526656121,948
11661,0.00019131506269332021,3995
11662,0.00019131513545289636,20962
11663,0.00019131609587930143,7942
11664,0.00019131781300529838,5828
11665,0.00019132001034449786,10448
11666,0.00019132180023007095,10222
11667,0.00019132286251988262,3779
11668,0.00019132296438328922,24323
11669,0.0001913230516947806,5512
11670,0.00019132423039991409,3302
11671,0.00019132425950374454,12648
11672,0.00019132430315949023,7898
11673,0.00019132491433992982,15864
11674,0.0001913270098157227,4000
11675,0.00019132872694171965,10371
11676,0.00019132929446641356,26621
11677,0.00019132935267407447,6109
11678,0.00019133006571792066,17864
11679,0.00019133092428091913,23260
11680,0.00019133386376779526,5222
11681,0.000191340091987513,11323
11682,0.00019134048488922417,5898
11683,0.00019134263857267797,7294
11684,0.00019134643662255257,11286
11685,0.00019135030743200332,26240
11686,0.00019135585171170533,4913
11687,0.0001913595333462581,8206
11688,0.00019136095943395048,19520
11689,0.00019136267655994743,24758
11690,0.00019136429182253778,8856
11691,0.0001913729647640139,15330
11692,0.00019137862545903772,25292
11693,0.0001913807209348306,4093
11694,0.0001913820451591164,23144
11695,0.00019138258357997984,21529
11696,0.00019138361676596105,14660
11697,0.0001913849264383316,17090
11698,0.00019138626521453261,13537
11699,0.00019138642528560013,4673
11700,0.00019138709467370063,11236
11701,0.00019138935022056103,12998
11702,0.0001913899468490854,18354
11703,0.00019139096548315138,19800
11704,0.00019139387586619705,6149
11705,0.0001913940504891798,7890
11706,0.00019139428331982344,11982
11707,0.00019139752839691937,21311
11708,0.00019140040967613459,4581
11709,0.00019140042422804981,4149
11710,0.00019140417862217873,2808
11711,0.0001914059103000909,1750
11712,0.00019140657968819141,9437
11713,0.00019140876247547567,23740
11714,0.00019141242955811322,15824
11715,0.000191412735148333,3057
11716,0.00019141279335599393,27133
11717,0.0001914147869683802,14946
11718,0.00019143342797178775,3796
11719,0.0001914360764203593,18070
11720,0.0001914367312565446,14238
11721,0.00019143676036037505,13241
11722,0.00019143721146974713,23370
11723,0.0001914397580549121,11088
11724,0.000191444021766074,22006
11725,0.00019144923135172576,23753
11726,0.00019145332043990493,976
11727,0.0001914578169817105,346
11728,0.00019146363774780184,4683
11729,0.00019146478734910488,22141
11730,0.00019146554404869676,16508
11731,0.00019146603881381452,8075
11732,0.00019146785780321807,1900
11733,0.00019147155398968607,6686
11734,0.00019147650164086372,12949
11735,0.0001914769527502358,10709
11736,0.0001914812601171434,7599
11737,0.0001914891181513667,26288
11738,0.00019149028230458498,3657
11739,0.0001914905005833134,11682
11740,0.00019149114086758345,22119
11741,0.00019149192667100579,15200
11742,0.00019149345462210476,26755
11743,0.0001914973690873012,21557
11744,0.00019150030857417732,22573
11745,0.00019150123989675194,19125
11746,0.00019150471780449152,9042
11747,0.0001915133325383067,1211
11748,0.00019151893502566963,11412
11749,0.0001915220491355285,6427
11750,0.00019152859749738127,2286
11751,0.0001915299508254975,22022
11752,0.00019153323955833912,21743
11753,0.0001915378525154665,6010
11754,0.0001915391767397523,23739
11755,0.0001915456377901137,4532
11756,0.00019154981418978423,13953
11757,0.00019155102199874818,10079
11758,0.00019155196787323803,24837
11759,0.00019155643531121314,14880
11760,0.00019155902555212379,6915
11761,0.0001915634493343532,19977
11762,0.00019156555936206132,20634
11763,0.0001915685279527679,1861
11764,0.00019156878988724202,4852
11765,0.00019157104543410242,8001
11766,0.00019157164206262678,14229
11767,0.0001915727334562689,4220
11768,0.0001915743196150288,7381
11769,0.0001915751927299425,2192
11770,0.00019157533824909478,11465
11771,0.00019157676433678716,22421
11772,0.0001915802131406963,19293
11773,0.0001915803732117638,21228
11774,0.00019158306531608105,19373
11775,0.00019158778013661504,27466
11776,0.00019158922077622265,4694
11777,0.00019158923532813787,8577
11778,0.00019159039948135614,14461
11779,0.00019159111252520233,465
11780,0.0001915917091537267,3849
11781,0.0001915946340886876,25333
11782,0.0001915952016133815,1823
11783,0.0001915958127938211,18948
11784,0.00019159600196871907,1632
11785,0.0001915970497066155,10206
11786,0.00019159809744451195,15730
11787,0.00019160013471264392,26556
11788,0.00019160049851052463,11738
11789,0.00019160291412845254,6648
11790,0.00019160295778419822,4266
11791,0.00019160384545102715,23359
11792,0.00019161200907547027,17875
11793,0.00019161282398272306,811
11794,0.00019161532691214234,12989
11795,0.00019161762611474842,3533
11796,0.00019161909585818648,27492
11797,0.00019162021635565907,7973
11798,0.0001916235196404159,10018
11799,0.00019162596436217427,12222
11800,0.0001916259789140895,4108
11801,0.0001916263863677159,7577
11802,0.00019162862736266106,15787
11803,0.00019162923854310066,11131
11804,0.00019163188699167222,22563
11805,0.0001916349574457854,12466
11806,0.000191641112905927,25106
11807,0.00019164185505360365,1309
11808,0.00019164250988978893,27258
11809,0.0001916447508847341,16585
11810,0.00019164483819622546,18797
11811,0.00019164806872140616,14026
11812,0.00019165014964528382,17299
11813,0.00019165436970070004,2118
11814,0.000191656916285865,21733
11815,0.00019165728008374572,13536
11816,0.00019165802223142236,15471
11817,0.00019166016136296093,22700
11818,0.0001916606561280787,26293
11819,0.00019166279525961727,23937
11820,0.00019166334823239595,13256
11821,0.0001916644541779533,17690
11822,0.00019166730635333806,21994
11823,0.00019167031859979033,400
11824,0.00019167293794453144,26294
11825,0.0001916741020977497,13634
11826,0.0001916745532071218,19018
11827,0.0001916746550705284,971
11828,0.00019167592108715326,24955
11829,0.00019168002472724766,16163
11830,0.00019168316794093698,5350
11831,0.00019168750441167504,26849
11832,0.00019168837752658874,26468
11833,0.00019168878498021513,8413
11834,0.00019168955623172224,854
11835,0.00019169186998624355,3555
11836,0.0001916950714075938,13073
11837,0.0001916984183480963,27242
11838,0.00019169932056684047,3660
11839,0.00019169950974173844,12223
11840,0.00019170730956830084,11558
11841,0.0001917122572194785,24715
11842,0.0001917133340612054,2590
11843,0.0001917151384986937,23746
11844,0.00019171612802892923,22146
11845,0.00019172286556567997,7235
11846,0.00019172628526575863,19428
11847,0.00019173133478034288,20055
11848,0.00019173584587406367,13317
11849,0.00019173836335539818,15624
11850,0.00019174134649802,1393
11851,0.00019174176850356162,19578
11852,0.00019174440240021795,6909
11853,0.0001917475019581616,17754
11854,0.00019174959743395448,7628
11855,0.00019175031047780067,26674
11856,0.0001917520712595433,25215
11857,0.00019175327906850725,7572
11858,0.00019175557827111334,25593
11859,0.000191760016605258,17622
11860,0.00019176342175342143,12079
11861,0.0001917678164318204,2113
11862,0.0001917717163451016,8715
11863,0.0001917725458042696,16254
11864,0.00019177424837835133,26518
11865,0.00019178257207386196,10037
11866,0.00019178549700882286,24552
11867,0.0001917864428833127,11573
11868,0.0001917868066811934,11989
11869,0.00019178948423359543,13876
11870,0.0001917905901791528,24938
11871,0.00019179283117409796,17753
11872,0.00019179930677637458,4401
11873,0.00019180920207872987,14105
11874,0.00019180976960342377,2489
11875,0.00019181125389877707,7889
11876,0.00019181259267497808,11742
11877,0.00019181832612957805,5643
11878,0.00019181985408067703,25334
11879,0.00019182001415174454,3287
11880,0.00019182729010935873,14981
11881,0.00019182752294000238,20559
11882,0.00019183047697879374,24554
11883,0.00019183842232450843,1027
11884,0.00019184016855433583,11196
11885,0.0001918444613693282,16189
11886,0.00019184709526598454,17267
11887,0.00019184770644642413,9384
11888,0.00019185134442523122,2295
11889,0.00019185387645848095,21992
11890,0.00019186142890248448,8723
11891,0.00019186147255823016,18885
11892,0.0001918621564982459,25753
11893,0.00019186260760761797,7537
11894,0.0001918630878208205,19701
11895,0.00019186992722097784,633
11896,0.00019187756697647274,19134
11897,0.00019187817815691233,374
11898,0.00019188418809790164,6272
11899,0.00019189137674402446,18839
11900,0.00019190055900253356,23913
11901,0.0001919033966260031,7322
11902,0.00019190491002518684,16229
11903,0.0001919070928124711,2639
11904,0.0001919082715176046,5656
11905,0.00019190840248484164,21638
11906,0.00019191288447473198,4832
11907,0.0001919170463224873,23448
11908,0.00019192119361832738,21044
11909,0.00019192254694644362,13835
11910,0.00019192509353160858,12711
11911,0.00019192913896404207,23579
11912,0.0001919346977956593,26260
11913,0.00019193712796550244,9282
11914,0.00019194079504814,26438
11915,0.00019194185733795166,22917
11916,0.00019194431661162525,6673
11917,0.00019195122877135873,2743
11918,0.00019195191271137446,10868
11919,0.00019195556524209678,24790
11920,0.0001919559872476384,22250
11921,0.00019195703498553485,15882
11922,0.00019196314678993076,7200
11923,0.0001919685601023957,8338
11924,0.00019196960784029216,5109
11925,0.00019197058281861246,848
11926,0.00019197078654542565,16932
11927,0.00019197430810891092,14813
11928,0.00019197513756807894,18338
11929,0.00019197566143702716,2956
11930,0.00019198025984223932,10431
11931,0.00019198206427972764,13225
11932,0.00019198366499040276,16887
11933,0.00019198395602870733,22506
11934,0.0001919846545206383,1647
11935,0.0001919902570080012,7713
11936,0.00019199226517230272,9265
11937,0.00019199319649487734,76
11938,0.00019199392409063876,15602
11939,0.00019199549569748342,18495
11940,0.0001919962523970753,4506
11941,0.00019199687812943012,25079
11942,0.00019199878443032503,441
11943,0.0001920004579005763,12901
11944,0.0001920008653542027,14800
11945,0.00019200099632143974,16967
11946,0.00019200293172616512,8515
11947,0.0001920054346555844,17718
11948,0.00019200645328965038,1432
11949,0.00019200675887987018,1331
11950,0.00019200675887987018,2247
11951,0.00019200675887987018,13428
11952,0.00019200675887987018,23253
11953,0.00019200675887987018,26999
11954,0.00019200675887987018,27476
11955,0.00019200811220798641,23547
11956,0.00019200987298972905,11086
11957,0.00019201001850888133,5708
11958,0.00019201260874979198,7687
11959,0.0001920134964166209,9889
11960,0.00019202142721042037,24984
11961,0.00019202167459297925,7285
11962,0.00019202254770789295,8590
11963,0.00019202346447855234,19688
11964,0.00019202360999770463,732
11965,0.000192026884178631,7960
11966,0.0001920300564961508,16271
11967,0.0001920322683872655,26866
11968,0.00019203506235498935,9668
11969,0.00019203602278139442,13742
11970,0.00019203715783078223,3478
11971,0.00019203766714781523,7241
11972,0.0001920380600495264,8418
11973,0.00019203874398954213,25394
11974,0.00019203884585294873,25516
11975,0.00019203887495677918,5712
11976,0.0001920434442581609,18956
11977,0.00019204542331863195,23970
11978,0.0001920459180837497,26640
11979,0.0001920475042425096,18831
11980,0.00019205045828130096,15125
11981,0.0001920514478115365,9525
11982,0.00019205568241886795,17408
11983,0.00019205774879083037,10240
11984,0.0001920612994581461,10289
11985,0.00019206383149139583,3548
11986,0.00019206404977012426,12453
11987,0.00019206567958462983,13228
11988,0.0001920678623719141,9116
11989,0.0001920734066516161,27714
11990,0.00019207374134566635,11955
11991,0.0001920786453410983,7556
11992,0.00019208052253816277,10356
11993,0.0001920816139318049,1299
11994,0.00019208174489904195,13561
11995,0.00019208210869692266,10883
11996,0.0001920846407301724,26507
11997,0.00019208586309105158,16582
11998,0.00019208856974728405,7862
11999,0.00019209296442568302,6372
12000,0.00019209517631679773,3513
12001,0.0001920956710819155,17683
12002,0.00019209635502193123,481
12003,0.00019209708261769265,15384
12004,0.00019209773745387793,2316
12005,0.00019210185564588755,6168
12006,0.0001921035145642236,20245
12007,0.00019210488244425505,3898
12008,0.0001921060320455581,8365
12009,0.0001921075163409114,9656
12010,0.00019211015023756772,24666
12011,0.00019211156177334487,16283
12012,0.00019211284234188497,15387
12013,0.00019211320613976568,13513
12014,0.00019211524340789765,22065
12015,0.00019211869221180677,5250
12016,0.00019211888138670474,20626
12017,0.0001921204966492951,26867
12018,0.0001921211660373956,26946
12019,0.00019212329061701894,9306
12020,0.00019212689949199557,13469
12021,0.0001921282964758575,2406
12022,0.00019213015912100673,9624
12023,0.00019213058112654835,25572
12024,0.0001921312796184793,639
12025,0.00019213130872230977,21899
12026,0.000192132662050426,3627
12027,0.00019213443738408387,24661
12028,0.00019213458290323615,10297
12029,0.0001921463554026559,19211
12030,0.00019215229258406907,24274
12031,0.00019215585780330002,11915
12032,0.00019215646898373961,7389
12033,0.0001921577495522797,19442
12034,0.0001921580551424995,18741
12035,0.0001921643124660477,13
12036,0.00019216546206735075,8839
12037,0.00019217090448364615,2946
12038,0.00019217305816709995,12273
12039,0.0001921892398968339,25430
12040,0.00019218966190237552,11084
12041,0.00019218992383684963,12067
12042,0.00019219034584239125,3491
12043,0.00019219171372242272,18841
12044,0.00019219289242755622,27530
12045,0.00019220038666389883,4384
12046,0.00019220070680603385,23711
12047,0.00019220348622184247,21683
12048,0.00019220655667595565,27540
12049,0.00019221015099901706,13271
12050,0.00019221224647480994,3104
12051,0.000192218940355815,10120
12052,0.0001922244264278561,4491
12053,0.00019222863193135709,12859
12054,0.00019222914124839008,4164
12055,0.0001922307419590652,8310
12056,0.00019223154231440276,14776
12057,0.00019223893468733877,23406
12058,0.00019224180141463876,6778
12059,0.00019224539573770016,20276
12060,0.00019224871357437223,23907
12061,0.00019224958668928593,14718
12062,0.00019225191499572247,9512
12063,0.00019225355936214328,11138
12064,0.00019225460710003972,8306
12065,0.00019225681899115443,16739
12066,0.0001922569063026458,1715
12067,0.00019225815776735544,14433
12068,0.00019225878349971026,2483
12069,0.00019226282893214375,1859
12070,0.00019226333824917674,9381
12071,0.0001922633673530072,12086
12072,0.00019226360018365085,25750
12073,0.00019226674339734018,13224
12074,0.00019227548909839243,27698
12075,0.00019227707525715232,26710
12076,0.0001922815281432122,13733
12077,0.00019228186283726245,23079
12078,0.0001922842493513599,18838
12079,0.0001922846131492406,7999
12080,0.00019229033205192536,12863
12081,0.00019229126337449998,24144
12082,0.0001922962546814233,9083
12083,0.0001922965020639822,8439
12084,0.00019230108591727912,8718
12085,0.0001923012750921771,15218
12086,0.00019230252655688673,25294
12087,0.00019230310863349587,24336
12088,0.0001923067611642182,1619
12089,0.00019230999168939888,9985
12090,0.00019231064652558416,12879
12091,0.0001923122617881745,3502
12092,0.00019231335318181664,4571
12093,0.000192314459127374,4831
12094,0.00019231766054872423,25951
12095,0.00019232278282288462,21399
12096,0.0001923254458233714,27679
12097,0.00019232917111366987,9943
12098,0.0001923303643707186,4925
12099,0.00019233448256272823,10833
12100,0.0001923386298585683,12804
12101,0.00019233989587519318,3335
12102,0.00019234063802286983,2518
12103,0.00019234143837820739,25598
12104,0.00019234443607274443,13075
12105,0.00019234622595831752,14373
12106,0.00019234715728089213,993
12107,0.00019235325453337282,13638
12108,0.00019235338550060987,7346
12109,0.00019235399668104947,23568
12110,0.00019235532090533525,16144
12111,0.00019235942454542965,21933
12112,0.00019236441585235298,10
12113,0.00019236643856856972,16169
12114,0.00019236712250858545,1816
12115,0.00019237112428527325,23103
12116,0.00019237173546571285,24727
12117,0.00019237757078371942,22124
12118,0.00019237803644500673,10029
12119,0.00019238112145103514,19516
12120,0.0001923856616485864,8401
12121,0.00019238654931541532,20539
12122,0.00019238657841924578,12029
12123,0.00019239066750742495,9689
12124,0.0001923919189721346,8900
12125,0.0001923928939504549,3267
12126,0.00019239404355175793,10656
12127,0.00019239945686422288,4788
12128,0.00019240062101744115,23393
12129,0.0001924081880133599,3602
12130,0.00019240913388784975,5101
12131,0.0001924092066474259,15634
12132,0.0001924203388625756,769
12133,0.0001924206007970497,2025
12134,0.00019242445705458522,25355
12135,0.0001924306998262182,22619
12136,0.00019243283895775676,9187
12137,0.00019244405848439783,25657
12138,0.0001924486132338643,3366
12139,0.0001924497919389978,19213
12140,0.00019245443399995565,12051
12141,0.00019246095325797796,7972
12142,0.00019246562442276627,294
12143,0.00019246719602961093,991
12144,0.00019246911688242108,19604
12145,0.0001924702519318089,24878
12146,0.00019247103773523122,7135
12147,0.00019247153250034899,11586
12148,0.00019247223099227995,15161
12149,0.00019247517047915608,15
12150,0.0001924759999383241,20515
12151,0.00019248008902650326,2449
12152,0.00019248049648012966,2580
12153,0.0001924805692397058,5171
12154,0.00019248099124524742,14267
12155,0.00019248183525633067,20489
12156,0.0001924833341035992,13665
12157,0.0001924861571751535,11635
12158,0.00019248775788582861,22750
12159,0.0001924900570884347,25746
12160,0.0001924949901876971,5955
12161,0.00019249602337367833,20183
12162,0.00019250193145126104,13526
12163,0.00019250757759436965,15586
12164,0.0001925086253322661,24315
12165,0.0001925103715620935,11306
12166,0.00019251045887358487,3316
12167,0.00019251715275458992,1416
12168,0.00019251958292443305,5515
12169,0.00019252265337854624,101
12170,0.00019252377387601882,13899
12171,0.00019253611390013248,12458
12172,0.00019254095968790352,11257
12173,0.00019254186190664768,10785
12174,0.00019254235667176545,8948
12175,0.00019254318613093346,20719
12176,0.0001925453107105568,7828
12177,0.00019254536891821772,25815
12178,0.00019254560174886137,15774
12179,0.00019254686776548624,6283
12180,0.00019255107326898724,11556
12181,0.0001925513643072918,8792
12182,0.00019255501683801413,10886
12183,0.00019255767983850092,9975
12184,0.0001925619872054085,16780
12185,0.00019256433006376028,1874
12186,0.0001925645919982344,16669
12187,0.0001925669494085014,7129
12188,0.0001925687975017354,2004
12189,0.00019256964151281863,19495
12190,0.00019257183885201812,25505
12191,0.00019257263920735568,17026
12192,0.00019257311942055821,13418
12193,0.00019257370149716735,21885
12194,0.0001925792166730389,12741
12195,0.00019257960957475007,25762
12196,0.0001925807009683922,27051
12197,0.00019258189422544092,6484
12198,0.00019258201064076275,5120
12199,0.00019258365500718355,25542
12200,0.00019258489191997796,14598
12201,0.00019258586689829826,5040
12202,0.00019258697284385562,4574
12203,0.00019258784595876932,10600
12204,0.00019258804968558252,7752
12205,0.0001925898395711556,10595
12206,0.00019259023247286677,18504
12207,0.00019259031978435814,24691
12208,0.00019259097462054342,5453
12209,0.00019259355030953884,25895
12210,0.0001925942488014698,14819
12211,0.00019259715918451548,5944
12212,0.00019259909458924085,17998
12213,0.00019260396948084235,975
12214,0.00019260431872680783,23784
12215,0.0001926073746290058,4904
12216,0.00019261246779933572,17934
12217,0.00019261534907855093,7994
12218,0.00019261580018792301,17649
12219,0.00019261696434114128,16302
12220,0.00019262130081187934,21814
12221,0.000192621533642523,12661
12222,0.00019262269779574126,7270
12223,0.0001926241093315184,15893
12224,0.0001926296972669661,16928
12225,0.00019263496506027877,15803
12226,0.0001926351833390072,17635
12227,0.0001926387194544077,7823
12228,0.00019263885042164475,15799
12229,0.00019264314323663712,10608
12230,0.00019264347793068737,830
12231,0.00019264373986516148,12320
12232,0.00019264468573965132,8027
12233,0.00019264541333541274,11005
12234,0.0001926458498928696,15175
12235,0.0001926482655107975,10634
12236,0.00019265124865341932,8461
12237,0.00019265274750068784,3848
12238,0.0001926527766045183,25603
12239,0.00019265894661657512,6849
12240,0.00019265958690084517,11031
12241,0.00019266651361249387,11146
12242,0.00019266716844867915,9094
12243,0.0001926702243508771,7910
12244,0.0001926711993291974,7575
12245,0.00019267310563009232,21071
12246,0.00019267378957010806,4816
12247,0.0001926825352711603,27328
12248,0.00019268528558313847,798
12249,0.00019268582400400192,25493
12250,0.00019268752657808363,11845
12251,0.00019268876349087805,9465
12252,0.00019269077165517956,4486
12253,0.00019269277981948107,4656
12254,0.00019269411859568208,11512
12255,0.0001926949917105958,8603
12256,0.00019269896438345313,9275
12257,0.00019270037591923028,20269
12258,0.0001927061239257455,6371
12259,0.00019270917982794344,21288
12260,0.0001927109551616013,13900
12261,0.00019271101336926222,4720
12262,0.00019271273049525917,2936
12263,0.000192714185686782,23000
12264,0.0001927156263263896,23849
12265,0.00019271769269835204,4901
12266,0.00019271811470389366,21897
12267,0.00019271892961114645,5662
12268,0.00019272339704912156,1711
12269,0.0001927236298797652,3246
12270,0.00019273209909442812,19085
12271,0.00019273237558081746,26075
12272,0.00019274058286100626,8541
12273,0.0001927411212818697,290
12274,0.00019274225633125752,14551
12275,0.00019274376973044127,2705
12276,0.00019274676742497832,15107
12277,0.0001927514240378514,17411
12278,0.00019275366503279656,22401
12279,0.0001927694393089041,6528
12280,0.0001927768171299249,10259
12281,0.0001927782577695325,12578
12282,0.00019277859246358275,15839
12283,0.00019278060062788427,24020
12284,0.0001927815901581198,17317
12285,0.00019278525724075735,2369
12286,0.00019278566469438374,15482
12287,0.00019278621766716242,14158
12288,0.00019278735271655023,676
12289,0.00019278781837783754,26349
12290,0.0001927882112795487,23333
12291,0.0001927921548485756,10042
12292,0.00019279286789242178,4179
12293,0.00019279972184449434,10711
12294,0.00019279979460407048,5832
12295,0.00019280264677945524,14288
12296,0.00019281030108686537,14678
12297,0.00019281111599411815,3926
12298,0.00019281276036053896,23852
12299,0.00019281414279248565,448
12300,0.00019281414279248565,4800
12301,0.00019281414279248565,5111
12302,0.00019281414279248565,5313
12303,0.00019281414279248565,14563
12304,0.00019281414279248565,14614
12305,0.00019281414279248565,17939
12306,0.00019281414279248565,18662
12307,0.00019281414279248565,22271
12308,0.00019281414279248565,23769
12309,0.00019281414279248565,23947
12310,0.00019281414279248565,25069
12311,0.00019281414279248565,25549
12312,0.00019281839195173234,9366
12313,0.00019281936693005264,11369
12314,0.00019281991990283132,25941
12315,0.00019282316497992724,25711
12316,0.00019282363064121455,3854
12317,0.0001928242709254846,27403
12318,0.00019282629364170134,5345
12319,0.0001928267884068191,11701
12320,0.00019283108122181147,18303
12321,0.00019283202709630132,24546
12322,0.0001928338606376201,26109
12323,0.00019283760047983378,3857
12324,0.0001928404381033033,1340
12325,0.00019284267909824848,13615
12326,0.00019284557492937893,13268
12327,0.00019285040616523474,26881
12328,0.00019285095913801342,18179
12329,0.00019285459711682051,16811
12330,0.0001928560814121738,7516
12331,0.00019285637245047837,7609
12332,0.0001928569981828332,24176
12333,0.00019286081078462303,8585
12334,0.0001928624405991286,23773
12335,0.00019286706810817122,23443
12336,0.0001928680867422372,8851
12337,0.00019287169561721385,14345
12338,0.0001928742858581245,6367
12339,0.00019287595932837576,4445
12340,0.00019287744362372905,15820
12341,0.0001928822457557544,12257
12342,0.00019288242037873715,25511
12343,0.00019288340990897268,26209
12344,0.00019288776093162596,16290
12345,0.00019289026386104524,21470
12346,0.0001928947604028508,2750
12347,0.0001928970596054569,15851
12348,0.00019289960619062185,6006
12349,0.0001929020945681259,15772
12350,0.00019290231284685433,18446
12351,0.0001929056888911873,25545
12352,0.00019290779891889542,9709
12353,0.00019290880300104618,11637
12354,0.00019290880300104618,17056
12355,0.00019291113130748272,8852
12356,0.00019291309581603855,5761
12357,0.00019291669013909996,24795
12358,0.00019291679200250655,14735
12359,0.0001929183054016903,24253
12360,0.00019291853823233396,12719
12361,0.00019291944045107812,18150
12362,0.0001929206628119573,2173
12363,0.00019292156503070146,5180
12364,0.0001929217978613451,14827
12365,0.00019292270008008927,26238
12366,0.0001929251739056781,20110
12367,0.0001929255377035588,22559
12368,0.0001929272257257253,3694
12369,0.0001929279969772324,8734
12370,0.0001929339487105608,7489
12371,0.00019293629156891257,9929
12372,0.0001929386198753491,16616
12373,0.00019293883815407753,10851
12374,0.00019294121011625975,18946
12375,0.00019294132653158158,15924
12376,0.00019294350931886584,3113
12377,0.00019294464436825365,16553
12378,0.00019294588128104806,2095
12379,0.00019294649246148765,9858
12380,0.00019295333186164498,14489
12381,0.00019295427773613483,13892
12382,0.00019295993843115866,25027
12383,0.00019295999663881958,16249
12384,0.00019296264508739114,20059
12385,0.00019296434766147286,897
12386,0.00019296437676530331,13833
12387,0.00019296501704957336,4966
12388,0.00019296542450319976,12493
12389,0.00019296721438877285,24564
12390,0.00019297670223750174,17782
12391,0.00019297903054393828,23821
12392,0.00019298118422739208,17413
12393,0.0001929828868014738,15501
12394,0.00019298341067042202,19540
12395,0.00019298399274703115,17949
12396,0.00019298620463814586,22801
12397,0.00019299182167742401,11022
12398,0.0001929931459017098,18175
12399,0.0001929933059727773,19890
12400,0.00019299655104987323,703
12401,0.0001929967838805169,396
12402,0.00019300144049338996,23843
12403,0.00019300389976706356,16391
12404,0.00019300401618238539,11304
12405,0.00019300494750496,21590
12406,0.00019300640269648284,26404
12407,0.00019300768326502293,16979
12408,0.00019300794519949704,19682
12409,0.0001930085854837671,12213
12410,0.00019301107386127114,24379
12411,0.0001930160797201097,19289
12412,0.00019301650172565132,15461
12413,0.00019302328291814774,17957
12414,0.00019302513101138175,16093
12415,0.0001930280268425122,27596
12416,0.0001930337311932817,26810
12417,0.00019303508452139795,25063
12418,0.0001930432626977563,27477
12419,0.00019304903980810195,5369
12420,0.00019305251771584153,9737
12421,0.00019305339083075523,20763
12422,0.00019305360910948366,14296
12423,0.00019305385649204254,16401
12424,0.00019305950263515115,14172
12425,0.00019305975001771003,8260
12426,0.00019306041940581053,10461
12427,0.00019307505863253027,25313
12428,0.00019307693582959473,13760
12429,0.00019307812908664346,17863
12430,0.00019307865295559168,17198
12431,0.0001930790749611333,21775
12432,0.00019307996262796223,14141
12433,0.0001930816360982135,20039
12434,0.0001930820435518399,13633
12435,0.00019308460468892008,17316
12436,0.00019309084746055305,20931
12437,0.00019309150229673833,24380
12438,0.00019309237541165203,10212
12439,0.00019309493654873222,15452
12440,0.00019309956405777484,24712
12441,0.0001931015431182459,14917
12442,0.00019310422067064792,26426
12443,0.00019310452626086771,1565
12444,0.0001931054866872728,11970
12445,0.00019311699725221843,1162
12446,0.00019311730284243822,17231
12447,0.00019312018412165344,9443
12448,0.0001931202714331448,6245
12449,0.0001931205770233646,7373
12450,0.00019312182848807424,177
12451,0.00019312197400722653,14412
12452,0.00019312601943966,2597
12453,0.00019312715448904783,11072
12454,0.00019313089433126152,23085
12455,0.00019313885422889143,5485
12456,0.00019314016390126199,6323
12457,0.00019314131350256503,446
12458,0.00019314300152473152,10504
12459,0.00019314460223540664,15003
12460,0.00019314486416988075,22604
12461,0.0001931462757056579,21815
12462,0.0001931514561874792,19492
12463,0.00019315250392537564,673
12464,0.00019315250392537564,12159
12465,0.00019315977988298982,7544
12466,0.00019316133693791926,560
12467,0.0001931653532665223,21542
12468,0.00019317060650791973,24238
12469,0.00019317129044793546,14283
12470,0.00019317153783049434,21520
12471,0.00019317503029014915,27440
12472,0.00019317612168379128,3025
12473,0.00019318127306178212,11771
12474,0.00019318169506732374,14147
12475,0.0001931834704009816,6664
12476,0.00019318415434099734,16488
12477,0.00019318811246193945,24936
12478,0.00019319109560456127,7378
12479,0.00019319134298712015,19080
12480,0.00019320446881465614,16867
12481,0.00019320996943861246,11044
12482,0.00019321107538416982,7729
12483,0.00019321228319313377,5221
12484,0.00019321298168506473,1570
12485,0.00019321328727528453,8120
12486,0.00019321427680552006,22910
12487,0.0001932205632328987,5432
12488,0.0001932210725499317,3624
12489,0.0001932211744133383,26903
12490,0.00019322408479638398,11987
12491,0.00019322494335938245,10377
12492,0.00019322683510836214,16012
12493,0.00019322925072629005,8785
12494,0.00019323128799442202,26478
12495,0.00019323360174894333,13659
12496,0.0001932354789460078,21032
12497,0.00019323719607200474,4024
12498,0.00019324253662489355,21819
12499,0.00019324439927004278,6424
12500,0.00019324767345096916,3078
12501,0.00019324816821608692,3019
12502,0.00019324889581184834,19666
12503,0.00019325505127198994,20174
12504,0.00019325509492773563,21055
12505,0.00019325883476994932,2248
12506,0.0001932595478137955,26977
12507,0.0001932659070007503,13338
12508,0.00019326704205013812,20268
12509,0.00019327084010001272,4248
12510,0.0001932738086907193,5129
12511,0.00019327747577335685,4691
12512,0.0001932833984028548,22085
12513,0.00019328531925566494,7335
12514,0.00019328562484588474,26748
12515,0.00019328737107571214,23077
12516,0.00019329054339323193,134
12517,0.00019329118367750198,14541
12518,0.00019329439965076745,21677
12519,0.00019329866336192936,23562
12520,0.00019329972565174103,11724
12521,0.00019330013310536742,26527
12522,0.00019330358190927655,14131
12523,0.0001933051971718669,8264
12524,0.00019330691429786384,3238
12525,0.00019330941722728312,22117
12526,0.0001933107851073146,25130
12527,0.00019331580551806837,4204
12528,0.0001933251041918993,14212
12529,0.00019332555530127138,8616
12530,0.0001933260791702196,5100
12531,0.00019332647207193077,4333
12532,0.00019333533418830484,12105
12533,0.00019333579984959215,10482
12534,0.00019334375974722207,26284
12535,0.00019334509852342308,19992
12536,0.00019334671378601342,27697
12537,0.0001933520834427327,21820
12538,0.0001933560852194205,17272
12539,0.00019335908291395754,14977
12540,0.00019336144032422453,22782
12541,0.00019336154218763113,18806
12542,0.00019336323020979762,21424
12543,0.0001933672756422311,18008
12544,0.0001933715248014778,27199
12545,0.0001933750754687935,13460
12546,0.00019337559933774173,7226
12547,0.0001933777384692803,8538
12548,0.00019337791309226304,23755
12549,0.00019338069250807166,22441
12550,0.0001933807652676478,1691
12551,0.0001933827152242884,13884
12552,0.00019338288984727114,25283
12553,0.00019339039863552898,11229
12554,0.00019339269783813506,5881
12555,0.0001933931780513376,26685
12556,0.00019339684513397515,866
12557,0.0001933989697135985,4579
12558,0.0001934019528562203,24194
12559,0.00019340777362231165,487
12560,0.00019341126608196646,1421
12561,0.0001934113388415426,9544
12562,0.00019341218285262585,4553
12563,0.0001934125175466761,17651
12564,0.00019341392908245325,12872
12565,0.00019341691222507507,2366
12566,0.00019341957522556186,5896
12567,0.00019342347513884306,9660
12568,0.00019342367886565626,18600
12569,0.00019342519226484,22097
12570,0.00019342577434144914,8834
12571,0.00019342922314535826,25966
12572,0.00019344117026776075,2865
12573,0.0001934455067384988,9180
12574,0.00019344758766237646,23741
12575,0.00019344787870068103,2298
12576,0.0001934479078045115,16495
12577,0.00019344998872838914,23749
12578,0.0001934526808327064,4522
12579,0.0001934540632646531,22907
12580,0.0001934556057676673,14376
12581,0.00019345815235283226,2929
12582,0.0001934593019541353,8814
12583,0.0001934613537741825,21986
12584,0.00019346461340319365,26968
12585,0.00019346887711435556,12816
12586,0.00019347184570506215,27425
12587,0.0001934792089741677,19835
12588,0.00019348366186022758,24547
12589,0.0001934851607074961,24637
12590,0.00019348652858752757,9342
12591,0.0001934899773914367,9209
12592,0.0001934904867084697,11204
12593,0.00019349729700479656,11015
12594,0.0001935000327648595,24402
12595,0.0001935006002895534,6139
12596,0.00019350256479810923,845
12597,0.0001935093168867752,9280
12598,0.0001935097825480625,26854
12599,0.00019351406081113964,23038
12600,0.000193514657439664,9035
12601,0.0001935155305545777,5119
12602,0.0001935173204401508,11189
12603,0.00019351750961504877,10895
12604,0.00019352018716745079,21538
12605,0.000193524087080732,10865
12606,0.0001935246546054259,20781
12607,0.0001935313775902614,21877
12608,0.00019353485549800098,15734
12609,0.00019353711104486138,1425
12610,0.00019354175310581923,19024
12611,0.00019354731193743646,8106
12612,0.00019354763207957149,6597
12613,0.00019355127005837858,1846
12614,0.00019355151744093746,10530
12615,0.00019355642143636942,19558
12616,0.00019356100528966635,15064
12617,0.0001935629261424765,13128
12618,0.00019356596749275923,14710
12619,0.0001935697946464643,11996
12620,0.00019357351993676275,14165
12621,0.00019357351993676275,21833
12622,0.00019357453857082874,6566
12623,0.00019357615383341908,4233
12624,0.0001935761683853343,19421
12625,0.0001935768232215196,6855
12626,0.00019357763812877238,20612
12627,0.00019358351710252464,13452
12628,0.0001935853942995891,11279
12629,0.00019358620920684189,10736
12630,0.00019358634017407894,16147
12631,0.00019358977442607284,26171
12632,0.00019359562429599464,27345
12633,0.00019360652368050069,22524
12634,0.00019361016165930778,23453
12635,0.00019361215527169406,669
12636,0.00019361506565473974,7573
12637,0.00019361518207006156,18902
12638,0.00019361908198334277,20569
12639,0.00019361973681952804,25891
12640,0.00019362271996214986,27158
12641,0.00019362574676051736,14860
12642,0.00019362877355888486,22216
12643,0.00019363229512237012,10971
12644,0.00019363302271813154,18847
12645,0.00019363820319995284,20253
12646,0.00019363948376849294,5470
12647,0.000193640444194898,1495
12648,0.00019364312174730003,2422
12649,0.00019364416948519647,12546
12650,0.0001936460321303457,17881
12651,0.00019364853505976498,17030
12652,0.00019364868057891726,15548
12653,0.00019365276966709644,3789
12654,0.0001936559856403619,2373
12655,0.00019365607295185328,10203
12656,0.00019365984189789742,6181
12657,0.00019366154447197914,1657
12658,0.00019366753986105323,14970
12659,0.000193677275092341,19420
12660,0.0001936840999405831,26992
12661,0.000193684347323142,23805
12662,0.00019370212976355106,16614
12663,0.00019370703375898302,21437
12664,0.00019370847439859062,11594
12665,0.00019371864618733525,20985
12666,0.00019371931557543576,11333
12667,0.0001937209308380261,22129
12668,0.00019372465612832457,13515
12669,0.00019372563110664487,25462
12670,0.00019372577662579715,9009
12671,0.00019372720271348953,20696
12672,0.00019373002578504384,8589
12673,0.00019373695249669254,16307
12674,0.00019373760733287781,8156
12675,0.00019374489784240723,12492
12676,0.00019374594558030367,7533
12677,0.0001937486231327057,13889
12678,0.0001937494525918737,17250
12679,0.00019375202828086913,12243
12680,0.00019375435658730567,18590
12681,0.00019375693227630109,17665
12682,0.00019375963893253356,21351
12683,0.00019375988631509244,26037
12684,0.00019376080308575183,25116
12685,0.00019376407726667821,2527
12686,0.000193766230950132,19415
12687,0.00019376640557311475,12063
12688,0.00019376642012502998,6327
12689,0.00019376655109226704,24933
12690,0.00019376665295567364,21758
12691,0.00019377779972273856,2914
12692,0.0001937779161380604,2848
12693,0.0001937779161380604,17936
12694,0.00019378107390366495,20939
12695,0.00019378159777261317,24640
12696,0.00019378300930839032,1285
12697,0.00019378468277864158,4195
12698,0.00019378558499738574,7933
12699,0.00019378779688850045,24424
12700,0.00019378896104171872,24022
12701,0.0001937900815391913,22312
12702,0.00019379009609110653,27122
12703,0.0001937931519933045,11313
12704,0.00019379791046958417,9191
12705,0.00019379801233299077,4391
12706,0.00019380224694032222,19500
12707,0.0001938027562573552,576
12708,0.0001938050118042156,4163
12709,0.00019380744197405875,419
12710,0.00019382082973606884,13620
12711,0.00019382145546842366,2216
12712,0.0001938239875016734,9014
12713,0.0001938243512995541,6645
12714,0.00019382980826776475,4716
12715,0.0001938389614224434,23712
12716,0.00019384262850508094,4180
12717,0.00019384913321118802,18751
12718,0.00019385012274142355,3498
12719,0.0001938529167091474,27100
12720,0.0001938529167091474,27419
12721,0.0001938536879606545,24120
12722,0.00019385380437597632,21153
12723,0.000193854866665788,13479
12724,0.00019385534687899053,19611
12725,0.00019385715131647885,25365
12726,0.0001938663044711575,4090
12727,0.00019386834173928946,27391
12728,0.0001938712812261656,2796
12729,0.00019387180509511381,5354
12730,0.00019387247448321432,25358
12731,0.00019387340580578893,20
12732,0.00019387459906283766,6932
12733,0.00019387496286071837,25395
12734,0.000193877742276527,13749
12735,0.00019388145301491022,9356
12736,0.000193883286556229,24112
12737,0.00019388465443626046,546
12738,0.00019389415683690459,2805
12739,0.00019389536464586854,24072
12740,0.0001938954519573599,19991
12741,0.00019389692170079798,2977
12742,0.00019389914814382792,24330
12743,0.0001938997011166066,5030
12744,0.00019390152010601014,10760
12745,0.00019390479428693652,6776
12746,0.0001939078647410497,19247
12747,0.00019390838860999793,25331
12748,0.0001939089852385223,4626
12749,0.0001939160138135776,18849
12750,0.00019391867681406438,21599
12751,0.00019392013200558722,4661
12752,0.00019392142712604254,27782
12753,0.00019392189278732985,21191
12754,0.00019392190733924508,25965
12755,0.0001939334033522755,16100
12756,0.00019393347611185163,26120
12757,0.00019393621187191457,16812
12758,0.00019393835100345314,11122
12759,0.0001939399808179587,6341
12760,0.00019394124683458358,25539
12761,0.0001939451030921191,20336
12762,0.00019394696573726833,6621
12763,0.00019394885748624802,8826
12764,0.00019394929404370487,11532
12765,0.0001939498179126531,26341
12766,0.00019395230629015714,22969
12767,0.00019395234994590282,11242
12768,0.0001939591602422297,23981
12769,0.0001939603971550241,20331
12770,0.00019396042625885457,25766
12771,0.0001939611101988703,21951
12772,0.00019396812422201037,1845
12773,0.00019396984134800732,24814
12774,0.00019397058349568397,25007
12775,0.00019397606956772506,13199
12776,0.00019397666619624943,7914
12777,0.0001939772191690281,163
12778,0.00019398059521336108,23063
12779,0.00019398107542656362,14475
12780,0.00019398113363422453,2224
12781,0.00019398744916543365,26458
12782,0.000193989064428024,11051
12783,0.00019399469601921737,25490
12784,0.00019399610755499452,24191
12785,0.00019399760640226305,10515
12786,0.00019399842130951583,8782
12787,0.00019400114251766354,26119
12788,0.00019400518795009702,13932
12789,0.00019400868040975183,6034
12790,0.00019400904420763254,9791
12791,0.00019400934979785234,16933
12792,0.00019401077588554472,8291
12793,0.00019401275494601578,20528
12794,0.00019401310419198126,22610
12795,0.0001940135407494381,14861
12796,0.0001940139482030645,11375
12797,0.00019401792087592185,21305
12798,0.0001940219954121858,10500
12799,0.00019402224279474467,26521
12800,0.00019402327598072588,17725
12801,0.00019402685575187206,18232
12802,0.00019402927136979997,1902
12803,0.00019402991165407002,2280
12804,0.0001940309739438817,20690
12805,0.00019403331680223346,20736
12806,0.0001940357033163309,442
12807,0.00019404367776587605,11067
12808,0.00019404666090849787,14697
12809,0.00019405472266953439,3249
12810,0.000194057502085343,14193
12811,0.00019406068895477802,11469
12812,0.0001940610964084044,6650
12813,0.00019406543287914246,2598
12814,0.0001940698566613719,11848
12815,0.00019407064246479422,2384
12816,0.00019407091895118356,21158
12817,0.00019407387298997492,1878
12818,0.00019407521176617593,27420
12819,0.00019407599756959826,2456
12820,0.0001940793008543551,21996
12821,0.00019408250227570534,25378
12822,0.0001940826332429424,23108
12823,0.0001940843794727698,18029
12824,0.00019408609659876674,12381
12825,0.00019408825028222054,1168
12826,0.00019408947264309973,8797
12827,0.00019409008382353932,27672
12828,0.00019409332890063524,988
12829,0.00019409398373682052,3957
12830,0.0001940988004207611,3651
12831,0.00019410003733355552,11498
12832,0.00019410019740462303,368
12833,0.0001941009977599606,14463
12834,0.00019410297682043165,16357
12835,0.00019410457753110677,354
12836,0.0001941066002473235,11492
12837,0.00019411699031479657,2979
12838,0.0001941192167578265,10326
12839,0.00019411944958847016,4640
12840,0.0001941220834851265,20525
12841,0.0001941234222613275,25954
12842,0.0001941240334417671,25628
12843,0.00019412681285757571,27613
12844,0.00019412885012570769,8372
12845,0.00019413423433434218,22953
12846,0.00019413477275520563,5670
12847,0.0001941363007063046,3600
12848,0.0001941428054124117,8109
12849,0.0001941469090525061,21243
12850,0.00019414872804190964,9529
12851,0.00019414894632063806,2175
12852,0.00019414945563767105,2718
12853,0.00019415015412960202,19365
12854,0.00019416038412600756,13375
12855,0.00019416166469454765,13239
12856,0.00019416329450905323,13026
12857,0.0001941660448210314,11004
12858,0.00019416816940065473,182
12859,0.00019417238945607096,2505
12860,0.00019417291332501918,14225
12861,0.00019417355360928923,24891
12862,0.00019417449948377907,13485
12863,0.00019417694420553744,681
12864,0.00019417818111833185,13882
12865,0.00019417879229877144,15729
12866,0.00019417970906943083,21912
12867,0.0001941826194524765,5973
12868,0.0001941849768627435,10354
12869,0.0001941857481142506,13530
12870,0.0001941873924806714,829
12871,0.00019418823649175465,11792
12872,0.00019418935698922724,23267
12873,0.00019419465388637036,11191
12874,0.00019419784075580537,15317
12875,0.00019420038734097034,3034
12876,0.00019420486933086067,12653
12877,0.00019420578610152006,559
12878,0.00019420654280111194,2035
12879,0.0001942083181347698,14462
12880,0.00019421172328293324,13753
12881,0.0001942134986165911,14737
12882,0.00019421741308178753,1607
12883,0.00019421763136051595,672
12884,0.0001942180097103119,20406
12885,0.0001942191447596997,179
12886,0.0001942221715580672,4469
12887,0.00019422803597990423,25055
12888,0.00019422915647737682,9468
12889,0.00019423036428634077,13945
12890,0.0001942334056366235,3060
12891,0.0001942380768014118,5314
12892,0.00019424344645813107,21014
12893,0.00019424456695560366,12582
12894,0.00019425236678216606,7003
12895,0.00019425719801802188,16973
12896,0.00019425836217124015,18706
12897,0.000194261156138964,8227
12898,0.00019426441576797515,27206
12899,0.0001942674134625122,16533
12900,0.0001942676171893254,20213
12901,0.0001942692179000005,12569
12902,0.0001942714734468609,2819
12903,0.00019427260849624872,21123
12904,0.00019427402003202587,168
12905,0.0001942743983818218,11698
12906,0.00019427904044277966,14633
12907,0.00019428750965744257,6533
12908,0.00019428771338425577,22686
12909,0.0001942966046044603,26538
12910,0.0001942976814461872,26126
12911,0.00019429939857218415,5859
12912,0.0001942995295394212,21163
12913,0.00019430166867095977,2614
12914,0.00019430267275311053,14062
12915,0.00019430369138717651,5688
12916,0.00019430916290730238,22411
12917,0.0001943191746249795,25304
12918,0.00019432195404078811,6074
12919,0.00019432298722676933,7383
12920,0.0001943252282217145,13839
12921,0.0001943271345226094,11941
12922,0.0001943274837685749,25496
12923,0.00019432780391070992,8100
12924,0.00019432883709669113,24135
12925,0.00019432898261584342,2973
12926,0.00019433278066571802,8273
12927,0.00019433308625593781,4509
12928,0.00019433799025136977,2803
12929,0.00019434171554166824,21420
12930,0.0001943446695804596,22203
12931,0.00019434920977801085,16251
12932,0.00019434931164141744,22366
12933,0.00019435024296399206,1727
12934,0.00019435177091509104,3791
12935,0.00019435664580669254,2056
12936,0.00019436002185102552,6743
12937,0.0001943626266438514,16849
12938,0.00019436291768215597,24477
12939,0.00019436304864939302,19223
12940,0.00019436617731116712,1044
12941,0.0001943664683494717,25613
12942,0.00019436764705460519,16010
12943,0.00019436833099462092,9335
12944,0.00019437076116446406,9348
12945,0.00019437541777733713,10007
12946,0.00019437762966845185,16116
12947,0.000194378531887196,10117
12948,0.00019438209710642695,4761
12949,0.00019438352319411933,11833
12950,0.00019438445451669395,9310
12951,0.00019439111929386854,3417
12952,0.00019439593597780913,5839
12953,0.00019440332835074514,13806
12954,0.00019440468167886138,19808
12955,0.00019441299082245678,6193
12956,0.00019441441691014916,16075
12957,0.00019441686163190752,1070
12958,0.0001944175164680928,13770
12959,0.0001944197720149532,17010
12960,0.0001944233081303537,20091
12961,0.00019442703342065215,17874
12962,0.00019443169003352523,6049
12963,0.00019444221106823534,26564
12964,0.0001944425457622856,22957
12965,0.00019444421923253685,599
12966,0.00019444461213424802,24064
12967,0.00019444841018412262,17966
12968,0.00019445588986855,4735
12969,0.00019445674843154848,3503
12970,0.00019446242367848754,9303
12971,0.00019447010708972812,18989
12972,0.0001944741525221616,1870
12973,0.00019447431259322912,19822
12974,0.00019447453087195754,1723
12975,0.0001944755349541083,20067
12976,0.0001944773248396814,22709
12977,0.00019448177772574127,2587
12978,0.00019448221428319812,16638
12979,0.00019448486273176968,7730
12980,0.0001944860559888184,5609
12981,0.00019448911189101636,26446
12982,0.00019449100363999605,10177
12983,0.0001944913383340463,11868
12984,0.00019449382671155035,9922
12985,0.00019449484534561634,25627
12986,0.00019449494720902294,7536
12987,0.0001944964606082067,26366
12988,0.00019449704268481582,7465
12989,0.00019450027320999652,16030
12990,0.00019450197578407824,24879
12991,0.0001945039548445493,23059
12992,0.0001945047697518021,20375
12993,0.00019450501713436097,3261
12994,0.00019450568652246147,21447
12995,0.0001945094991242513,14749
12996,0.000194510372239165,25560
12997,0.00019451527623459697,7748
12998,0.000194516935152933,23791
12999,0.0001945186231750995,5300
13000,0.00019451865227892995,6223
13001,0.00019451885600574315,1597
13002,0.0001945192925632,19937
13003,0.0001945236581377685,9235
13004,0.0001945250405697152,27106
13005,0.0001945283729583025,26733
13006,0.0001945301191881299,1319
13007,0.00019453506683930755,338
13008,0.00019454162975307554,14481
13009,0.00019454541325103492,3348
13010,0.00019454650464467704,3822
13011,0.00019454675202723593,26305
13012,0.00019455123401712626,11497
13013,0.000194551917957142,23709
13014,0.00019455471192486584,16272
13015,0.00019455701112747192,16675
13016,0.00019455917936284095,20816
13017,0.00019456466543488204,22455
13018,0.00019456591689959168,16194
13019,0.0001945697731571272,5252
13020,0.0001945700350916013,7041
13021,0.0001945717231137678,6349
13022,0.0001945797266671434,26652
13023,0.00019457994494587183,2070
13024,0.00019458051247056574,1092
13025,0.00019458195311017334,10541
13026,0.0001945834228536114,26043
13027,0.00019458853057585657,6368
13028,0.00019458883616607636,13860
13029,0.00019458906899672002,21103
13030,0.0001945926487678662,20610
13031,0.00019459493341855705,20980
13032,0.00019459864415694028,10795
13033,0.00019459889153949916,23580
13034,0.00019460104522295296,26662
13035,0.0001946014817804098,3324
13036,0.00019461088231764734,4488
13037,0.00019461118790786713,16689
13038,0.00019461697957012802,418
13039,0.00019461744523141533,24192
13040,0.00019461759075056762,2662
13041,0.0001946246047737077,9340
13042,0.0001946258416865021,2020
13043,0.00019462735508568585,8957
13044,0.0001946294360095635,24826
13045,0.000194629785255529,2921
13046,0.00019463167700450867,22758
13047,0.00019463311764411628,20828
13048,0.00019463321950752288,24289
13049,0.00019463434000499547,23490
13050,0.00019463751232251525,23700
13051,0.00019464366778265685,21579
13052,0.00019464582146611065,16927
13053,0.000194646418094635,23009
13054,0.00019464785873424262,2648
13055,0.00019464913930278271,22605
13056,0.00019465008517727256,14540
13057,0.0001946531847352162,13627
13058,0.00019465608056634665,15431
13059,0.0001946569827850908,21767
13060,0.00019465807417873293,8787
13061,0.00019466233788989484,5582
13062,0.00019466901721898466,14665
13063,0.00019466938101686537,11663
13064,0.00019467655511107296,21926
13065,0.00019467856327537447,26089
13066,0.00019468367099761963,6938
13067,0.0001946860138559714,24059
13068,0.00019468797836452723,2419
13069,0.00019469132530502975,7787
13070,0.00019469234393909574,6824
13071,0.00019470015831757337,23578
13072,0.00019470285042189062,19448
13073,0.00019470312690827996,10438
13074,0.00019470334518700838,6132
13075,0.00019470469851512462,10251
13076,0.00019470714323688298,3700
13077,0.00019471111590974033,12036
13078,0.00019471124687697738,20095
13079,0.00019471388077363372,19116
13080,0.00019471600535325706,13125
13081,0.0001947172568179667,25411
13082,0.0001947189011843875,1856
13083,0.00019472336862236261,3276
13084,0.00019472470739856362,7819
13085,0.0001947257260326296,16019
13086,0.0001947285491041839,24321
13087,0.0001947291020769626,2577
13088,0.00019472958229016513,18541
13089,0.00019473327847663313,26246
13090,0.00019473370048217475,24782
13091,0.00019473524298518896,17219
13092,0.0001947357814060524,11914
13093,0.00019473729480523616,6456
13094,0.00019473754218779504,7661
13095,0.0001947399287018925,6551
13096,0.00019474225700832903,7695
13097,0.00019474902364891022,16740
13098,0.00019475349108688533,13101
13099,0.00019476056331768632,25812
13100,0.0001947614800883457,13168
13101,0.00019477171008475125,3512
13102,0.0001947735290741548,26143
13103,0.0001947758428286761,12362
13104,0.00019478038302622736,22025
13105,0.0001947826676769182,1450
13106,0.00019478556350804865,20540
13107,0.00019478909962344915,27653
13108,0.00019479106413200498,21252
13109,0.00019479474576655775,8342
13110,0.00019479925686027855,3058
13111,0.00019479946058709174,11925
13112,0.00019480049377307296,26425
13113,0.0001948037534020841,25289
13114,0.00019480407354421914,21793
13115,0.00019481463823467493,3241
13116,0.00019481522031128407,10981
13117,0.0001948153949342668,17767
13118,0.00019481719937175512,6617
13119,0.00019482156494632363,4929
13120,0.00019482213247101754,15540
13121,0.00019482694915495813,5971
13122,0.00019482700736261904,6028
13123,0.00019482885545585304,5766
13124,0.00019482962670736015,22429
13125,0.00019483263895381242,14869
13126,0.000194833250134252,17113
13127,0.00019483549112919718,26203
13128,0.00019484023505356163,26115
13129,0.0001948409335454926,5085
13130,0.00019484106451272964,1196
13131,0.00019484116637613624,15960
13132,0.00019484333461150527,78
13133,0.0001948508433997631,9977
13134,0.0001948524877661839,26406
13135,0.00019485747907310724,11774
13136,0.0001948598655872047,2470
13137,0.00019485988013911992,16485
13138,0.00019486020028125495,9328
13139,0.00019486095698084682,9591
13140,0.00019486539531499147,26933
13141,0.00019487297686282545,20340
13142,0.00019489302940201014,4111
13143,0.00019489548867568374,3389
13144,0.00019489930127747357,27357
13145,0.00019490424892865121,12148
13146,0.0001949059806065634,6797
13147,0.00019490608246997,13332
13148,0.00019490651902742684,26902
13149,0.00019490826525725424,7344
13150,0.00019490868726279587,27459
13151,0.00019490974955260754,3659
13152,0.00019491298007778823,143
13153,0.00019491335842758417,10589
13154,0.00019491525017656386,27559
13155,0.00019492453429847956,22232
13156,0.00019492577121127397,21159
13157,0.0001949266152223572,26516
13158,0.00019493087893351912,7077
13159,0.0001949309662450105,18959
13160,0.00019493441504891962,6604
13161,0.00019493585568852723,19862
13162,0.00019493617583066225,17154
13163,0.0001949378929566592,27359
13164,0.00019494077423587441,25670
13165,0.00019494483422022313,10475
13166,0.00019495112064760178,25944
13167,0.0001949511788552627,13838
13168,0.00019495187734719366,22037
13169,0.00019495206652209163,22031
13170,0.00019495244487188756,16433
13171,0.00019495462765917182,8773
13172,0.0001949605211848393,23887
13173,0.00019496187451295555,6608
13174,0.00019496819004416466,25960
13175,0.00019496829190757126,12841
13176,0.00019496967433951795,9145
13177,0.00019497070752549917,11344
13178,0.0001949728321051225,27762
13179,0.00019497296307235956,20858
13180,0.00019497379253152758,2878
13181,0.00019497399625834078,3169
13182,0.0001949817524291575,26423
13183,0.00019498461915645748,125
13184,0.00019498520123306662,24641
13185,0.00019498562323860824,2073
13186,0.0001949887810042128,13155
13187,0.00019498946494422853,2232
13188,0.00019499145855661482,181
13189,0.00019499158952385187,820
13190,0.00019499262270983309,10807
13191,0.0001950087898876518,21566
13192,0.00019500916823744774,7233
13193,0.00019501082715578377,6468
13194,0.00019501901988405734,563
13195,0.000195020591490902,12771
13196,0.00019502114446368068,21409
13197,0.00019502767827361822,21503
13198,0.0001950282312463969,843
13199,0.00019502973009366542,18467
13200,0.00019503130170051008,12806
13201,0.00019503281509969383,18757
13202,0.0001950346922967583,7236
13203,0.00019503693329170346,25704
13204,0.0001950374717125669,16878
13205,0.0001950417790794745,5116
13206,0.00019504329247865826,21477
13207,0.0001950450096046552,12518
13208,0.00019504544616211206,10542
13209,0.0001950456789927557,1272
13210,0.00019504693045746535,25607
13211,0.0001950486039277166,11904
13212,0.00019505091768223792,15226
13213,0.0001950511068571359,7634
13214,0.0001950524456333369,5967
13215,0.00019505606906022877,17234
13216,0.00019505717500578612,1950
13217,0.00019506206444930285,1877
13218,0.00019506548414938152,22344
13219,0.00019506653188727796,22087
13220,0.0001950689184013754,8628
13221,0.0001950699370354414,26084
13222,0.00019507294928189367,15073
13223,0.0001950753794517368,20135
13224,0.00019507837714627385,2622
13225,0.00019507888646330684,19339
13226,0.0001950826117536053,3354
13227,0.00019508315017446876,10553
13228,0.00019508498371578753,24898
13229,0.0001950862497324124,20198
13230,0.0001950925652636215,26157
13231,0.0001950944133568555,27163
13232,0.00019509578123688698,23349
13233,0.00019509767298586667,27019
13234,0.00019509976846165955,9111
13235,0.00019510890706442297,19599
13236,0.0001951094891410321,7560
13237,0.00019511149730533361,17985
13238,0.00019511290884111077,1205
13239,0.00019511414575390518,16454
13240,0.00019511563004925847,3943
13241,0.00019511660502757877,3173
13242,0.00019511791469994932,6443
13243,0.0001951225131051615,21038
13244,0.000195125860045664,2585
13245,0.00019512725702952594,10490
13246,0.00019512875587679446,25916
13247,0.00019513255392666906,2985
13248,0.00019513348524924368,26989
13249,0.00019513399456627667,23863
13250,0.000195134271052666,8042
13251,0.0001951349404407665,24812
13252,0.00019513547886162996,911
13253,0.00019513706502038985,21550
13254,0.00019513786537572742,21824
13255,0.0001951396989170462,10084
13256,0.00019514230370987207,6402
13257,0.00019514675659593195,8080
13258,0.0001951479644048959,18786
13259,0.00019515112217050046,6762
13260,0.0001951530430233106,14221
13261,0.00019515593885444105,186
13262,0.0001951581216417253,2629
13263,0.00019516117754392326,22867
13264,0.00019517092732712626,7888
13265,0.0001951727899722755,27109
13266,0.00019517586042638868,12448
13267,0.00019517673354130238,7951
13268,0.0001951780286617577,26573
13269,0.00019518338376656175,27352
13270,0.000195183718460612,21167
13271,0.00019518655608408153,12293
13272,0.00019518844783306122,1633
13273,0.00019519600027706474,18465
13274,0.00019519714987836778,5987
13275,0.00019520173373166472,13041
13276,0.00019520192290656269,1165
13277,0.0001952027523657307,4492
13278,0.00019521884678397328,7142
13279,0.00019522052025422454,12465
13280,0.00019522057846188545,15918
13281,0.00019522063666954637,8952
13282,0.0001952229649759829,16606
13283,0.00019522523507475853,25834
13284,0.00019522533693816513,21525
13285,0.00019522759248502553,7870
13286,0.00019522826187312603,18324
13287,0.00019522842194419354,26183
13288,0.00019523341325111687,19020
13289,0.0001952335878740996,12683
13290,0.00019523457740433514,9836
13291,0.00019523680384736508,14217
13292,0.000195237371372059,4751
13293,0.00019523805531207472,22405
13294,0.00019524288654793054,14852
13295,0.00019524956587702036,4322
13296,0.0001952505117515102,18253
13297,0.00019525067182257771,5605
13298,0.00019525198149494827,6455
13299,0.00019525652169249952,21125
13300,0.00019525682728271931,25725
13301,0.0001952572783920914,333
13302,0.00019525896641425788,17228
13303,0.000195261585758999,18735
13304,0.00019526395772118121,15835
13305,0.0001952654420165345,8694
13306,0.00019526628602761775,18407
13307,0.00019526807591319084,9924
13308,0.0001952740567503497,21285
13309,0.0001952758466359228,3207
13310,0.0001952777529368177,9380
13311,0.00019527869881130755,16870
13312,0.00019528059056028724,8057
13313,0.00019528694974724203,22417
13314,0.00019529183919075876,26325
13315,0.0001952920138137415,14322
13316,0.00019529224664438516,25665
13317,0.00019529562268871814,26101
13318,0.00019529850396793336,25264
13319,0.0001953003666130826,9076
13320,0.00019530455756466836,17206
13321,0.00019530784629750997,17958
13322,0.00019531260477378964,3141
13323,0.00019531544239725918,25280
13324,0.00019531727593857795,2181
13325,0.00019531934231054038,25707
13326,0.00019532260193955153,21708
13327,0.00019532293663360178,18740
13328,0.00019532482838258147,26934
13329,0.0001953294122358784,12266
13330,0.00019533313752617687,1833
13331,0.00019534431339707226,21881
13332,0.0001953517203219235,24091
13333,0.00019535410683602095,22223
13334,0.00019535527098923922,11999
13335,0.00019535607134457678,19624
13336,0.0001953601313289255,2026
13337,0.000195361310034059,18585
13338,0.00019536250329110771,22454
13339,0.00019536337640602142,4332
13340,0.00019537389744073153,12199
13341,0.00019537411571945995,3658
13342,0.00019538105698302388,18961
13343,0.00019538133346941322,1892
13344,0.00019538536434993148,15037
13345,0.00019538545166142285,5768
13346,0.00019538679043762386,10350
13347,0.00019538731430657208,5537
13348,0.00019539451750461012,7756
13349,0.00019539805362001061,12861
13350,0.0001953984028659761,1927
13351,0.00019540205539669842,3721
13352,0.00019540362700354308,8384
13353,0.0001954043545993045,1047
13354,0.00019540853099897504,24374
13355,0.00019540895300451666,4031
13356,0.00019541614165063947,27077
13357,0.00019541768415365368,13539
13358,0.00019541931396815926,2225
13359,0.00019542085647117347,23279
13360,0.00019542162772268057,10965
13361,0.00019542417430784553,10650
13362,0.00019542418885976076,25722
13363,0.00019543404050637037,344
13364,0.00019543594680726528,6125
13365,0.0001954367762664333,940
13366,0.00019543922098819166,9169
13367,0.00019544121460057795,20504
13368,0.0001954416948137805,4447
13369,0.00019544328097254038,7853
13370,0.00019545209943316877,16077
13371,0.00019545666873455048,26868
13372,0.00019545882241800427,1601
13373,0.0001954592444235459,1033
13374,0.0001954593026312068,2395
13375,0.00019546326075214893,4203
13376,0.00019546374096535146,19
13377,0.00019546505063772202,995
13378,0.00019546764087863266,1202
13379,0.00019546881958376616,12211
13380,0.00019547071133274585,21956
13381,0.00019548126147128642,21745
13382,0.00019548475393094122,10759
13383,0.00019548491400200874,17545
13384,0.00019548604905139655,24394
13385,0.0001954869949258864,16684
13386,0.00019549034186638892,9374
13387,0.00019549112766981125,13587
13388,0.00019549338321667165,17357
13389,0.00019549355783965439,25925
13390,0.00019549882563296705,2715
13391,0.00019550278375390917,229
13392,0.0001955035695573315,25544
13393,0.00019550559227354825,11444
13394,0.00019550586875993758,23315
13395,0.000195513159269467,14738
13396,0.00019551524019334465,20669
13397,0.00019552087178453803,278
13398,0.00019552641606424004,23702
13399,0.00019552724552340806,14341
13400,0.00019552765297703445,8070
13401,0.00019552776939235628,8207
13402,0.0001955282932613045,13435
13403,0.00019553092715796083,6442
13404,0.0001955330662894994,27098
13405,0.00019553549645934254,21656
13406,0.00019554552272893488,26387
13407,0.00019554652681108564,4538
13408,0.0001955496409209445,14187
13409,0.00019555249309632927,20970
13410,0.0001955536426976323,20532
13411,0.00019555834296625108,9122
13412,0.0001955659536179155,21229
13413,0.0001955682528205216,7358
13414,0.0001955693296622485,1042
13415,0.00019556944607757032,26253
13416,0.00019557263294700533,155
13417,0.00019557391351554543,18924
13418,0.00019557570340111852,11813
13419,0.00019557758059818298,1868
13420,0.00019557823543436825,1830
13421,0.0001955785701284185,6310
13422,0.00019557894847821444,4200
13423,0.00019558038911782205,5296
13424,0.000195588669157587,9103
13425,0.00019559224892873317,7347
13426,0.0001955988263944164,14500
13427,0.0001955995539901778,25065
13428,0.0001956001651706174,25096
13429,0.00019560084911063313,11045
13430,0.00019560228975024074,23801
13431,0.00019560300279408693,27484
13432,0.0001956050400622189,1819
13433,0.00019560627697501332,12789
13434,0.00019560669898055494,4344
13435,0.00019560848886612803,8965
13436,0.00019561074441298842,7934
13437,0.00019563076784834266,15151
13438,0.00019563549722079188,12997
13439,0.00019563960086088628,19294
13440,0.00019564184185583144,12776
13441,0.00019564358808565885,13061
13442,0.00019564398098737001,20409
13443,0.00019564497051760554,11447
13444,0.00019565486581996083,27545
13445,0.00019565537513699383,14595
13446,0.0001956574706127867,21911
13447,0.0001956579799298197,21776
13448,0.00019566262199077755,7136
13449,0.0001956628548214212,18830
13450,0.00019566311675589532,25491
13451,0.00019566409173421562,7591
13452,0.00019566704577300698,1011
13453,0.00019566861737985164,3690
13454,0.00019566889386624098,3310
13455,0.00019566918490454555,18355
13456,0.00019567308481782675,26511
13457,0.00019567337585613132,10425
13458,0.0001956745545612648,25234
13459,0.00019567589333746582,3669
13460,0.00019567848357837647,13684
13461,0.00019567905110307038,5640
13462,0.0001956808555405587,8791
13463,0.00019568127754610032,8369
13464,0.00019568305287975818,13091
13465,0.0001956851629074663,15500
13466,0.00019568740390241146,8357
13467,0.0001956893684109673,2177
13468,0.000195694447029382,1777
13469,0.00019569744472391903,19140
13470,0.00019569814321585,14265
13471,0.000195698972675018,4805
13472,0.00019569913274608552,24155
13473,0.00019570188305806369,12161
13474,0.00019570303265936673,22433
13475,0.00019570767472032458,11466
13476,0.00019571016309782863,25747
13477,0.0001957160420715809,8854
13478,0.0001957171771209687,5396
13479,0.0001957173808477819,91
13480,0.00019571759912651032,13646
13481,0.0001957183558261022,15372
13482,0.0001957210770342499,19376
13483,0.00019572289602365345,11020
13484,0.00019572980818338692,8272
13485,0.00019573017198126763,21316
13486,0.00019573165627662092,21530
13487,0.00019573500321712345,3404
13488,0.00019573577446863055,7927
13489,0.00019573740428313613,26916
13490,0.00019573926692828536,26884
13491,0.00019574350153561682,23320
13492,0.00019574353063944727,3601
13493,0.00019574555335566401,5584
13494,0.0001957498025149107,20143
13495,0.00019575332407839596,7140
13496,0.0001957545755431056,11232
13497,0.00019575620535761118,6755
13498,0.00019576058548409492,24448
13499,0.000195761036593467,25260
13500,0.00019576228805817664,14439
13501,0.00019576476188376546,13713
13502,0.00019576717750169337,27041
13503,0.00019576927297748625,19521
13504,0.0001957711501745507,26800
13505,0.0001957753993337974,21073
13506,0.0001957763743121177,27668
13507,0.0001957765780389309,20366
13508,0.0001957769418368116,6620
13509,0.00019577948842197657,12792
13510,0.00019577969214878976,12390
13511,0.00019578089995775372,440
13512,0.00019578146748244762,24483
13513,0.00019578490173444152,11676
13514,0.00019578526553232223,14361
13515,0.00019579245417844504,5429
13516,0.00019580360094550997,8732
13517,0.00019580514344852418,18880
13518,0.00019580533262342215,16805
13519,0.000195808126591146,22915
13520,0.000195808956050314,6756
13521,0.0001958097273018211,26066
13522,0.00019581362721510231,25616
13523,0.0001958164357347414,19100
13524,0.00019581829837989062,25993
13525,0.00019581899687182158,26180
13526,0.00019581914239097387,15353
13527,0.00019582208187785,6644
13528,0.0001958224456757307,4906
13529,0.00019582286768127233,20500
13530,0.0001958235225174576,13969
13531,0.00019582784443628043,7545
13532,0.00019582804816309363,2658
13533,0.0001958300417754799,90
13534,0.00019583015819080174,6510
13535,0.00019583188986871392,15388
13536,0.00019583231187425554,15262
13537,0.00019583375251386315,15606
13538,0.00019583544053602964,8967
13539,0.000195839733351022,5273
13540,0.00019584195979405195,20709
13541,0.000195842090761289,4955
13542,0.0001958436769200489,25591
13543,0.00019584392430260777,23608
13544,0.0001958463544724509,24747
13545,0.0001958483044290915,4723
13546,0.00019584879919420928,14593
13547,0.00019585138943511993,20802
13548,0.00019585141853895038,25927
13549,0.00019585633708629757,3966
13550,0.00019586095004342496,19412
13551,0.00019586514099501073,21286
13552,0.0001958740467671305,27095
13553,0.0001958771754289046,6042
13554,0.00019587788847275078,7877
13555,0.0001958795910468325,11091
13556,0.00019588075520005077,20655
13557,0.00019588165741879493,15947
13558,0.00019588258874136955,10114
13559,0.0001958830252988264,2806
13560,0.00019588529539760202,26437
13561,0.00019589213479775935,4793
13562,0.00019589284784160554,16993
13563,0.00019589302246458828,16781
13564,0.00019589850853662938,25841
13565,0.0001959009241545573,19529
13566,0.0001959053915925324,27662
13567,0.00019590696319937706,10523
13568,0.00019590977171901613,4905
13569,0.00019591905584093183,26245
13570,0.00019592317403294146,23043
13571,0.0001959252986125648,12886
13572,0.00019592561875469983,14608
13573,0.00019593359320424497,7956
13574,0.0001959357177838683,3842
13575,0.00019593651813920587,25253
13576,0.0001959418732440099,3291
13577,0.00019594239711295813,24044
13578,0.00019594260083977133,14460
13579,0.00019594712648540735,16526
13580,0.0001959475048352033,22188
13581,0.0001959489018190652,2543
13582,0.0001959506917046383,20197
13583,0.00019595118646975607,1283
13584,0.0001959566434379667,21882
13585,0.00019595716730691493,8677
13586,0.00019595983030740172,24685
13587,0.00019596503989305347,9861
13588,0.00019596512720454484,8644
13589,0.0001959654182428494,898
13590,0.000195968386833556,18991
13591,0.0001959695218829438,3074
13592,0.0001959778310265392,27458
13593,0.000195979155250825,8387
13594,0.00019598154176492244,20797
13595,0.00019598373910412192,4468
13596,0.00019598785729613155,11657
13597,0.00019598923972807825,21421
13598,0.0001959919318323955,8111
13599,0.00019599284860305488,9068
13600,0.0001959955261554569,15665
13601,0.0001959967630682513,6340
13602,0.00019600063387770206,3138
13603,0.00019600270024966449,12923
13604,0.00019600390805862844,19874
13605,0.00019600514497142285,24074
13606,0.0001960058871190995,11314
13607,0.000196006047190167,25858
13608,0.00019601442909333855,21655
13609,0.00019601888197939843,17360
13610,0.00019601908570621163,12355
13611,0.00019602054089773446,6988
13612,0.0001960212248377502,27591
13613,0.0001960257941391319,3748
13614,0.00019602647807914764,8933
13615,0.00019602863176260144,17975
13616,0.00019603240070864558,7570
13617,0.0001960334338946268,17788
13618,0.0001960371737368405,19466
13619,0.00019603829423431307,26587
13620,0.00019603870168793947,4063
13621,0.00019604142289608717,4910
13622,0.0001960444205906242,109
13623,0.00019604597764555365,2659
13624,0.00019604871340561658,19863
13625,0.00019605150737334043,9539
13626,0.00019605498528108,14453
13627,0.00019605582929216325,16062
13628,0.00019605914712883532,2900
13629,0.0001960610825335607,6789
13630,0.00019606160640250891,5964
13631,0.00019606521527748555,7900
13632,0.00019607039575930685,23601
13633,0.00019608938600867987,18794
13634,0.0001960898662218824,18770
13635,0.00019609105947893113,6666
13636,0.00019609276205301285,27216
13637,0.0001960934605449438,3911
13638,0.00019609802984632552,13956
13639,0.00019610040180850774,13960
13640,0.0001961007947102189,8072
13641,0.00019610353047028184,14501
13642,0.00019610450544860214,3203
13643,0.00019610646995715797,4185
13644,0.0001961071538971737,9607
13645,0.0001961087982635945,19148
13646,0.0001961111993296072,14867
13647,0.00019611173775047064,16631
13648,0.0001961179805221036,7502
13649,0.0001961199741344899,25813
13650,0.00019612221512943506,18979
13651,0.00019612342293839902,196
13652,0.00019612879259511828,21888
13653,0.00019613112090155482,26951
13654,0.0001961329107871279,6714
13655,0.00019613569020293653,13544
13656,0.00019613651966210455,3178
13657,0.00019613851327449083,14173
13658,0.00019614082702901214,12660
13659,0.00019614245684351772,11775
13660,0.00019614820485003293,8236
13661,0.0001961521484190598,20922
13662,0.00019615843484643847,3054
13663,0.00019616205827333033,3670
13664,0.00019616313511505723,18472
13665,0.00019616428471636027,4926
13666,0.00019616531790234149,21329
13667,0.00019618080114014447,10481
13668,0.0001961829693755135,25001
13669,0.00019618436635937542,10624
13670,0.0001961846137419343,608
13671,0.0001961887173820287,27581
13672,0.00019619130762293935,27070
13673,0.00019619219528976828,8859
13674,0.0001961942034540698,3905
13675,0.0001961966190719977,18936
13676,0.00019619950035121292,19174
13677,0.00019620219245553017,3231
13678,0.00019620361854322255,11438
13679,0.00019621044339146465,27079
13680,0.00019621336832642555,15322
13681,0.00019621432875283062,1638
13682,0.00019621543469838798,7530
13683,0.00019621610408648849,25439
13684,0.00019621674437075853,17504
13685,0.00019622224499471486,25299
13686,0.0001962224196176976,12467
13687,0.00019622330728452653,7448
13688,0.0001962246315088123,11437
13689,0.000196225504623726,27268
13690,0.00019622803665697575,8824
13691,0.00019623195112217218,20338
13692,0.00019623199477791786,908
13693,0.00019624379638116807,15969
13694,0.0001962459209607914,7808
13695,0.00019625028653535992,23265
13696,0.0001962522219400853,19934
13697,0.0001962592505151406,16126
13698,0.00019626205903477967,15364
13699,0.00019626403809525073,19006
13700,0.00019626539142336696,14328
13701,0.0001962664828170091,24206
13702,0.0001962669484782964,25279
13703,0.00019627677102107555,22160
13704,0.00019627725123427808,23097
13705,0.00019628237350843847,22826
13706,0.00019628262089099735,14723
13707,0.00019628337759058923,8178
13708,0.00019628519657999277,15814
13709,0.00019629219605121762,21604
13710,0.00019629478629212826,24977
13711,0.00019629907910712063,2504
13712,0.00019629941380117089,26888
13713,0.00019630108727142215,3471
13714,0.0001963050162885338,25251
13715,0.00019630712631624192,13302
13716,0.00019630996393971145,4544
13717,0.00019631651230156422,12846
13718,0.0001963165559573099,8112
13719,0.00019631756003946066,20605
13720,0.00019631811301223934,9192
13721,0.00019632410840131342,24143
13722,0.00019632739713415504,24830
13723,0.00019632882322184741,204
13724,0.00019633278134278953,19130
13725,0.00019633966439869255,16841
13726,0.00019634093041531742,18387
13727,0.00019634408818092197,863
13728,0.00019634423370007426,4631
13729,0.00019634660566225648,989
13730,0.0001963497925316915,26945
13731,0.00019635586068034172,20555
13732,0.0001963562099263072,2212
13733,0.00019635711214505136,26659
13734,0.00019635885837487876,5645
13735,0.00019636316574178636,25617
13736,0.00019636396609712392,11453
13737,0.00019636833167169243,2855
13738,0.00019636876822914928,4546
13739,0.00019637017976492643,12769
13740,0.00019637434161268175,14808
13741,0.0001963816030183807,3516
13742,0.00019638490630313754,916
13743,0.00019638598314486444,16819
13744,0.0001963873946806416,12090
13745,0.00019638767116703093,12820
13746,0.0001963893446372822,6737
13747,0.0001963897520909086,15446
13748,0.0001963899121619761,14868
13749,0.00019639122183434665,939
13750,0.000196392837096937,94
13751,0.00019639864331111312,27060
13752,0.0001963990507647395,5674
13753,0.00019640065147541463,23186
13754,0.00019640264508780092,21515
13755,0.00019640487153083086,5036
13756,0.00019640861137304455,1536
13757,0.00019640896061901003,12479
13758,0.00019641332619357854,635
13759,0.00019641456310637295,1821
13760,0.0001964149996638298,21222
13761,0.0001964151451829821,18319
13762,0.00019641789549496025,7066
13763,0.00019642039842437953,14786
13764,0.00019642285769805312,18199
13765,0.00019642488041426986,24030
13766,0.00019642594270408154,5304
13767,0.00019642658298835158,5818
13768,0.00019642894039861858,20419
13769,0.0001964293041964993,26627
13770,0.00019643276755232364,26407
13771,0.00019643611449282616,16101
13772,0.0001964380353456363,7380
13773,0.00019643815176095814,20443
13774,0.00019644042185973376,16469
13775,0.0001964442344615236,13925
13776,0.000196445980691351,13521
13777,0.0001964474213309586,13169
13778,0.00019644790154416114,26136
13779,0.00019644986605271697,8188
13780,0.0001964499388122931,15658
13781,0.0001964517286978662,3266
13782,0.00019645283464342356,12018
13783,0.00019645412976387888,3551
13784,0.00019645570137072355,5321
13785,0.0001964642433449626,23249
13786,0.00019646658620331436,1200
13787,0.0001964681432582438,17508
13788,0.00019647092267405242,19954
13789,0.00019647492445074022,7806
13790,0.00019647643784992397,1253
13791,0.0001964789116755128,4435
13792,0.00019648125453386456,9440
13793,0.00019648417946882546,23904
13794,0.00019648618763312697,23831
13795,0.00019648823945317417,6227
13796,0.00019649227033369243,22530
13797,0.00019649234309326857,6439
13798,0.00019649356545414776,11553
13799,0.00019650100148282945,9812
13800,0.00019650613830890507,19821
13801,0.00019650637113954872,638
13802,0.0001965075935004279,8458
13803,0.00019650859758257866,19363
13804,0.0001965145638678223,427
13805,0.00019651997718028724,16898
13806,0.00019652716582641006,9171
13807,0.00019652777700684965,19299
13808,0.0001965303235920146,22667
13809,0.00019653116760309786,17671
13810,0.00019653445633593947,9489
13811,0.00019653614435810596,13584
13812,0.0001965367264347151,16399
13813,0.0001965445844689384,19063
13814,0.00019654494826681912,11026
13815,0.00019654571951832622,1894
13816,0.0001965489354915917,9902
13817,0.00019655284995678812,20200
13818,0.00019655814685393125,16676
13819,0.00019655816140584648,467
13820,0.00019655973301269114,11276
13821,0.00019656025688163936,15693
13822,0.00019656318181660026,26796
13823,0.00019656546646729112,25740
13824,0.0001965695118997246,7638
13825,0.00019657338270917535,5241
13826,0.0001965779811143875,21749
13827,0.00019657801021821797,15033
13828,0.000196578330360353,2252
13829,0.0001965828996617347,26904
13830,0.0001965872070286423,14507
13831,0.00019658872042782605,4608
13832,0.00019658927340060472,14242
13833,0.00019659027748275548,18415
13834,0.0001965905394172296,3385
13835,0.0001965929550351575,16650
13836,0.0001965938281500712,3438
13837,0.0001966060808626935,5200
13838,0.0001966120908036828,1082
13839,0.00019661559781525284,9395
13840,0.00019661799888126552,5438
13841,0.00019661990518216044,7230
13842,0.00019662526028696448,4243
13843,0.0001966271665878594,13964
13844,0.00019662751583382487,2593
13845,0.00019662805425468832,7878
13846,0.00019662882550619543,25224
13847,0.0001966313720913604,4974
13848,0.00019663709099404514,4162
13849,0.00019664094725158066,1542
13850,0.00019664147112052888,18118
13851,0.00019664267892949283,14724
13852,0.00019664464343804866,15382
13853,0.00019664627325255424,4542
13854,0.00019664925639517605,2150
13855,0.00019664992578327656,10892
13856,0.00019665075524244457,3308
13857,0.00019665819127112627,24968
13858,0.00019666024309117347,11295
13859,0.0001966611307580024,840
13860,0.00019666238222271204,18213
13861,0.00019666325533762574,10857
13862,0.00019666530715767294,11922
13863,0.00019666875596158206,20586
13864,0.0001966705749509856,3101
13865,0.00019667424203362316,9865
13866,0.0001966755953617394,19542
13867,0.00019668284221552312,18364
13868,0.00019668920140247792,11896
13869,0.00019669142784550786,25202
13870,0.00019669161702040583,27248
13871,0.00019669445464387536,5239
13872,0.00019669710309244692,3038
13873,0.00019670010078698397,18327
13874,0.00019670046458486468,24147
13875,0.00019670074107125401,10557
13876,0.00019670133769977838,6674
13877,0.00019670245819725096,8747
13878,0.00019670327310450375,7010
13879,0.00019670717301778495,16855
13880,0.0001967082789633423,6428
13881,0.00019671172776725143,10316
13882,0.00019671893096528947,21652
13883,0.0001967189455172047,22490
13884,0.00019672488269861788,21722
13885,0.00019673148926813155,19651
13886,0.00019673492352012545,4250
13887,0.00019673496717587113,20766
13888,0.00019673553470056504,23626
13889,0.00019673722272273153,27366
13890,0.00019674467330332845,27561
13891,0.00019674729264806956,21183
13892,0.00019675212388392538,4121
13893,0.0001967523858183995,18098
13894,0.00019675640214700252,1185
13895,0.00019675838120747358,27005
13896,0.00019676185911521316,22091
13897,0.00019676666124723852,26943
13898,0.00019676703959703445,2413
13899,0.0001967682474059984,19015
13900,0.0001967709686141461,19566
13901,0.00019677405362017453,21915
13902,0.00019677495583891869,17758
13903,0.00019677654199767858,9648
13904,0.00019677684758789837,23652
13905,0.0001967782009160146,15134
13906,0.00019678138778544962,25937
13907,0.00019678432727232575,15967
13908,0.00019678873650263995,5254
13909,0.0001967893331311643,16686
13910,0.00019679690012708306,6478
13911,0.00019679879187606275,21849
13912,0.00019680328841786832,17446
13913,0.00019680355035234243,14687
13914,0.00019681095727719367,15629
13915,0.0001968114811461419,8940
13916,0.00019681212143041193,3804
13917,0.00019681376579683274,20090
13918,0.0001968193391803652,16241
13919,0.0001968232827493921,2162
13920,0.00019682565471157432,3425
13921,0.00019682968559209257,16203
13922,0.00019683505524881184,26546
13923,0.00019684086146298796,1679
13924,0.0001968422147911042,20162
13925,0.00019684246217366308,9691
13926,0.0001968484721146524,16343
13927,0.00019685184815898538,9788
13928,0.00019685400184243917,10263
13929,0.00019685624283738434,7334
13930,0.00019685769802890718,16850
13931,0.00019685989536810666,10338
13932,0.00019686334417201579,298
13933,0.0001968653523363173,20570
13934,0.0001968732540262863,21697
13935,0.00019687337044160813,16649
13936,0.00019687476742547005,24505
13937,0.00019687606254592538,11041
13938,0.0001968796132132411,6635
13939,0.0001968824799405411,4096
13940,0.0001968937722267583,19908
13941,0.00019689420878421515,27768
13942,0.00019689940381795168,6910
13943,0.00019690077169798315,12802
13944,0.0001969047007150948,23380
13945,0.00019690861518029124,2664
13946,0.00019690956105478108,9755
13947,0.00019691484340000898,21671
13948,0.00019691891793627292,11628
13949,0.00019692486966960132,14330
13950,0.00019692488422151655,18055
13951,0.00019692766363732517,25191
13952,0.0001969277363969013,20805
13953,0.0001969295844901353,3085
13954,0.00019693071953952312,21502
13955,0.00019693482317961752,26224
13956,0.00019693559443112463,12114
13957,0.0001969359873328358,16721
13958,0.00019693670037668198,25837
13959,0.0001969379954971373,14411
13960,0.00019693990179803222,19168
13961,0.00019694355432875454,19119
13962,0.00019694544607773423,23672
13963,0.0001969490258488804,5972
13964,0.00019695228547789156,19150
13965,0.00019695331866387278,24043
13966,0.00019695401715580374,27525
13967,0.00019695483206305653,19656
13968,0.0001969549193745479,20467
13969,0.00019695720402523875,100
13970,0.00019695911032613367,22713
13971,0.00019696033268701285,20499
13972,0.00019696714298333973,7192
13973,0.00019696894742082804,2024
13974,0.0001969692384591326,9892
13975,0.0001969705626834184,13352
13976,0.00019697136303875595,10060
13977,0.00019697147945407778,15798
13978,0.0001969732838915661,22674
13979,0.0001969788281712681,2882
13980,0.0001969842123799026,5249
13981,0.0001969854929484427,3599
13982,0.00019699096446856856,10182
13983,0.00019699311815202236,24305
13984,0.0001969955483218655,25947
13985,0.00019699588301591575,26139
13986,0.00019699792028404772,22190
13987,0.00019700646225828677,1605
13988,0.00019700730626937002,25729
13989,0.00019701315613929182,27558
13990,0.00019701433484442532,10948
13991,0.0001970144221559167,19389
13992,0.00019701517885550857,8079
13993,0.00019701731798704714,2609
13994,0.00019701757992152125,8014
13995,0.00019701784185599536,11683
13996,0.00019701890414580703,17728
13997,0.0001970206794794649,7053
13998,0.00019702075223904103,16369
13999,0.0001970226294361055,1221
14000,0.0001970308367162943,25271
14001,0.0001970341836567968,27162
14002,0.0001970353623619303,4237
14003,0.00019703659927472472,24328
14004,0.00019703824364114553,19560
14005,0.00019703978614415973,7757
14006,0.00019704092119354755,8796
14007,0.00019704112492036074,4872
14008,0.00019704498117789626,23875
14009,0.00019704524311237037,14878
14010,0.00019704813894350082,18869
14011,0.0001970520243048668,14075
14012,0.00019705278100445867,18370
14013,0.00019705321756191552,13662
14014,0.00019705548766069114,4519
14015,0.00019705601152963936,13192
14016,0.0001970571611309424,21821
14017,0.0001970603916561231,1669
14018,0.00019706149760168046,13264
14019,0.00019706343300640583,1659
14020,0.0001970662415260449,5767
14021,0.00019706718740053475,1915
14022,0.00019706992316059768,6207
14023,0.00019707207684405148,16418
14024,0.0001970741432160139,24517
14025,0.00019707420142367482,22053
14026,0.00019707773753907531,4799
14027,0.000197078290511854,24348
14028,0.0001970810699276626,7390
14029,0.00019708348554559052,25025
14030,0.00019708969921339303,27398
14031,0.00019709138723555952,802
14032,0.00019709243497345597,14694
14033,0.00019709646585397422,9589
14034,0.00019709688785951585,1556
14035,0.0001970994344446808,3301
14036,0.00019710807828232646,10503
14037,0.00019710858759935945,18236
14038,0.00019712130597326905,6406
14039,0.00019712421635631472,21007
14040,0.00019713076471816748,3427
14041,0.00019713221990969032,5970
14042,0.0001971327292267233,21490
14043,0.0001971360034076497,21289
14044,0.00019713802612386644,15039
14045,0.000197138317162171,7118
14046,0.0001971383608179167,20981
14047,0.00019714188238140196,16173
14048,0.00019714362861122936,12064
14049,0.00019714362861122936,18048
14050,0.00019715090456884354,9979
14051,0.0001971526799025014,2540
14052,0.00019715275266207755,21847
14053,0.00019715884991455823,24868
14054,0.00019716241513378918,10467
14055,0.00019716571841854602,25156
14056,0.00019716598035302013,12412
14057,0.00019716766837518662,23478
14058,0.00019717059331014752,2355
14059,0.0001971706806216389,18904
14060,0.0001971715537365526,16600
14061,0.00019717169925570488,3564
14062,0.0001971738674910739,10535
14063,0.00019718783732969314,9086
14064,0.00019718808471225202,6870
14065,0.000197192799532786,22555
14066,0.00019719685951713473,8802
14067,0.00019719693227671087,3350
14068,0.00019719806732609868,26597
14069,0.0001972041791304946,13103
14070,0.00019720666750799865,21835
14071,0.0001972095633391291,23008
14072,0.00019720994168892503,8427
14073,0.00019721222633961588,13722
14074,0.0001972145400941372,6544
14075,0.00019721913849934936,9807
14076,0.00019722119031939656,18589
14077,0.00019722238357644528,7991
14078,0.00019722568686120212,26497
14079,0.00019722581782843918,15677
14080,0.00019722586148418486,26367
14081,0.00019722715660464019,6906
14082,0.00019722765136975795,16834
14083,0.0001972303434740752,26328
14084,0.00019723745936062187,19760
14085,0.00019723997684195638,2106
14086,0.00019724211597349495,9013
14087,0.00019724421144928783,1263
14088,0.00019724888261407614,7291
14089,0.0001972499449038878,222
14090,0.00019725140009541065,9767
14091,0.00019725217134691775,11858
14092,0.00019725256424862891,4563
14093,0.00019725375750567764,13274
14094,0.00019725505262613297,2472
14095,0.00019725639140233397,13632
14096,0.00019725653692148626,2871
14097,0.0001972582540474832,14853
14098,0.00019726026221178472,696
14099,0.00019726062600966543,16140
14100,0.00019726318714674562,24067
14101,0.0001972636819118634,14504
14102,0.00019726647587958723,18952
14103,0.00019727014296222478,8165
14104,0.00019727577455341816,5071
14105,0.00019727603648789227,4783
14106,0.00019727612379938364,14814
14107,0.0001972763566300273,18685
14108,0.00019727657490875572,27276
14109,0.00019727808830793947,11458
14110,0.00019727885955944657,17541
14111,0.00019727888866327703,24463
14112,0.0001972803584067151,3208
14113,0.0001972824102267623,17711
14114,0.00019728278857655823,8152
14115,0.00019728319603018463,12499
14116,0.00019728440383914858,18316
14117,0.0001972856989596039,19391
14118,0.00019729264022316784,17195
14119,0.00019729416817426682,25306
14120,0.00019729499763343483,23090
14121,0.00019729984342120588,22748
14122,0.00019730068743228912,4467
14123,0.00019730109488591552,23037
14124,0.00019730511121451855,18576
14125,0.0001973119651665911,6491
14126,0.0001973147882381454,18670
14127,0.00019731593783944845,24488
14128,0.00019731605425477028,16698
14129,0.00019731622887775302,14420
14130,0.00019731640350073576,12142
14131,0.00019732014334294945,15367
14132,0.00019732654618564993,5064
14133,0.00019732864166144282,19009
14134,0.00019732926739379764,3192
14135,0.000197333050891757,6716
14136,0.00019733722729142755,19316
14137,0.0001973389444174245,12314
14138,0.000197341461898759,17552
14139,0.00019734202942345291,13082
14140,0.00019734686065930873,23192
14141,0.00019734739908017218,7247
14142,0.00019734982925001532,4777
14143,0.0001973522885236889,24767
14144,0.0001973620819626376,25214
14145,0.00019736219837795943,12047
14146,0.00019736436661332846,2154
14147,0.00019736663671210408,1782
14148,0.00019736668036784977,26529
14149,0.0001973667967831716,23397
14150,0.00019737414550036192,23161
14151,0.00019737450929824263,19419
14152,0.00019737532420549542,1698
14153,0.00019737724505830556,3305
14154,0.00019737730326596648,15195
14155,0.00019737871480174363,1430
14156,0.00019738073751796037,8594
14157,0.00019738102855626494,9049
14158,0.00019738235278055072,14715
14159,0.00019738648552447557,16167
14160,0.00019738652918022126,13514
14161,0.00019738705304916948,98
14162,0.00019739492563530803,9928
14163,0.00019739530398510396,12665
14164,0.00019739956769626588,23614
14165,0.00019740239076782018,2317
14166,0.00019740343850571662,1417
14167,0.00019740726565942168,2798
14168,0.00019740764400921762,13774
14169,0.00019740832794923335,16264
14170,0.0001974117330973968,1854
14171,0.00019741318828891963,23045
14172,0.00019742586300708354,6972
14173,0.00019742597942240536,21363
14174,0.00019743468146771193,3703
14175,0.00019744156452361494,7442
14176,0.0001974424085346982,26973
14177,0.00019744875316973776,22989
14178,0.0001974489860003814,24754
14179,0.00019744997553061694,8271
14180,0.00019745265308301896,5006
14181,0.00019745896861422807,2386
14182,0.00019746882026083767,18672
14183,0.0001974689366761595,8648
14184,0.00019746900943573564,13870
14185,0.00019747238548006862,25021
14186,0.00019747494661714882,18024
14187,0.00019747533951885998,7642
14188,0.0001974789920495823,3937
14189,0.00019748102931771427,9213
14190,0.00019748178601730615,18437
14191,0.00019748180056922138,1882
14192,0.00019748539489228278,1531
14193,0.00019748539489228278,7980
14194,0.00019749137572944164,13650
14195,0.00019749498460441828,11530
14196,0.0001974954066099599,20451
14197,0.0001974984334083274,24492
14198,0.0001974993501789868,17442
14199,0.00019750262435991317,27482
14200,0.0001975126360775903,27625
14201,0.00019752117805182934,11539
14202,0.00019752242951653898,25181
14203,0.00019752436492126435,12561
14204,0.00019753462402150035,5806
14205,0.00019753488595597446,4139
14206,0.0001975357736228034,7457
14207,0.0001975362974917516,7737
14208,0.00019753635569941252,25008
14209,0.00019754197273869067,22426
14210,0.00019754243839997798,4145
14211,0.00019754900131374598,25489
14212,0.00019755284301936626,9429
14213,0.00019755327957682312,16162
14214,0.00019755735411308706,8911
14215,0.00019755878020077944,21872
14216,0.00019756161782424897,4434
14217,0.00019756636174861342,11939
14218,0.0001975712220882997,23321
14219,0.00019757144036702812,19653
14220,0.00019757695554289967,8044
14221,0.0001975784107344225,10628
14222,0.00019757870177272707,27157
14223,0.0001975816849153489,18380
14224,0.00019759043061640114,26669
14225,0.00019760386203415692,1595
14226,0.00019760556460823864,10336
14227,0.00019761864678002894,8016
14228,0.00019761976727750152,11185
14229,0.00019762087322305888,8341
14230,0.0001976225757971406,22179
14231,0.00019763768068514764,25182
14232,0.00019763957243412733,4236
14233,0.0001976400235434994,25209
14234,0.00019764126045629382,16573
14235,0.00019764485477935523,19761
14236,0.00019764568423852324,5039
14237,0.00019764629541896284,1424
14238,0.00019764747412409633,8392
14239,0.00019764916214626282,27289
14240,0.00019765297474805266,24965
14241,0.00019765368779189885,12814
14242,0.00019765933393500745,5976
14243,0.0001976598723558709,15279
14244,0.0001976616185856983,7025
14245,0.00019766209879890084,22990
14246,0.00019766410696320236,11749
14247,0.00019766460172832012,21099
14248,0.00019766666810028255,23033
14249,0.0001976739731617272,13817
14250,0.0001976796775124967,4837
14251,0.0001976828061742708,9302
14252,0.00019768471247516572,25011
14253,0.00019768609490711242,12103
14254,0.00019769184291362762,22382
14255,0.00019769713981077075,2201
14256,0.00019770095241256058,15421
14257,0.00019770135986618698,27441
14258,0.00019770173821598291,15905
14259,0.00019770456128753722,7850
14260,0.0001977055799216032,1533
14261,0.00019770661310758442,837
14262,0.0001977096253540367,13294
14263,0.00019771172082982957,5681
14264,0.00019771266670431942,9408
14265,0.00019771748338826,24862
14266,0.00019771770166698843,330
14267,0.0001977194770006463,11823
14268,0.00019771960796788335,17169
14269,0.0001977202045964077,5744
14270,0.00019772147061303258,6738
14271,0.00019772151426877826,20609
14272,0.00019772346422541887,11484
14273,0.0001977269712369889,1276
14274,0.00019772988162003458,24642
14275,0.0001977326173800975,11514
14276,0.00019773273379541934,15169
14277,0.00019773421809077263,26753
14278,0.00019773920939769596,3014
14279,0.00019773951498791575,8974
14280,0.0001977424690267071,21204
14281,0.00019774290558416396,21462
14282,0.0001977439533220604,3631
14283,0.00019775016698986292,3002
14284,0.00019775044347625226,1904
14285,0.00019775440159719437,24225
14286,0.00019775560940615833,6188
14287,0.00019775758846662939,10092
14288,0.00019775895634666085,1077
14289,0.00019776624685619026,15004
14290,0.0001977759675355628,17634
14291,0.0001977791980607435,16352
14292,0.0001977799111045897,22041
14293,0.00019777996931225061,17150
14294,0.00019778379646595567,5617
14295,0.00019778762361966074,13181
14296,0.00019778788555413485,8536
14297,0.0001977915526367724,13789
14298,0.00019779276044573635,4942
14299,0.00019779351714532822,8352
14300,0.00019779487047344446,1215
14301,0.0001977961219381541,21323
14302,0.00019779927970375866,17502
14303,0.00019780428556259722,24652
14304,0.00019780460570473224,3096
14305,0.00019780579896178097,12921
14306,0.00019780595903284848,5360
14307,0.00019780994625762105,14484
14308,0.00019781128503382206,25193
14309,0.00019781473383773118,3380
14310,0.0001978170475922525,23710
14311,0.0001978179789148271,18675
14312,0.00019781934679485857,12042
14313,0.00019782020535785705,816
14314,0.00019782714662142098,10741
14315,0.0001978275686269626,6157
14316,0.0001978276704903692,3750
14317,0.00019783107563853264,17584
14318,0.00019783497555181384,5257
14319,0.00019783584866672754,14865
14320,0.00019783958850894123,6263
14321,0.00019784035976044834,14817
14322,0.00019784051983151585,16287
14323,0.0001978488580789417,5208
14324,0.00019784965843427926,26909
14325,0.00019785008043982089,1020
14326,0.0001978507498279214,25134
14327,0.000197852699784562,23811
14328,0.00019785543554462492,11706
14329,0.00019785607582889497,19160
14330,0.00019786032498814166,9401
14331,0.0001978610671358183,17645
14332,0.00019786231860052794,21089
14333,0.0001978631189558655,8941
14334,0.00019786668417509645,13696
14335,0.00019786760094575584,14793
14336,0.00019787013297900558,13968
14337,0.00019787059864029288,13866
14338,0.00019787208293564618,22658
14339,0.00019787254859693348,17167
14340,0.0001978740910999477,16016
14341,0.00019787426572293043,25830
14342,0.0001978752261493355,17323
14343,0.0001978823565877974,22358
14344,0.00019788336066994816,14356
14345,0.00019788638746831566,5785
14346,0.00019788663485087454,23456
14347,0.0001978875807253644,5654
14348,0.00019788909412454814,13454
14349,0.00019790382066275924,4042
14350,0.00019790392252616584,3118
14351,0.0001979040098376572,12319
14352,0.00019791006343439221,15034
14353,0.00019791239174082875,4295
14354,0.00019791314844042063,5001
14355,0.00019791355589404702,5376
14356,0.00019792030798271298,14368
14357,0.0001979205699171871,1333
14358,0.00019793261890299618,10128
14359,0.00019793296814896166,26645
14360,0.0001979347871383652,26547
14361,0.00019793685351032764,16499
14362,0.00019793691171798855,27560
14363,0.0001979404769372195,10582
14364,0.0001979452936211601,7608
14365,0.00019794594845734537,4867
14366,0.00019794722902588546,19102
14367,0.00019794789841398597,16718
14368,0.00019795261323451996,22425
14369,0.00019795302068814635,7012
14370,0.0001979553489945829,5759
14371,0.00019795780826825649,979
14372,0.00019795798289123923,3469
14373,0.0001979591033887118,14163
14374,0.00019796354172285646,26952
14375,0.00019796409469563514,5914
14376,0.00019796575361397117,6396
14377,0.00019796691776718944,27701
14378,0.00019796959531959146,22323
14379,0.0001979703811230138,19114
14380,0.00019797537242993712,9406
14381,0.0001979756634682417,23455
14382,0.00019797794811893255,1051
14383,0.00019798369612544775,6966
14384,0.00019798698485828936,3435
14385,0.00019798979337792844,19372
14386,0.00019799011352006346,1457
14387,0.00019799232541117817,12089
14388,0.00019799268920905888,11305
14389,0.0001979992084670812,13401
14390,0.00019800160953309387,5717
14391,0.00019801492453552783,962
14392,0.00019801616144832224,11881
14393,0.00019801678718067706,649
14394,0.0001980221422854811,18146
14395,0.00019802236056420952,3997
14396,0.00019802387396339327,27571
14397,0.0001980263477889821,20558
14398,0.00019802890892606229,9012
14399,0.00019803314353339374,4617
14400,0.00019803464238066226,19565
14401,0.00019803545728791505,25906
14402,0.0001980382512556389,6642
14403,0.00019803921168204397,12138
14404,0.00019804186013061553,4521
14405,0.00019804193289019167,21211
14406,0.0001980430242838338,19360
14407,0.00019804423209279776,5260
14408,0.00019804429030045867,16540
14409,0.00019804482872132212,4153
14410,0.00019804503244813532,12960
14411,0.00019804845214821398,23714
14412,0.0001980488741537556,17125
14413,0.00019805217743851244,3884
14414,0.00019805249758064747,7099
14415,0.00019805530610028654,6373
14416,0.00019805776537396014,14319
14417,0.0001980582601390779,15552
14418,0.00019806083582807332,6273
14419,0.0001980617525987327,11112
14420,0.00019806750060524791,10764
14421,0.00019807129865512252,21255
14422,0.0001980758097488433,19975
14423,0.0001980836968868971,15558
14424,0.00019808609795290977,16873
14425,0.00019808669458143413,12289
14426,0.00019808921206276864,16611
14427,0.00019808922661468387,27367
14428,0.00019808928482234478,9657
14429,0.0001980894448934123,19238
14430,0.0001980897068278864,2992
14431,0.0001980929373530671,25124
14432,0.00019809853984043002,8351
14433,0.00019810118828900158,25671
14434,0.0001981132518267259,21405
14435,0.0001981134555535391,11994
14436,0.0001981160166906193,2450
14437,0.0001981238165171817,20019
14438,0.0001981239765882492,11422
14439,0.00019812455866485834,18526
14440,0.00019812601385638118,5218
14441,0.0001981263339985162,14771
14442,0.00019813200924545527,43
14443,0.00019813344988506287,26957
14444,0.0001981382811209187,19156
14445,0.00019813851395156235,21759
14446,0.0001981393143068999,8935
14447,0.00019814164261333644,6407
14448,0.00019814340339507908,15785
14449,0.00019814354891423136,20886
14450,0.00019814407278317958,19237
14451,0.00019814663392025977,24805
14452,0.00019814769621007144,13106
14453,0.00019815276027657092,2112
14454,0.00019815286213997751,23350
14455,0.00019815626728814095,9079
14456,0.00019816534768324345,24113
14457,0.00019816604617517442,5072
14458,0.00019816774874925613,447
14459,0.00019817124120891094,14762
14460,0.0001981719397008419,550
14461,0.0001981724053621292,15114
14462,0.0001981766108656302,2030
14463,0.0001981796813197434,14250
14464,0.00019818042346742004,13120
14465,0.00019818221335299313,27547
14466,0.0001981823006644845,11717
14467,0.0001981872774194926,25857
14468,0.00019819017325062305,11215
14469,0.0001981916866498068,15307
14470,0.00019820060697384179,15647
14471,0.0001982060493901372,19804
14472,0.0001982078974833712,9029
14473,0.00019821278692688793,12055
14474,0.00019821361638605595,496
14475,0.00019821363093797117,1585
14476,0.0001982202666113153,17990
14477,0.00019822170725092292,8613
14478,0.00019822402100544423,13036
14479,0.0001982281100936234,11168
14480,0.00019822956528514624,16891
14481,0.00019823007460217923,5905
14482,0.00019823219918180257,27010
14483,0.00019823313050437719,8777
14484,0.00019823444017674774,11632
14485,0.0001982352405320853,22583
14486,0.00019824301125481725,9872
14487,0.00019824491755571216,876
14488,0.0001982453977689147,117
14489,0.0001982515532290563,12893
14490,0.00019825292110908777,14142
14491,0.00019825600611511618,12631
14492,0.00019825635536108166,11577
14493,0.00019825875642709434,13250
14494,0.00019825938215944916,23540
14495,0.0001982607936952263,16218
14496,0.0001982612448045984,19996
14497,0.00019826275820378214,18167
14498,0.00019826280185952783,258
14499,0.00019826466450467706,15776
14500,0.00019826870993711054,26691
14501,0.00019826985953841358,13074
14502,0.00019827045616693795,11427
14503,0.0001982745307032019,17091
14504,0.00019827789219561964,21028
14505,0.00019828307267744094,8259
14506,0.00019828627409879118,23196
14507,0.00019829037773888558,26673
14508,0.00019829155644401908,14858
14509,0.00019829378288704902,13810
14510,0.00019829631492029876,26563
14511,0.0001982998219318688,17571
14512,0.00019830904784612358,24475
14513,0.00019830939709208906,14620
14514,0.00019830981909763068,14568
14515,0.00019831123063340783,18342
14516,0.00019831134704872966,22337
14517,0.00019831155077554286,2665
14518,0.00019831412646453828,21473
14519,0.00019831530516967177,730
14520,0.00019831547979265451,15955
14521,0.00019831648387480527,23454
14522,0.0001983172696782276,11423
14523,0.00019831738609354943,26460
14524,0.00019831853569485247,24896
14525,0.0001983211113838479,13383
14526,0.00019832319230772555,8878
14527,0.00019832520047202706,202
14528,0.00019832640828099102,20241
14529,0.0001983272231882438,1523
14530,0.0001983281399589032,27725
14531,0.00019833416445180774,24183
14532,0.0001983351685339585,8108
14533,0.00019834058184642345,3194
14534,0.000198346097022295,14047
14535,0.00019835052080452442,6048
14536,0.00019835417333524674,23216
14537,0.00019835458078887314,19406
14538,0.00019835687999147922,16475
14539,0.00019836665887851268,27408
14540,0.0001983673864742741,25048
14541,0.000198367444681935,524
14542,0.00019837469153571874,3923
14543,0.00019838256412185729,22215
14544,0.0001983859547181055,26821
14545,0.0001983860565815121,21135
14546,0.0001983866823138669,5669
14547,0.00019838685693684965,25776
14548,0.0001983869879040867,5406
14549,0.00019838838488794863,15768
14550,0.00019838935986626893,2660
14551,0.00019839107699226588,26010
14552,0.0001983921101782471,12403
14553,0.00019839650485664606,25935
14554,0.0001983979163924232,19887
14555,0.00019839838205371052,18315
14556,0.0001983996044145897,16033
14557,0.0001984060654649511,8772
14558,0.00019840757886413485,10025
14559,0.0001984119153348729,15979
14560,0.00019841290486510843,20486
14561,0.0001984155096579343,3167
14562,0.0001984163245651871,340
14563,0.00019841748871840537,12853
14564,0.00019841779430862516,13325
14565,0.00019841798348352313,16765
14566,0.00019842527399305254,22228
14567,0.00019842710753437132,12336
14568,0.00019843062909785658,14634
14569,0.00019843208428937942,25140
14570,0.00019843281188514084,9616
14571,0.00019843570771627128,11799
14572,0.0001984360278584063,19525
14573,0.0001984360278584063,19859
14574,0.00019843668269459158,4536
14575,0.00019843681366182864,12742
14576,0.00019843742484226823,27390
14577,0.00019844096095766872,16584
14578,0.00019844352209474891,5704
14579,0.00019844564667437226,10300
14580,0.00019844574853777885,16735
14581,0.0001984465925488621,852
14582,0.00019844734924845397,8883
14583,0.0001984529080800712,26816
14584,0.00019845445058308542,21667
14585,0.00019845712813548744,18870
14586,0.00019845907809212804,19028
14587,0.0001984603877644986,23282
14588,0.00019846230861730874,24073
14589,0.0001984685513889417,21504
14590,0.00019846856594085693,27260
14591,0.000198469017050229,3048
14592,0.0001984691189136356,15013
14593,0.00019846961367875338,7586
14594,0.00019847112707793713,2744
14595,0.00019847355724778026,14669
14596,0.00019847792282234877,17082
14597,0.00019847862131427974,21513
14598,0.00019848528609145433,15286
14599,0.00019848924421239644,20547
14600,0.00019849068485200405,18311
14601,0.00019849149975925684,26860
14602,0.00019849844102282077,20302
14603,0.00019850375247187912,26862
14604,0.00019850987882819027,23929
14605,0.00019851003889925778,14864
14606,0.00019851150864269584,4919
14607,0.00019851286197081208,18095
14608,0.00019851411343552172,26307
14609,0.00019851540855597705,15972
14610,0.00019852137484122068,27414
14611,0.0001985213893931359,22340
14612,0.00019852857803925872,1389
14613,0.00019853119738399982,7472
14614,0.0001985323178814724,24638
14615,0.00019853484991472214,5852
14616,0.00019853586854878813,18990
14617,0.00019853597041219473,15853
14618,0.00019853866251651198,26692
14619,0.00019854078709613532,23054
14620,0.00019854182028211653,27588
14621,0.00019854193669743836,4562
14622,0.00019854336278513074,6945
14623,0.00019854535639751703,12177
14624,0.00019854864513035864,13001
14625,0.00019854938727803528,27783
14626,0.00019855085702147335,26093
14627,0.00019855632854159921,10537
14628,0.00019855739083141088,22103
14629,0.00019856111612170935,17670
14630,0.00019856281869579107,13376
14631,0.00019857040024362504,1487
14632,0.00019857251027133316,12501
14633,0.00019857252482324839,21963
14634,0.00019857306324411184,25961
14635,0.0001985778217203915,18951
14636,0.00019857836014125496,26675
14637,0.00019858477753587067,22205
14638,0.00019858547602780163,27372
14639,0.00019858792074956,9100
14640,0.00019859183521475643,14324
14641,0.00019859214080497622,15016
14642,0.00019859219901263714,21448
14643,0.0001985951530514285,12321
14644,0.00019859574967995286,7411
14645,0.00019859860185533762,11080
14646,0.00019859898020513356,8058
14647,0.00019861107284668833,12136
14648,0.0001986170536838472,8275
14649,0.00019862350018229336,19145
14650,0.0001986239367397502,6570
14651,0.00019862496992573142,729
14652,0.0001986268034670502,12511
14653,0.0001986301940632984,2556
14654,0.0001986304414458573,12473
14655,0.00019863064517267048,6773
14656,0.00019863432680722326,16403
14657,0.0001986347051570192,11070
14658,0.00019863953639287502,18832
14659,0.00019864068599417806,21620
14660,0.00019864308706019074,12112
14661,0.00019864669593516737,24149
14662,0.00019864692876581103,17721
14663,0.0001986480929190293,1383
14664,0.00019865077047143131,13020
14665,0.0001986510178539902,3757
14666,0.00019865509239025414,17937
14667,0.00019865890499204397,2627
14668,0.00019866268849000335,24092
14669,0.00019866329967044294,1345
14670,0.00019866367802023888,17417
14671,0.0001986679417314008,5465
14672,0.0001986724673770368,6307
14673,0.00019867626542691141,23522
14674,0.00019867684750352055,2135
14675,0.00019867865194100887,1926
14676,0.00019868054368998855,5280
14677,0.0001986831775866449,24833
14678,0.00019868613162543625,13159
14679,0.0001986868301173672,2371
14680,0.00019868816889356822,7033
14681,0.00019869787502102554,4081
14682,0.0001987018040381372,22836
14683,0.0001987027353607118,11803
14684,0.0001987051946343854,4411
14685,0.00019870656251441687,25615
14686,0.00019870686810463667,4850
14687,0.00019870915275532752,5899
14688,0.00019870988035108894,7276
14689,0.00019871281983796507,14774
14690,0.00019871341646648943,7040
14691,0.00019871408585458994,18293
14692,0.00019871530821546912,6700
14693,0.00019871741824317724,248
14694,0.00019872230768669397,16895
14695,0.00019872364646289498,25602
14696,0.0001987247378565371,24450
14697,0.0001987264840863645,16463
14698,0.0001987268915399909,22484
14699,0.0001987343275686726,3252
14700,0.0001987343275686726,6689
14701,0.0001987357682082802,16424
14702,0.00019873722339980304,2309
14703,0.00019873728160746396,11991
14704,0.00019873789278790355,7202
14705,0.00019873878045473248,26789
14706,0.0001987406430998817,14626
14707,0.00019874174904543906,2435
14708,0.00019874521240126342,15093
14709,0.00019874701683875173,18591
14710,0.00019874837016686797,21871
14711,0.0001987484865821898,471
14712,0.00019875075668096542,11246
14713,0.00019875250291079283,21081
14714,0.0001987539289984852,2530
14715,0.000198756591998972,20881
14716,0.00019875666475854814,11135
14717,0.00019875938596669585,10636
14718,0.00019876091391779482,19870
14719,0.00019876482838299125,19539
14720,0.00019876669102814049,13872
14721,0.00019876814621966332,9113
14722,0.0001987682917388156,25485
14723,0.00019876852456945926,10210
14724,0.00019877216254826635,14673
14725,0.0001987744908547029,16564
14726,0.0001987749128602445,22324
14727,0.00019877638260368258,13249
14728,0.0001987772702705115,25703
14729,0.00019877734303008765,6886
14730,0.00019877996237482876,11336
14731,0.0001987803407246247,19400
14732,0.0001987809082493186,7430
14733,0.00019878258171956986,7336
14734,0.00019878961029462516,13242
14735,0.00019879036699421704,6415
14736,0.00019879307365044951,26536
14737,0.00019879730825778097,791
14738,0.00019879992760252208,18145
14739,0.00019880036415997893,3919
14740,0.0001988033327506855,11518
14741,0.00019880339095834643,18887
14742,0.0001988041476579383,17855
14743,0.00019880456966347992,592
14744,0.00019880510808434337,5364
14745,0.00019880832405760884,21945
14746,0.00019880908075720072,15514
14747,0.00019881089974660426,18976
14748,0.00019881162734236568,10661
14749,0.00019882262859027833,2893
14750,0.0001988239528145641,21739
14751,0.00019882518972735852,19689
14752,0.00019882895867340267,21455
14753,0.0001988290750887245,25778
14754,0.00019882914784830064,12638
14755,0.0001988323638215661,3723
14756,0.00019883505592588335,7800
14757,0.00019883587083313614,7726
14758,0.0001988407748285681,18428
14759,0.00019884126959368587,25501
14760,0.00019884240464307368,19670
14761,0.00019884752691723406,10629
14762,0.0001988481089938432,7243
14763,0.0001988510339288041,3818
14764,0.00019885104848071933,27017
14765,0.00019885384244844317,18715
14766,0.00019885454094037414,12698
14767,0.00019885807705577463,5927
14768,0.00019885841174982488,23127
14769,0.0001988606236409396,16039
14770,0.0001988642761716619,10705
14771,0.00019886709924321622,19075
14772,0.00019886827794834971,25066
14773,0.00019886968948412687,16793
14774,0.00019887184316758066,4742
14775,0.00019887223606929183,16894
14776,0.00019887567032128572,14417
14777,0.00019887842063326389,24975
14778,0.00019887859525624663,172
14779,0.00019888047245331109,18348
14780,0.00019888060342054814,6511
14781,0.000198883397388272,15303
14782,0.0001988840231206268,12994
14783,0.00019888454698957503,10626
14784,0.00019888948008883744,26351
14785,0.00019889390387106687,14248
14786,0.00019889524264726788,5070
14787,0.0001988954609259963,24595
14788,0.00019889783288817853,9719
14789,0.00019889857503585517,18426
14790,0.00019889949180651456,20246
14791,0.00019890264957211912,7677
14792,0.00019890711701009423,25824
14793,0.00019890810654032975,6099
14794,0.0001989086449611932,14196
14795,0.00019891414558514953,14802
14796,0.00019891552801709622,18255
14797,0.0001989169541047886,2203
14798,0.00019891778356395662,5908
14799,0.00019892230920959264,2496
14800,0.0001989237789530307,19394
14801,0.00019892405543942004,13102
14802,0.00019893041462637484,2804
14803,0.00019893056014552712,5883
14804,0.00019893154967576265,2346
14805,0.0001989371667150408,9989
14806,0.0001989379379665479,16509
14807,0.00019894195429515094,19258
14808,0.00019894249271601439,6429
14809,0.00019894370052497834,13303
14810,0.00019894381694030017,1208
14811,0.00019894682918675244,12028
14812,0.0001989491138374433,604
14813,0.00019894989964086562,11890
14814,0.00019895182049367577,9972
14815,0.00019896078447345644,12420
14816,0.00019896139565389603,151
14817,0.0001989619486266747,24478
14818,0.00019896586309187114,25727
14819,0.0001989690208574757,15807
14820,0.00019896939920727164,1893
14821,0.0001989746670005843,16742
14822,0.00019897827587556094,26601
14823,0.00019898120081052184,18613
14824,0.0001989821612369269,5819
14825,0.00019898264145012945,16298
14826,0.00019898531900253147,23550
14827,0.0001989880547625944,20047
14828,0.0001990021555684507,23530
14829,0.00019900218467228115,3944
14830,0.0001990089367609471,13389
14831,0.00019901191990356892,25663
14832,0.00019901465566363186,22012
14833,0.00019901989435311407,21310
14834,0.00019902028725482523,15779
14835,0.00019902308122254908,4893
14836,0.00019902530766557902,18732
14837,0.0001990255550481379,15101
14838,0.00019902685016859323,13550
14839,0.00019902773783542216,27197
14840,0.00019902962958440185,25132
14841,0.00019902964413631707,960
14842,0.00019903435895685107,5838
14843,0.00019903623615391552,9738
14844,0.0001990372547879815,13913
14845,0.00019903742941096425,26595
14846,0.00019904137297999114,2903
14847,0.00019904592772945762,21993
14848,0.0001990495657082647,16806
14849,0.00019905187946278602,21709
14850,0.0001990558230318129,1918
14851,0.00019905621593352407,7379
14852,0.00019905708904843777,6708
14853,0.00019906050874851644,24436
14854,0.00019906702800653875,11109
14855,0.00019906814850401133,2872
14856,0.00019907011301256716,7063
14857,0.00019907559908460826,23502
14858,0.00019908191461581737,7391
14859,0.0001990842865779996,6325
14860,0.00019908873946405947,9849
14861,0.00019908907415810972,11254
14862,0.00019909520051442087,27622
14863,0.00019909589900635183,13360
14864,0.00019909592811018229,13950
14865,0.0001991041499422863,26215
14866,0.00019910647824872285,20692
14867,0.00019910791888833046,10867
14868,0.00019911130948457867,17041
14869,0.00019911135314032435,15554
14870,0.00019911161507479846,16514
14871,0.0001991137833101675,23651
14872,0.00019911419076379389,9435
14873,0.00019911714480258524,943
14874,0.00019911870185751468,319
14875,0.00019912337302230299,8593
14876,0.0001991234894376248,22332
14877,0.00019912642892450094,11647
14878,0.00019912805873900652,22372
14879,0.00019912973220925778,8416
14880,0.00019913013966288418,775
14881,0.0001991307217394933,27129
14882,0.000199134461581707,13218
14883,0.00019913550931960344,19358
14884,0.00019913612050004303,27314
14885,0.00019913895812351257,1567
14886,0.00019913919095415622,9856
14887,0.0001991411845665425,22623
14888,0.00019914614676963538,25201
14889,0.00019914684526156634,13340
14890,0.00019915668235626072,25249
14891,0.00019915794837288558,10954
14892,0.0001991604221984744,23032
14893,0.00019916244491469115,27022
14894,0.00019916810560971498,26788
14895,0.00019917270401492715,9043
14896,0.00019917331519536674,20795
14897,0.00019917651661671698,6685
14898,0.00019917819008696824,3805
14899,0.00019917829195037484,17284
14900,0.00019918347243219614,4634
14901,0.0001991883182199672,12335
14902,0.0001991891476791352,11978
14903,0.0001991891913348809,4049
14904,0.00019919143232982606,3900
14905,0.00019919300393667072,503
14906,0.0001991991011891514,4533
14907,0.00019920231716241688,10249
14908,0.00019920441263820976,22371
14909,0.00019920514023397118,9855
14910,0.00019920573686249554,10647
14911,0.0001992098696064204,585
14912,0.00019921030616387725,5276
14913,0.00019921829516533762,4140
14914,0.00019922245701309294,461
14915,0.00019922517822124064,10901
14916,0.0001992280886042863,21047
14917,0.0001992285979213193,16729
14918,0.00019923436047974974,10723
14919,0.00019923884246964008,9248
14920,0.00019924028310924768,8610
14921,0.00019924422667827457,26599
14922,0.00019925032393075526,19454
14923,0.00019925035303458571,26988
14924,0.00019925269589293748,14404
14925,0.0001992553152376786,24543
14926,0.00019925668311771005,26720
14927,0.00019925797823816538,24892
14928,0.00019927206449210644,20959
14929,0.00019927782705053687,3257
14930,0.00019927827815990895,16191
14931,0.0001992790785152465,25614
14932,0.00019928146502934396,1853
14933,0.00019928193069063127,22759
14934,0.00019928607798647135,19671
14935,0.00019928801339119673,10081
14936,0.0001992885663639754,1931
14937,0.00019928895926568657,12833
14938,0.00019928981782868505,5336
14939,0.0001992937468457967,20209
14940,0.00019929409609176219,24846
14941,0.0001992952893488109,7227
14942,0.00019929638074245304,823
14943,0.00019930070266127586,16629
14944,0.00019930362759623677,23930
14945,0.00019930388953071088,20905
14946,0.00019930505368392915,6799
14947,0.0001993055921047926,8141
14948,0.00019931080169044435,1737
14949,0.00019931259157601744,5620
14950,0.00019931588030885905,3662
14951,0.00019932285067625344,9921
14952,0.00019932285067625344,16816
14953,0.00019932737632188946,9148
14954,0.00019933763542212546,16246
14955,0.0001993416080949828,15298
14956,0.00019934677402488887,3831
14957,0.00019935746968258172,14730
14958,0.00019936021999455988,13648
14959,0.0001993626938201487,9829
14960,0.0001993627956835553,20584
14961,0.00019936419266741723,9382
14962,0.0001993694604607299,6412
14963,0.0001993711048271507,26310
14964,0.00019937331671826541,19633
14965,0.0001993773621506989,4050
14966,0.00019937778415624052,21648
14967,0.00019937855540774763,23724
14968,0.0001993811602005735,15632
14969,0.00019938216428272426,20924
14970,0.00019938271725550294,16397
14971,0.00019938689365517348,15810
14972,0.00019938775221817195,4961
14973,0.00019938862533308566,22105
14974,0.0001993991172639653,19960
14975,0.00019940122729167342,7087
14976,0.00019940632046200335,20167
14977,0.0001994077319977805,17389
14978,0.00019940848869737238,7954
14979,0.00019940866332035512,58
14980,0.0001994107005884871,23288
14981,0.0001994129124796018,26359
14982,0.000199413625523448,9368
14983,0.00019941394566558301,21121
14984,0.00019941422215197235,646
14985,0.0001994146005017683,9146
14986,0.0001994177291635424,22424
14987,0.00019942139624617994,4814
14988,0.00019942432118114084,12010
14989,0.00019942926883231848,23208
14990,0.00019943523511756212,21954
14991,0.0001994384656427428,16654
14992,0.00019943970255553722,4454
14993,0.0001994476479012519,11093
14994,0.00019945080566685647,6261
14995,0.00019945211533922702,19328
14996,0.0001994533813558519,21756
14997,0.00019945413805544376,21112
14998,0.00019945634994655848,18058
14999,0.00019945699023082852,25222
15000,0.00019946073007304221,10014
15001,0.00019946121028624475,3110
15002,0.00019946391694247723,15368
15003,0.00019946694374084473,24591
15004,0.00019947212422266603,9184
15005,0.00019947494729422033,9962
15006,0.00019947557302657515,9295
15007,0.00019947573309764266,3731
15008,0.00019947598048020154,9904
15009,0.00019947710097767413,1961
15010,0.00019947931286878884,21969
15011,0.00019948311091866344,11973
15012,0.00019948682165704668,4419
15013,0.00019949318084400147,26911
15014,0.00019949419947806746,25261
15015,0.0001994980120798573,24466
15016,0.00019950084970332682,3248
15017,0.0001995068887481466,21458
15018,0.00019950872228946537,8361
15019,0.000199521251488477,22106
15020,0.00019952277943957597,6446
15021,0.00019952298316638917,23991
15022,0.0001995266356971115,19436
15023,0.00019952871662098914,153
15024,0.00019953046285081655,4937
15025,0.00019953241280745715,4795
15026,0.00019953348964918405,6575
15027,0.00019953417358919978,14467
15028,0.00019953651644755155,13107
15029,0.00019953712762799114,16258
15030,0.00019954204617533833,27411
15031,0.00019954447634518147,1795
15032,0.0001995463971979916,9514
15033,0.00019954646995756775,1359
15034,0.00019954901654273272,5045
15035,0.00019954949675593525,506
15036,0.0001995572674786672,22301
15037,0.0001995587517740205,24929
15038,0.00019956172036472708,23828
15039,0.00019956209871452302,21299
15040,0.0001995668571908027,2953
15041,0.0001995669153984636,1956
15042,0.00019956786127295345,23674
15043,0.00019956807955168188,14713
15044,0.00019956979667767882,818
15045,0.00019957082986366004,2319
15046,0.00019958104530815035,18077
15047,0.0001995813800022006,11546
15048,0.00019958618213422596,22682
15049,0.00019958874327130616,7429
15050,0.00019958896155003458,13341
15051,0.00019959223573096097,8982
15052,0.0001995932834688574,22531
15053,0.0001995937927858904,2846
15054,0.00019959494238719344,1140
15055,0.00019959504425060004,20252
15056,0.0001995953789446503,20972
15057,0.000199596252059564,18567
15058,0.00019960022473242134,27774
15059,0.00019960038480348885,3557
15060,0.00019960448844358325,10651
15061,0.00019960479403380305,24174
15062,0.00019960907229688019,1743
15063,0.00019961211364716291,17924
15064,0.00019961578072980046,17630
15065,0.00019961658108513802,26825
15066,0.0001996170321945101,7783
15067,0.0001996172359213233,13857
15068,0.00019961773068644106,10362
15069,0.00019962058286182582,26352
15070,0.0001996224164031446,9682
15071,0.00019962785881944,15777
15072,0.0001996309874812141,4930
15073,0.00019963142403867096,9647
15074,0.00019963325757998973,13457
15075,0.00019963449449278414,24849
15076,0.0001996358623728156,4244
15077,0.00019963833619840443,2918
15078,0.00019964153761975467,5966
15079,0.00019964321109000593,11886
15080,0.0001996438659261912,14313
15081,0.00019964546663686633,12502
15082,0.00019964746024925262,25274
15083,0.00019964764942415059,13407
15084,0.00019964855164289474,25300
15085,0.00019965085084550083,7277
15086,0.00019965112733189017,15463
15087,0.00019965585670433939,6589
15088,0.00019965636602137238,25507
15089,0.00019965767569374293,1478
15090,0.000199658126803115,27326
15091,0.0001996631472138688,22306
15092,0.00019966777472291142,18515
15093,0.00019966989930253476,20894
15094,0.00019967138359788805,13832
15095,0.000199673610040918,16882
15096,0.0001996762293856591,4717
15097,0.00019967745174653828,13122
15098,0.00019967919797636569,4044
15099,0.00019967948901467025,8248
15100,0.00019968225387856364,12727
15101,0.000199682850507088,20679
15102,0.00019968401466030627,12517
15103,0.00019968781271018088,14537
15104,0.0001996921782847494,2246
15105,0.00019969383720308542,9166
15106,0.0001997012586798519,5982
15107,0.00019970128778368235,5755
15108,0.000199702029931359,22000
15109,0.00019970400899183005,20636
15110,0.00019970558059867471,7423
15111,0.00019970968423876911,14029
15112,0.0001997106010094285,3839
15113,0.00019971068832091987,12019
15114,0.0001997175713768229,6980
15115,0.0001997191138798371,23424
15116,0.00019972215523011982,27764
15117,0.00019973097369074821,22058
15118,0.00019973161397501826,8640
15119,0.00019973184680566192,7331
15120,0.00019973628513980657,10609
15121,0.00019974078168161213,16749
15122,0.00019974175665993243,17366
15123,0.000199745743884705,5195
15124,0.00019975018221884966,13951
15125,0.00019975118630100042,13919
15126,0.0001997514918912202,11386
15127,0.00019975208851974458,18708
15128,0.00019975655595771968,16527
15129,0.00019975918985437602,1061
15130,0.00019975950999651104,6509
15131,0.0001997600484173745,14546
15132,0.00019976182375103235,24797
15133,0.00019976560724899173,7046
15134,0.00019976674229837954,15780
15135,0.0001997745712287724,24140
15136,0.0001997798535740003,16041
15137,0.00019978029013145715,9712
15138,0.00019978565978817642,1386
15139,0.00019979823264293373,1754
15140,0.0001997988292714581,21536
15141,0.00019979926582891494,9918
15142,0.0001998011430259794,26828
15143,0.00019980179786216468,24054
15144,0.00019980224897153676,8105
15145,0.0001998035586439073,13641
15146,0.00019980546494480222,14987
15147,0.00019980577053502202,19383
15148,0.000199809655896388,573
15149,0.0001998104271478951,7070
15150,0.00019981182413175702,6573
15151,0.00019981677178293467,15027
15152,0.00019981748482678086,16800
15153,0.0001998195657506585,20549
15154,0.00019982147205155343,13997
15155,0.0001998230436583981,4898
15156,0.00019982378580607474,17749
15157,0.00019983031961601228,7997
15158,0.00019983609672635794,16824
15159,0.00019983886159025133,26900
15160,0.00019984164100605994,1818
15161,0.00019984293612651527,8285
15162,0.0001998441875912249,10349
15163,0.00019984683603979647,367
15164,0.00019985195831395686,23225
15165,0.0001998545485548675,9246
15166,0.00019985472317785025,5556
15167,0.00019985744438599795,10456
15168,0.0001998602965613827,561
15169,0.0001998635707423091,18867
15170,0.0001998724474105984,12780
15171,0.00019987298583146185,5367
15172,0.0001998757797991857,9554
15173,0.00019987646373920143,16530
15174,0.00019988273561466485,4957
15175,0.00019988442363683134,24873
15176,0.0001998909719986841,14659
15177,0.00019989151041954756,1910
15178,0.00019989267457276583,27652
15179,0.00019989311113022268,23576
15180,0.000199895745026879,5977
15181,0.0001998963562073186,11209
15182,0.00019989858265034854,20140
15183,0.00019990581495221704,5799
15184,0.00019990930741187185,27185
15185,0.0001999104570131749,21789
15186,0.00019991665612906218,17856
15187,0.00019991685985587537,18252
15188,0.00019992096349596977,20448
15189,0.00019992480520159006,24318
15190,0.00019992551824543625,7825
15191,0.00019992813759017736,3359
15192,0.00019992819579783827,19854
15193,0.00019993007299490273,27353
15194,0.00019993538444396108,17286
15195,0.0001999425294343382,13481
15196,0.00019994730246253312,11730
15197,0.00019994776812382042,5623
15198,0.00019994865579064935,23734
15199,0.00019994977628812194,18137
15200,0.00019995248294435441,2635
15201,0.00019995465117972344,21556
15202,0.00019995956972707063,21349
15203,0.0001999650994548574,23675
15204,0.0001999654487008229,8279
15205,0.0001999661180889234,14273
15206,0.00019996757328044623,19719
15207,0.00019997336494270712,22842
15208,0.00019997803610749543,26285
15209,0.00019998018979094923,11009
15210,0.00019998390052933246,11888
15211,0.00019998493371531367,26420
15212,0.00019998513744212687,16640
15213,0.0001999855157919228,17573
15214,0.00019998893549200147,11490
15215,0.00019999107462354004,17658
15216,0.00019999871437903494,19997
15217,0.00020000070799142122,771
15218,0.00020000344375148416,8639
15219,0.0002000049571506679,23418
15220,0.0002000056701945141,27671
15221,0.00020002553355880082,20286
15222,0.0002000269159907475,8972
15223,0.00020003282406833023,16503
15224,0.00020003602548968047,23680
15225,0.00020004218094982207,16420
15226,0.00020004776888526976,1516
15227,0.00020005197438877076,17983
15228,0.0002000526583287865,19232
15229,0.00020005900296382606,13090
15230,0.00020006197155453265,11429
15231,0.00020006335398647934,12134
15232,0.00020006440172437578,1938
15233,0.0002000648673856631,21013
15234,0.00020006528939120471,20904
15235,0.00020006649720016867,14949
15236,0.0002000803069677204,18950
15237,0.0002000826207222417,10875
15238,0.00020008363935630769,3328
15239,0.0002000843087444082,26817
15240,0.00020008608407806605,26768
15241,0.00020008768478874117,27461
15242,0.00020008889259770513,2875
15243,0.00020009084255434573,23767
15244,0.00020009194849990308,24766
15245,0.00020009337458759546,20918
15246,0.00020009458239655942,3874
15247,0.00020009551371913403,3388
15248,0.00020009849686175585,22544
15249,0.00020010209118481725,11042
15250,0.0002001034445129335,18272
15251,0.00020010453590657562,21890
15252,0.00020011214655824006,8488
15253,0.00020011723972856998,14712
15254,0.00020011821470689029,26251
15255,0.00020011997548863292,5450
15256,0.0002001214015763253,5206
15257,0.0002001270477194339,20497
15258,0.00020013096218463033,15512
15259,0.0002001348475459963,21694
15260,0.00020013563334941864,7645
15261,0.00020013698667753488,27219
15262,0.00020014360779896379,22641
15263,0.0002001495158765465,5094
15264,0.00020014967594761401,16954
15265,0.0002001501270569861,20114
15266,0.0002001508546527475,26955
15267,0.00020015242625959218,12542
15268,0.00020015359041281044,20321
15269,0.000200153881451115,6970
15270,0.00020015622430946678,10149
15271,0.00020015791233163327,954
15272,0.00020015882910229266,23910
15273,0.0002001590619329363,8282
15274,0.00020017048518639058,1920
15275,0.00020017329370602965,12922
15276,0.00020017432689201087,17324
15277,0.00020017661154270172,243
15278,0.00020018113718833774,22174
15279,0.00020018160284962505,12041
15280,0.0002001987595576793,1178
15281,0.00020020136435050517,4776
15282,0.0002002015826292336,15243
15283,0.00020020367810502648,14479
15284,0.00020020469673909247,247
15285,0.00020020500232931226,17245
15286,0.00020021207456011325,24006
15287,0.00020021216187160462,8741
15288,0.00020021309319417924,15661
15289,0.0002002141554839909,20033
15290,0.00020021421369165182,10637
15291,0.00020021424279548228,17955
15292,0.00020021764794364572,10571
15293,0.00020021875388920307,14019
15294,0.00020022013632114977,26870
15295,0.0002002208202611655,21362
15296,0.0002002239052671939,8751
15297,0.00020022391981910914,16645
15298,0.00020022444368805736,16096
15299,0.00020022655371576548,19434
15300,0.00020022853277623653,9575
15301,0.0002002301625907421,6467
15302,0.00020023078832309693,15876
15303,0.0002002310357056558,8881
15304,0.00020023209799546748,27623
15305,0.00020023340766783804,18038
15306,0.00020023493561893702,9091
15307,0.00020023706019856036,21834
15308,0.00020023768593091518,4812
15309,0.00020023818069603294,25051
15310,0.0002002390829147771,3033
15311,0.00020023935940116644,13658
15312,0.0002002417459152639,15953
15313,0.00020024894911330193,6342
15314,0.0002002496039494872,23105
15315,0.000200256472453475,15184
15316,0.0002002565306611359,24045
15317,0.00020025922276545316,10458
15318,0.0002002659166464582,13978
15319,0.00020026700804010034,12212
15320,0.00020027295977342874,14021
15321,0.0002002732508117333,12891
15322,0.00020027454593218863,15191
15323,0.00020027547725476325,11958
15324,0.00020027828577440232,14605
15325,0.0002002994151553139,22021
15326,0.00020030302403029054,12720
15327,0.0002003039262490347,24705
15328,0.00020030757877975702,3941
15329,0.00020030818996019661,3387
15330,0.00020031619351357222,13378
15331,0.0002003186964429915,23367
15332,0.00020033035252708942,16071
15333,0.00020033361215610057,22392
15334,0.00020033933105878532,14995
15335,0.0002003398403758183,5471
15336,0.00020034221233800054,6241
15337,0.00020034237240906805,26358
15338,0.00020034251792822033,23833
15339,0.00020035005582030863,15351
15340,0.00020035287889186293,26258
15341,0.00020035752095282078,8780
15342,0.0002003592817345634,1986
15343,0.00020036104251630604,18544
15344,0.00020036165369674563,6242
15345,0.00020036177011206746,920
15346,0.00020036468049511313,4285
15347,0.00020036475325468928,23777
15348,0.0002003675908781588,2350
15349,0.00020037048670928925,20374
15350,0.00020037117064930499,8374
15351,0.00020037130161654204,14414
15352,0.00020037162175867707,21355
15353,0.00020037357171531767,11674
15354,0.0002003774861805141,16029
15355,0.00020037853391841054,20852
15356,0.00020038361253682524,5154
15357,0.0002003845147555694,1320
15358,0.00020038674119859934,8886
15359,0.00020039264927618206,17319
15360,0.00020039327500853688,11263
15361,0.00020039502123836428,2944
15362,0.00020039558876305819,7760
15363,0.00020039857190568,23146
15364,0.00020039902301505208,25534
15365,0.000200401758775115,11317
15366,0.00020040333038195968,3763
15367,0.00020041190146002918,71
15368,0.00020041603420395404,3940
15369,0.0002004171401495114,5372
15370,0.00020041716925334185,16639
15371,0.00020042035612277687,5146
15372,0.00020042574033141136,18242
15373,0.0002004267880693078,13628
15374,0.00020043115364387631,8798
15375,0.00020043332187924534,3891
15376,0.00020043729455210268,2567
15377,0.00020043808035552502,3518
15378,0.00020044462871737778,7694
15379,0.00020044477423653007,26092
15380,0.00020044580742251128,3193
15381,0.000200446491362527,11656
15382,0.00020044796110596508,7425
15383,0.00020044829580001533,5786
15384,0.00020045421842951328,1758
15385,0.00020045539713464677,14806
15386,0.0002004571579163894,13018
15387,0.00020045734709128737,25609
15388,0.0002004579291678965,1004
15389,0.0002004590496653691,25204
15390,0.0002004596753977239,4056
15391,0.0002004653069889173,24198
15392,0.00020047063298989087,12643
15393,0.00020047368889208883,2399
15394,0.00020048076112288982,15966
15395,0.00020048140140715986,4054
15396,0.00020048246369697154,13874
15397,0.0002004843991016969,26096
15398,0.0002004845009651035,27640
15399,0.0002004872658289969,18180
15400,0.0002004887501243502,15908
15401,0.00020049621525686234,24925
15402,0.00020049672457389534,690
15403,0.0002004980342462659,20663
15404,0.00020050093007739633,17894
15405,0.00020050191960763186,4616
15406,0.0002005027054110542,14315
15407,0.0002005121932597831,23797
15408,0.00020051309547852725,16821
15409,0.00020051623869221658,3463
15410,0.00020051673345733434,3445
15411,0.00020051792671438307,7343
15412,0.0002005197457037866,21019
15413,0.00020052093896083534,25165
15414,0.00020052296167705208,12807
15415,0.0002005365677177906,24254
15416,0.00020053803746122867,25323
15417,0.0002005426213145256,11106
15418,0.0002005449787247926,13994
15419,0.000200552269234322,11388
15420,0.00020055240020155907,13222
15421,0.00020055548520758748,11008
15422,0.00020055618369951844,4675
15423,0.00020055720233358443,2370
15424,0.0002005575515795499,2673
15425,0.00020055766799487174,20332
15426,0.00020055801724083722,6135
15427,0.00020056361972820014,15223
15428,0.0002005675050895661,9527
15429,0.00020057003712281585,15113
15430,0.00020057137589901686,5890
15431,0.000200571448658593,7779
15432,0.00020057383517269045,6438
15433,0.000200574315385893,25361
15434,0.00020057489746250212,18535
15435,0.00020057610527146608,9570
15436,0.00020057875372003764,5753
15437,0.00020057972869835794,22140
15438,0.0002005812420975417,7049
15439,0.0002005822752835229,23645
15440,0.00020058291556779295,2089
15441,0.00020058303198311478,1427
15442,0.00020058361405972391,25239
15443,0.00020058912923559546,19283
15444,0.00020059209782630205,20901
15445,0.00020059896633028984,23426
15446,0.00020059954840689898,9741
15447,0.00020060107635799795,6879
15448,0.00020060778479091823,1083
15449,0.00020061322720721364,24904
15450,0.00020061369286850095,25265
15451,0.00020061637042090297,5220
15452,0.00020061852410435677,1246
15453,0.00020062262774445117,18313
15454,0.00020062265684828162,26504
15455,0.00020062405383214355,18127
15456,0.00020062513067387044,27710
15457,0.00020062558178324252,734
15458,0.0002006276190513745,12966
15459,0.00020062878320459276,22553
15460,0.000200630645849742,25959
15461,0.00020063707779627293,11288
15462,0.00020063744159415364,27223
15463,0.0002006378781516105,13943
15464,0.00020063816918991506,21207
15465,0.0002006382419494912,6333
15466,0.00020064292766619474,11748
15467,0.00020064513955730945,15758
15468,0.00020064626005478203,24037
15469,0.00020064777345396578,14657
15470,0.00020065308490302414,26607
15471,0.00020065442367922515,2476
15472,0.0002006544527830556,19686
15473,0.00020065628632437438,19942
15474,0.00020065635908395052,11151
15475,0.00020065675198566169,2349
15476,0.00020066174329258502,343
15477,0.00020066581782884896,14441
15478,0.0002006660506594926,10983
15479,0.00020066936849616468,18256
15480,0.00020066993602085859,5118
15481,0.00020067200239282101,15958
15482,0.00020067434525117278,18595
15483,0.000200681432033889,21106
15484,0.00020069480524398386,9466
15485,0.00020070311438757926,25131
15486,0.00020070608297828585,10306
15487,0.00020070864411536604,5618
15488,0.0002007092407438904,6222
15489,0.0002007100556511432,25298
15490,0.00020071299513801932,20505
15491,0.00020071490143891424,6976
15492,0.00020071624021511525,25642
15493,0.00020071891776751727,17039
15494,0.00020071983453817666,27335
15495,0.00020072190091013908,801
15496,0.0002007264702115208,2950
15497,0.00020072695042472333,7274
15498,0.00020072702318429947,4307
15499,0.00020072890038136393,12943
15500,0.00020073415362276137,4015
15501,0.00020073696214240044,16489
15502,0.00020073773339390755,1778
15503,0.00020073799532838166,12038
15504,0.00020074193889740855,2945
15505,0.00020074455824214965,16586
15506,0.0002007487928494811,12779
15507,0.00020075487555004656,26735
15508,0.00020075539941899478,3091
15509,0.0002007565344683826,15126
15510,0.00020076111832167953,2077
15511,0.00020076298096682876,3482
15512,0.00020076852524653077,14104
15513,0.00020076918008271605,6096
15514,0.00020077297813259065,14027
15515,0.00020077842054888606,23627
15516,0.00020078313536942005,1520
15517,0.00020078421221114695,603
15518,0.0002007844886975363,12747
15519,0.00020078616216778755,18056
15520,0.00020078758825547993,18793
15521,0.00020078764646314085,11062
15522,0.0002007879375014454,20689
15523,0.00020078843226656318,15293
15524,0.0002007912698900327,597
15525,0.0002007920411415398,12897
15526,0.0002007954171858728,21679
15527,0.00020079617388546467,24299
15528,0.0002007989096455276,5271
15529,0.00020079899695701897,12286
15530,0.00020080298418179154,21639
15531,0.0002008069131989032,14603
15532,0.0002008082956308499,2679
15533,0.00020080975082237273,16956
15534,0.000200810405658558,7431
15535,0.00020081523689441383,21242
15536,0.00020081622642464936,20304
15537,0.0002008170122280717,16665
15538,0.00020081880211364478,7323
15539,0.00020082124683540314,2970
15540,0.00020082226546946913,20541
15541,0.00020082297851331532,6258
15542,0.00020082852279301733,20914
15543,0.00020083120034541935,19678
15544,0.00020083432900719345,24633
15545,0.00020083754498045892,18107
15546,0.00020083833078388125,10262
15547,0.0002008386654779315,9610
15548,0.00020084813877474517,26889
15549,0.00020085055439267308,11125
15550,0.00020085096184629947,6454
15551,0.0002008510346058756,9088
15552,0.00020085493451915681,241
15553,0.0002008606679737568,6572
15554,0.00020086219592485577,22520
15555,0.00020086276344954967,8815
15556,0.00020086341828573495,7551
15557,0.00020086510630790144,14721
15558,0.00020086918084416538,5555
15559,0.00020087035954929888,17535
15560,0.00020087424491066486,7403
15561,0.00020087520533706993,8726
15562,0.0002008789888350293,9756
15563,0.00020087983284611255,13714
15564,0.00020088076416868716,25456
15565,0.00020088182645849884,17854
15566,0.00020088230667170137,5405
15567,0.0002008849405683577,13879
15568,0.0002008860174100846,22222
15569,0.0002008864830713719,24687
15570,0.000200892987777479,22008
15571,0.00020089372992515564,25596
15572,0.00020089751342311502,15361
15573,0.00020089896861463785,24057
15574,0.00020090170437470078,22572
15575,0.0002009031450143084,14311
15576,0.00020090349426027387,17886
15577,0.00020090989710297436,8513
15578,0.0002009105810429901,2568
15579,0.0002009142772294581,697
15580,0.0002009244344662875,10201
15581,0.00020092615159228444,4472
15582,0.00020093133207410574,12437
15583,0.00020093540661036968,12374
15584,0.00020093598868697882,8698
15585,0.00020093655621167272,3155
15586,0.00020094313367735595,5880
15587,0.00020094432693440467,12092
15588,0.0002009480813285336,24493
15589,0.0002009526069741696,20911
15590,0.0002009526506299153,25643
15591,0.00020095298532396555,15240
15592,0.00020095493528060615,9764
15593,0.00020095525542274117,29
15594,0.00020095873333048075,10893
15595,0.00020096309890504926,12471
15596,0.00020096356456633657,23862
15597,0.0002009643940255046,6931
15598,0.00020096570369787514,11633
15599,0.00020096673688385636,26295
15600,0.00020096941443625838,23168
15601,0.00020097853848710656,21554
15602,0.00020098764798603952,9522
15603,0.0002009887102758512,27332
15604,0.00020099930407013744,26759
15605,0.00020100074470974505,3877
15606,0.00020100086112506688,869
15607,0.00020100201072636992,4874
15608,0.00020100211258977652,20819
15609,0.00020100217079743743,21224
15610,0.00020100249093957245,6794
15611,0.00020100318943150342,7887
15612,0.00020100547408219427,13554
15613,0.0002010101597988978,23092
15614,0.00020101043628528714,13685
15615,0.0002010141615755856,24142
15616,0.00020101628615520895,16840
15617,0.00020101686823181808,20050
15618,0.00020101937116123736,4499
15619,0.00020101992413401604,11788
15620,0.00020101996778976172,9639
15621,0.0002010205207625404,21304
15622,0.00020102866983506829,11962
15623,0.00020103166752960533,24924
15624,0.00020103556744288653,13731
15625,0.00020103619317524135,13498
15626,0.00020103638235013932,21791
15627,0.00020104431314393878,8720
15628,0.00020105573639739305,13796
15629,0.00020106042211409658,21283
15630,0.0002010642783716321,846
15631,0.00020106430747546256,26252
15632,0.00020107095770072192,11981
15633,0.00020107303862459958,27605
15634,0.0002010759199038148,2623
15635,0.00020107682212255895,667
15636,0.0002010770986089483,5446
15637,0.00020107718592043966,20893
15638,0.00020108024182263762,917
15639,0.0002010805910686031,26050
15640,0.00020108466560486704,14938
15641,0.00020108620810788125,6606
15642,0.00020108754688408226,14097
15643,0.0002010894677368924,24471
15644,0.000201089569600299,24996
15645,0.00020109057368244976,2382
15646,0.00020109128672629595,6201
15647,0.00020109335309825838,14936
15648,0.00020109463366679847,16892
15649,0.0002010948082897812,7971
15650,0.00020109734032303095,12317
15651,0.0002010980388149619,7484
15652,0.0002010986936511472,8149
15653,0.00020110134209971875,4053
15654,0.0002011025935644284,25909
15655,0.00020110279729124159,9831
15656,0.00020110431069042534,783
15657,0.0002011065953411162,20672
15658,0.00020111667981836945,19086
15659,0.0002011182950809598,22167
15660,0.00020112238416913897,11549
15661,0.00020112346101086587,6919
15662,0.0002011268661590293,17127
15663,0.00020112708443775773,24372
15664,0.00020113024220336229,4365
15665,0.00020113425853196532,10972
15666,0.0002011352771660313,23591
15667,0.00020113546634092927,18431
15668,0.00020113808568567038,17345
15669,0.00020113823120482266,11183
15670,0.0002011384058278054,5725
15671,0.00020113971550017595,3742
15672,0.0002011420438066125,22444
15673,0.00020114236394874752,17654
15674,0.00020114393555559218,27724
15675,0.00020114636572543532,8634
15676,0.00020114901417400688,11113
15677,0.00020115351071581244,5557
15678,0.0002011556935030967,26038
15679,0.0002011612814385444,19285
15680,0.0002011633914662525,10714
15681,0.0002011656470131129,20482
15682,0.00020116628729738295,2912
15683,0.00020116803352721035,12284
15684,0.00020117027452215552,6360
15685,0.00020117087115067989,17034
15686,0.00020117175881750882,5440
15687,0.00020117420353926718,13707
15688,0.00020118095562793314,23139
15689,0.00020118281827308238,13356
15690,0.000201183240278624,18456
15691,0.00020118466636631638,13326
15692,0.00020118706743232906,13443
15693,0.0002011878095800057,18450
15694,0.00020118810061831027,15809
15695,0.00020118890097364783,11335
15696,0.00020119200053159148,22252
15697,0.00020119253895245492,1175
15698,0.0002011955511989072,613
15699,0.0002012035110965371,20020
15700,0.00020121167472098023,7925
15701,0.0002012128388741985,4382
15702,0.00020121416309848428,20526
15703,0.00020121739362366498,4709
15704,0.00020121813577134162,11404
15705,0.00020122020214330405,20498
15706,0.00020122183195780963,16930
15707,0.00020122237037867308,8795
15708,0.0002012252080021426,20817
15709,0.0002012253098655492,20239
15710,0.00020122552814427763,6014
15711,0.00020122826390434057,6032
15712,0.00020123117428738624,10810
15713,0.00020123174181208014,14223
15714,0.00020123425929341465,3499
15715,0.00020123450667597353,16766
15716,0.00020123462309129536,27200
15717,0.00020123693684581667,10130
15718,0.00020123732974752784,25795
15719,0.0002012386394198984,26756
15720,0.00020124691945966333,25143
15721,0.0002012515178648755,23351
15722,0.00020126340677961707,13880
15723,0.00020126924209762365,14959
15724,0.00020127036259509623,17799
15725,0.0002012717886827886,23581
15726,0.00020127659081481397,420
15727,0.0002012834302149713,13305
15728,0.00020128976029809564,22255
15729,0.000201291375560686,6806
15730,0.00020129552285652608,11341
15731,0.0002012988115893677,15239
15732,0.00020130373013671488,27065
15733,0.00020130962366238236,5698
15734,0.000201310045667924,7854
15735,0.0002013181074289605,2209
15736,0.0002013215998886153,24909
15737,0.00020132248755544424,23535
15738,0.000201322982320562,15292
15739,0.0002013277990045026,10758
15740,0.0002013292396441102,23792
15741,0.00020132967620156705,12345
15742,0.00020133248472120613,13408
15743,0.00020133788348175585,27087
15744,0.0002013388875639066,15082
15745,0.00020133904763497412,26915
15746,0.000201340313651599,22952
15747,0.00020134449005126953,27101
15748,0.0002013449848163873,5057
15749,0.00020134742953814566,23973
15750,0.00020134897204115987,11258
15751,0.0002013531920965761,10152
15752,0.0002013538614846766,18331
15753,0.00020135451632086188,6300
15754,0.00020136074454057962,704
15755,0.00020136307284701616,171
15756,0.00020136700186412781,8124
15757,0.00020136748207733035,21596
15758,0.0002013685880228877,21126
15759,0.00020137014507781714,15132
15760,0.00020137069805059582,25797
15761,0.0002013745397562161,9613
15762,0.0002013754565268755,6578
15763,0.0002013781777350232,13895
15764,0.00020137826504651457,7985
15765,0.000201384536921978,23472
15766,0.00020138696709182113,25563
15767,0.00020139160915277898,23999
15768,0.00020139242406003177,19931
15769,0.00020139268599450588,23602
15770,0.00020139287516940385,3347
15771,0.00020139409753028303,9984
15772,0.00020139578555244952,9019
15773,0.00020139775006100535,3521
15774,0.00020140349806752056,25301
15775,0.00020140410924796015,23882
15776,0.00020140971173532307,18288
15777,0.00020141055574640632,25561
15778,0.0002014108613366261,7529
15779,0.0002014123892877251,11393
15780,0.00020141263667028397,16750
15781,0.0002014135679928586,15991
15782,0.00020141461573075503,3250
15783,0.00020141493587289006,17422
15784,0.000201419519726187,25730
15785,0.00020141969434916973,365
15786,0.00020142161520197988,18163
15787,0.00020142176072113216,14805
15788,0.00020142394350841641,12626
15789,0.00020142468565609306,16693
15790,0.00020142846915405244,757
15791,0.00020142883295193315,13094
15792,0.00020143087022006512,2230
15793,0.00020143247093074024,24535
15794,0.00020143644360359758,5550
15795,0.00020143848087172955,13296
15796,0.00020144600421190262,6526
15797,0.00020144882728345692,17603
15798,0.00020145032613072544,14698
15799,0.00020146013412158936,27338
15800,0.00020146073075011373,9336
15801,0.00020146134193055332,5565
15802,0.00020146509632468224,15974
15803,0.00020146551833022386,21637
15804,0.0002014801139011979,15176
15805,0.00020148434850852937,20711
15806,0.000201486109290272,24273
15807,0.0002014868223341182,12110
15808,0.00020148843759670854,15164
15809,0.00020148875773884356,12184
15810,0.00020149066403973848,9933
15811,0.00020149099873378873,5911
15812,0.00020149967167526484,26802
15813,0.0002015007339650765,12313
15814,0.00020150217460468411,5285
15815,0.0002015058562392369,8984
15816,0.00020150594355072826,27139
15817,0.00020150777709204704,15543
15818,0.00020150805357843637,10384
15819,0.0002015115023823455,1543
15820,0.00020151445642113686,14198
15821,0.00020151538774371147,10360
15822,0.0002015165810007602,27641
15823,0.00020151861826889217,9224
15824,0.0002015190984820947,5178
15825,0.0002015244826907292,9777
15826,0.00020153132209088653,27717
15827,0.00020153226796537638,12682
15828,0.00020153724472038448,26561
15829,0.00020153741934336722,11441
15830,0.0002015384816331789,12979
15831,0.00020154098456259817,21404
15832,0.00020154158119112253,19849
15833,0.00020154169760644436,18540
15834,0.00020154436060693115,16620
15835,0.00020154578669462353,17807
15836,0.00020154866797383875,13911
15837,0.0002015503850998357,27235
15838,0.0002015520876739174,12249
15839,0.00020155563834123313,16395
15840,0.00020155638048890978,864
15841,0.00020155668607912958,21501
15842,0.00020155812671873719,6705
15843,0.00020155830134171993,17122
15844,0.0002015595237025991,23851
15845,0.00020156102254986763,27159
15846,0.00020156164828222245,8334
15847,0.00020156877872068435,9230
15848,0.00020156888058409095,25468
15849,0.00020157021936029196,20124
15850,0.00020157519611530006,17802
15851,0.00020157523977104574,20001
15852,0.000201577931875363,12704
15853,0.00020157873223070055,567
15854,0.00020158206461928785,14204
15855,0.0002015912759816274,9120
15856,0.0002016033831750974,20665
15857,0.00020160546409897506,18362
15858,0.00020160652638878673,26776
15859,0.0002016075304709375,16296
15860,0.00020161073189228773,23293
15861,0.00020161915745120496,7520
15862,0.00020161921565886587,1134
15863,0.0002016215439653024,8015
15864,0.00020162719010841101,23451
15865,0.00020162931468803436,47
15866,0.00020162963483016938,18601
15867,0.00020162967848591506,4242
15868,0.00020163181761745363,22602
15869,0.00020163635781500489,20756
15870,0.0002016364742303267,15622
15871,0.00020164142188150436,21799
15872,0.00020164143643341959,26865
15873,0.00020164274610579014,12066
15874,0.00020164759189356118,8934
15875,0.00020164799934718758,16792
15876,0.00020164834859315306,19507
15877,0.00020165111345704645,13777
15878,0.00020165204477962106,19443
15879,0.00020165237947367132,19058
15880,0.0002016549406107515,16453
15881,0.00020165840396657586,7310
15882,0.00020165913156233728,11315
15883,0.00020165983005426824,14209
15884,0.0002016670914599672,27516
15885,0.00020167168986517936,1908
15886,0.0002016736107179895,1394
15887,0.00020167500770185143,14157
15888,0.00020167624461464584,12919
15889,0.00020167695765849203,26707
15890,0.00020167723414488137,19483
15891,0.0002016787329921499,26499
15892,0.00020169101480860263,21388
15893,0.00020169261551927775,1535
15894,0.00020169944036751986,10241
15895,0.00020169968775007874,4535
15896,0.00020170101197436452,7304
15897,0.00020170456264168024,20367
15898,0.00020170609059277922,13542
15899,0.00020170862262602895,5444
15900,0.00020171276992186904,6515
15901,0.000201716655283235,6108
15902,0.000201716655283235,25160
15903,0.0002017219376284629,23212
15904,0.00020172323274891824,10204
15905,0.00020172738004475832,14340
15906,0.00020172949007246643,14302
15907,0.0002017300430452451,13493
15908,0.00020173007214907557,24832
15909,0.00020173013035673648,5554
15910,0.0002017335209529847,2291
15911,0.00020173596567474306,5224
15912,0.00020173714437987655,21264
15913,0.00020173793018329889,22911
15914,0.00020173842494841665,19263
15915,0.00020173923985566944,23223
15916,0.00020174047676846385,13015
15917,0.00020174047676846385,21869
15918,0.0002017413207795471,26525
15919,0.00020174382370896637,18059
15920,0.00020174705423414707,13772
15921,0.00020175585814286023,19099
15922,0.00020175776444375515,5606
15923,0.00020176119869574904,13005
15924,0.00020176316320430487,21801
15925,0.00020176390535198152,18198
15926,0.00020176735415589064,11670
15927,0.00020176850375719368,6231
15928,0.00020176931866444647,5566
15929,0.0002017706137849018,10401
15930,0.00020177447004243731,11338
15931,0.00020177934493403882,21654
15932,0.00020178237173240632,12805
15933,0.0002017848310060799,26327
15934,0.000201788468984887,10068
15935,0.00020179193234071136,10695
15936,0.00020179309649392962,8434
15937,0.0002017951919697225,1762
15938,0.00020180357387289405,12451
15939,0.00020180553838144988,14610
15940,0.00020180584397166967,11162
15941,0.00020180598949082196,16560
15942,0.00020180786668788642,10648
15943,0.000201808477868326,7657
15944,0.00020181039872113615,11
15945,0.00020181834406685084,25872
15946,0.0002018349478021264,7670
15947,0.00020183749438729137,3000
15948,0.0002018390950979665,17423
15949,0.00020183999731671065,24778
15950,0.00020184220920782536,15746
15951,0.0002018436643993482,8689
15952,0.00020184778259135783,145
15953,0.00020184996537864208,25076
15954,0.0002018504310399294,19694
15955,0.00020185245375614613,3949
15956,0.00020185641187708825,26498
15957,0.00020185702305752784,107
15958,0.0002018704981310293,5651
15959,0.0002018712111748755,7085
15960,0.00020187327754683793,20920
15961,0.00020187966583762318,8173
15962,0.0002018833765760064,4517
15963,0.00020188430789858103,5361
15964,0.00020189167116768658,26272
15965,0.0002018928062170744,21734
15966,0.00020189849601592869,3976
15967,0.0002019019448198378,15825
15968,0.00020190388022456318,23895
15969,0.0002019097446464002,15614
15970,0.0002019099483732134,17915
15971,0.00020192084775771946,27291
15972,0.00020192447118461132,9264
15973,0.00020192773081362247,13766
15974,0.00020192914234939963,10726
15975,0.0002019300009123981,8460
15976,0.00020193055388517678,18042
15977,0.00020193099044263363,25494
15978,0.00020193275122437626,17676
15979,0.0002019351813942194,10512
15980,0.00020193701493553817,13717
15981,0.00020193716045469046,2443
15982,0.00020194966054987162,16036
15983,0.00020195002434775233,3816
15984,0.00020195065008010715,3681
15985,0.0002019506791839376,24648
15986,0.00020195456454530358,7021
15987,0.00020195695105940104,7356
15988,0.0002019570383708924,18481
15989,0.00020195767865516245,17018
15990,0.00020195856632199138,27416
15991,0.00020196274272166193,10031
15992,0.00020196840341668576,17723
15993,0.0002019784296862781,8270
15994,0.0002019788953475654,15945
15995,0.0002019833482336253,4941
15996,0.000201986578758806,15623
15997,0.00020198906713631004,3485
15998,0.00020198928541503847,3529
15999,0.00020199401478748769,18280
16000,0.00020200417202431709,623
16001,0.00020200820290483534,23512
16002,0.00020201194274704903,18442
16003,0.00020201738516334444,15626
16004,0.0002020187966991216,25672
16005,0.0002020257816184312,7606
16006,0.00020202979794703424,10442
16007,0.00020203078747726977,7248
16008,0.0002020372194238007,19111
16009,0.00020204154134262353,13651
16010,0.00020204178872518241,20780
16011,0.0002020436804741621,19147
16012,0.0002020478859776631,12454
16013,0.00020204948668833822,14604
16014,0.00020205379405524582,11163
16015,0.0002020539395743981,1681
16016,0.00020205473992973566,2778
16017,0.00020205600594636053,23224
16018,0.0002020581014221534,4009
16019,0.00020206105546094477,26355
16020,0.0002020612737396732,26930
16021,0.0002020635874941945,7868
16022,0.00020207429770380259,18532
16023,0.00020207489433232695,723
16024,0.00020208135538268834,20142
16025,0.00020208155910950154,22630
16026,0.00020208350906614214,7287
16027,0.000202083945623599,12431
16028,0.00020208419300615788,4010
16029,0.0002020891843130812,14930
16030,0.0002020893880398944,27047
16031,0.00020209484500810504,7882
16032,0.0002020981628447771,4620
16033,0.00020209859940223396,24041
16034,0.00020209931244608015,9799
16035,0.00020210393995512277,27142
16036,0.0002021064719883725,11385
16037,0.00020210655929986387,2223
16038,0.00020211367518641055,23725
16039,0.000202117400476709,12100
16040,0.0002021182735916227,22185
16041,0.0002021205291384831,19714
16042,0.0002021210384555161,13171
16043,0.00020212764502502978,7092
16044,0.00020213020616210997,22030
16045,0.0002021312975557521,22926
16046,0.0002021375112235546,24339
16047,0.00020214142568875104,17077
16048,0.00020214257529005408,2241
16049,0.00020214285177644342,2432
16050,0.00020214851247146726,14979
16051,0.00020214942924212664,24240
16052,0.00020214953110553324,11797
16053,0.00020214954565744847,6948
16054,0.00020215075346641243,14037
16055,0.00020215360564179718,13413
16056,0.00020215421682223678,17842
16057,0.00020215698168613017,13924
16058,0.00020215762197040021,21731
16059,0.00020215913536958396,3876
16060,0.00020215964468661696,8735
16061,0.00020215989206917584,4632
16062,0.00020216006669215858,23783
16063,0.00020216219127178192,13281
16064,0.00020216578559484333,9193
16065,0.0002021695690928027,3936
16066,0.00020217181008774787,20185
16067,0.00020217463315930218,5732
16068,0.00020217758719809353,22650
16069,0.00020218288409523666,2726
16070,0.00020218345161993057,981
16071,0.00020218724966980517,25500
16072,0.00020218935969751328,5477
16073,0.00020218989811837673,21360
16074,0.00020219190628267825,8652
16075,0.00020219221187289804,4797
16076,0.00020219558791723102,15104
16077,0.00020219599537085742,3416
16078,0.00020219638827256858,4731
16079,0.00020220041915308684,19457
16080,0.0002022011176450178,16197
16081,0.00020220248552504927,5229
16082,0.00020220319856889546,14450
16083,0.00020220575970597565,7686
16084,0.000202214447199367,79
16085,0.00020221962768118829,14442
16086,0.00020222191233187914,14143
16087,0.00020223330648150295,4325
16088,0.00020223745377734303,14292
16089,0.00020224142645020038,14291
16090,0.00020224202307872474,2728
16091,0.00020224219770170748,10605
16092,0.00020224324543960392,23073
16093,0.00020224422041792423,7872
16094,0.00020224532636348158,18108
16095,0.00020224711624905467,22047
16096,0.00020224727632012218,8474
16097,0.0002022527187364176,11095
16098,0.00020225293701514602,1993
16099,0.00020225350453983992,8102
16100,0.00020225616754032671,5131
16101,0.00020225858315825462,17599
16102,0.0002022620028583333,14544
16103,0.0002022635453613475,10782
16104,0.00020226402557455003,3678
16105,0.00020226466585882008,7762
16106,0.00020226940978318453,7727
16107,0.0002022744156420231,19084
16108,0.00020227512868586928,907
16109,0.00020227540517225862,14889
16110,0.0002022776025114581,5058
16111,0.00020227805362083018,10501
16112,0.0002022817061515525,276
16113,0.0002022820699494332,24888
16114,0.0002022866829065606,24897
16115,0.00020228759967722,5046
16116,0.00020228992798365653,17625
16117,0.0002022940752794966,21188
16118,0.00020230085647199303,15833
16119,0.00020230257359798998,21068
16120,0.00020231457892805338,12288
16121,0.000202315000933595,4331
16122,0.00020232005044817924,13604
16123,0.00020232013775967062,11566
16124,0.00020232194219715893,25470
16125,0.00020232531824149191,3119
16126,0.00020233014947734773,15838
16127,0.00020233014947734773,20450
16128,0.00020233164832461625,19736
16129,0.0002023338747676462,13449
16130,0.00020233404939062893,7478
16131,0.00020233626128174365,652
16132,0.0002023406559601426,9953
16133,0.000202342082047835,1007
16134,0.00020234243129380047,15914
16135,0.000202346287551336,16681
16136,0.00020234631665516645,10488
16137,0.00020234694238752127,18330
16138,0.00020234710245858878,10197
16139,0.00020235205010976642,26017
16140,0.0002023536217166111,10256
16141,0.0002023541455855593,8738
16142,0.00020235538249835372,18413
16143,0.00020236184354871511,26833
16144,0.00020236545242369175,22474
16145,0.0002023705601459369,752
16146,0.00020237195712979883,3200
16147,0.00020237227727193385,7552
16148,0.00020237403805367649,24256
16149,0.00020237667195033282,25869
16150,0.00020237729768268764,17288
16151,0.00020237859280314296,1824
16152,0.00020237966964486986,16602
16153,0.00020238160504959524,17112
16154,0.00020238231809344143,6555
16155,0.00020238511206116527,7064
16156,0.0002023855922743678,25573
16157,0.00020239177683833987,3559
16158,0.00020239494915585965,19098
16159,0.00020239663717802614,13629
16160,0.00020239962032064795,27430
16161,0.00020240536832716316,73
16162,0.00020240560115780681,21923
16163,0.00020240685262251645,25176
16164,0.0002024127752520144,1480
16165,0.00020241455058567226,892
16166,0.0002024188870564103,3069
16167,0.00020242171012796462,11696
16168,0.00020242194295860827,9386
16169,0.0002024406276177615,4823
16170,0.00020244097686372697,24138
16171,0.00020244107872713357,9696
16172,0.00020244884944986552,11852
16173,0.00020245177438482642,21712
16174,0.00020245240011718124,12070
16175,0.0002024551504291594,1582
16176,0.00020245593623258173,7824
16177,0.00020246193162165582,89
16178,0.0002024620771408081,15160
16179,0.00020246866915840656,20707
16180,0.00020247188513167202,21971
16181,0.0002024732530117035,5675
16182,0.0002024824934778735,26334
16183,0.00020248439977876842,18648
16184,0.0002024851564783603,25241
16185,0.00020248678629286587,23428
16186,0.00020248979853931814,2040
16187,0.00020249088993296027,19308
16188,0.00020250237139407545,13622
16189,0.00020250245870556682,24548
16190,0.00020250299712643027,5633
16191,0.00020250363741070032,27103
16192,0.00020250379748176783,23817
16193,0.0002025038265855983,629
16194,0.0002025044523179531,26475
16195,0.0002025077264988795,6548
16196,0.00020250921079423279,17207
16197,0.00020250989473424852,7370
16198,0.00020251082605682313,24951
16199,0.00020251279056537896,25303
16200,0.0002025164576480165,16726
16201,0.00020251826208550483,24346
16202,0.00020251887326594442,10665
16203,0.00020251946989446878,15752
16204,0.00020252310787327588,5910
16205,0.00020252325339242816,1219
16206,0.00020252422837074846,13903
16207,0.00020252514514140785,16137
16208,0.00020252606191206723,10393
16209,0.0002025365101872012,2499
16210,0.00020253720867913216,16727
16211,0.00020253931870684028,13477
16212,0.00020254326227586716,2675
16213,0.00020254393166396767,27550
16214,0.00020254480477888137,13426
16215,0.00020254521223250777,10727
16216,0.00020254639093764126,17868
16217,0.00020254746777936816,11208
16218,0.00020254906849004328,18410
16219,0.00020254950504750013,20955
16220,0.00020255151321180165,26122
16221,0.0002025520516326651,19564
16222,0.00020255288109183311,4903
16223,0.00020255432173144072,23789
16224,0.000202555485884659,15146
16225,0.00020255870185792446,26838
16226,0.00020256401330698282,19612
16227,0.0002025651920121163,27599
16228,0.00020256654534023255,12633
16229,0.00020256936841178685,3022
16230,0.00020257321011740714,11963
16231,0.00020257383584976196,14317
16232,0.0002025758003583178,22737
16233,0.00020257839059922844,13076
16234,0.00020258434233255684,13409
16235,0.00020258492440916598,4094
16236,0.00020258610311429948,9795
16237,0.0002025870344368741,23758
16238,0.00020259346638340503,16971
16239,0.00020259671146050096,19397
16240,0.00020259829761926085,16439
16241,0.00020260029123164713,19533
16242,0.00020260190649423748,551
16243,0.00020260430756025016,11897
16244,0.00020260574819985777,3129
16245,0.00020260598103050143,17500
16246,0.0002026066358666867,9092
16247,0.00020260796009097248,736
16248,0.00020260865858290344,20391
16249,0.00020261129247955978,7057
16250,0.00020261177269276232,2645
16251,0.0002026150468736887,3922
16252,0.00020261660392861813,11363
16253,0.0002026208967436105,12548
16254,0.00020262293401174247,14781
16255,0.0002026299189310521,13948
16256,0.000202631825231947,21780
16257,0.00020263275655452162,7441
16258,0.00020263569604139775,17977
16259,0.00020263831538613886,9347
16260,0.0002026406000368297,1843
16261,0.00020264559134375304,17359
16262,0.00020264806516934186,6670
16263,0.00020264838531147689,12770
16264,0.0002026490546995774,10351
16265,0.00020264909835532308,1023
16266,0.00020265043713152409,4311
16267,0.00020265599596314132,11932
16268,0.00020265838247723877,2042
16269,0.00020265845523681492,24510
16270,0.00020266025967430323,24352
16271,0.00020266171486582607,3342
16272,0.00020266330102458596,17956
16273,0.0002026633155765012,2205
16274,0.00020266350475139916,6564
16275,0.0002026669681072235,16500
16276,0.00020266920910216868,8115
16277,0.00020267027139198035,27327
16278,0.00020267217769287527,15844
16279,0.0002026763540925458,20851
16280,0.0002026784495683387,219
16281,0.00020268844673410058,7249
16282,0.00020268959633540362,893
16283,0.00020269109518267214,14561
16284,0.00020269202650524676,2862
16285,0.00020269202650524676,7747
16286,0.00020269300148356706,11118
16287,0.00020269570813979954,12712
16288,0.00020269662491045892,12813
16289,0.00020269972446840256,26542
16290,0.00020270187815185636,24354
16291,0.00020270372624509037,2634
16292,0.0002027081500273198,868
16293,0.00020271232642699033,21527
16294,0.0002027142036240548,5984
16295,0.00020271439279895276,6479
16296,0.00020271701214369386,10583
16297,0.00020272012625355273,14271
16298,0.0002027216542046517,22360
16299,0.00020272305118851364,15553
16300,0.00020272501569706947,1130
16301,0.00020272591791581362,11036
16302,0.00020272625260986388,4173
16303,0.00020272727124392986,12904
16304,0.0002027343143709004,4922
16305,0.00020273584232199937,10866
16306,0.00020273956761229783,587
16307,0.00020274438429623842,13863
16308,0.00020274797861929983,4703
16309,0.00020274890994187444,6817
16310,0.00020275729184504598,24783
16311,0.0002027574082603678,24534
16312,0.00020276276336517185,26364
16313,0.00020276373834349215,23979
16314,0.000202766532311216,3852
16315,0.00020276900613680482,880
16316,0.0002027808950515464,4431
16317,0.00020278150623198599,1029
16318,0.00020278285956010222,2310
16319,0.00020278303418308496,12838
16320,0.00020278579904697835,4540
16321,0.00020278773445170373,11397
16322,0.00020278804004192352,26569
16323,0.00020279031014069915,22802
16324,0.00020279308955650777,22769
16325,0.00020279416639823467,23532
16326,0.00020280078751966357,3828
16327,0.00020280599710531533,12615
16328,0.00020280643366277218,12585
16329,0.0002028094750130549,22947
16330,0.00020281101751606911,13616
16331,0.00020281119213905185,5466
16332,0.00020282638433855027,11231
16333,0.0002028279850492254,1771
16334,0.00020282923651393503,4859
16335,0.00020283256890252233,11920
16336,0.00020283905905671418,1798
16337,0.00020284432685002685,9847
16338,0.0002028521994361654,8478
16339,0.0002028525050263852,6537
16340,0.0002028550807153806,26513
16341,0.00020285611390136182,11921
16342,0.00020285886421333998,27738
16343,0.00020286664948798716,15525
16344,0.00020286707149352878,25145
16345,0.0002028674934990704,3910
16346,0.00020286819199100137,10238
16347,0.00020286875951569527,8532
16348,0.00020287319784983993,16920
16349,0.0002028734452323988,6745
16350,0.00020287906227167696,9941
16351,0.00020288079394958913,10038
16352,0.00020288435916882008,19095
16353,0.00020288594532757998,13148
16354,0.0002028953458648175,6728
16355,0.00020289684471208602,1651
16356,0.00020290749671403319,24819
16357,0.00020291291002649814,7341
16358,0.00020291420514695346,21383
16359,0.000202914685360156,21178
16360,0.00020291614055167884,25982
16361,0.0002029168390436098,13814
16362,0.00020291790133342147,24533
16363,0.00020291849796194583,19754
16364,0.00020291887631174177,9703
16365,0.00020291902183089405,11503
16366,0.0002029210445471108,11976
16367,0.00020292559929657727,13066
16368,0.00020293338457122445,1641
16369,0.00020293652778491378,2233
16370,0.00020294045680202544,19082
16371,0.00020294130081310868,4069
16372,0.0002029446477536112,6569
16373,0.00020294728165026754,12954
16374,0.00020294780551921576,1617
16375,0.0002029495663009584,6992
16376,0.00020295233116485178,26192
16377,0.0002029531606240198,15600
16378,0.00020295519789215177,2096
16379,0.00020295566355343908,16280
16380,0.00020295722060836852,7006
16381,0.00020295876311138272,15789
16382,0.00020295883587095886,17271
16383,0.00020296584989409894,26153
16384,0.00020296902221161872,19167
16385,0.0002029735187534243,11252
16386,0.00020297370792832226,9986
16387,0.0002029824536293745,25537
16388,0.00020298387971706688,3544
16389,0.0002029839961323887,10942
16390,0.00020298623712733388,6698
16391,0.0002029911265708506,22302
16392,0.0002029927563853562,24800
16393,0.00020299461903050542,2482
16394,0.00020299565221648663,15708
16395,0.0002030050236498937,24676
16396,0.00020300639152992517,20619
16397,0.00020300806500017643,1550
16398,0.00020300992764532566,26345
16399,0.00020301413314882666,8880
16400,0.00020301625772845,4478
16401,0.00020302030316088349,18429
16402,0.00020302188931964338,19712
16403,0.00020302427583374083,5686
16404,0.00020302637130953372,17550
16405,0.00020303261408116668,16497
16406,0.00020303504425100982,16000
16407,0.00020303601922933012,22669
16408,0.0002030412433668971,20344
16409,0.00020304207282606512,6826
16410,0.00020304381905589253,11139
16411,0.00020304434292484075,19778
16412,0.0002030457544606179,19793
16413,0.00020304655481595546,16825
16414,0.0002030476462095976,21778
16415,0.00020304863573983312,18219
16416,0.00020305764337535948,5329
16417,0.00020305850193835795,5808
16418,0.00020305874932091683,11482
16419,0.00020306154328864068,23641
16420,0.0002030636096606031,8078
16421,0.00020306388614699244,742
16422,0.0002030671457760036,7372
16423,0.00020307116210460663,18547
16424,0.00020307119120843709,7374
16425,0.00020307512022554874,14375
16426,0.00020307702652644366,13186
16427,0.0002030806936090812,25990
16428,0.00020308564126025885,178
16429,0.0002030922332778573,20251
16430,0.0002030950563494116,8484
16431,0.00020309640967752784,22943
16432,0.00020310164836701006,7475
16433,0.00020310317631810904,21522
16434,0.00020310595573391765,9073
16435,0.00020310760010033846,3823
16436,0.0002031083422480151,17849
16437,0.00020310876425355673,20356
16438,0.0002031091571552679,19493
16439,0.00020311011758167297,2510
16440,0.0002031157200690359,24999
16441,0.00020311902335379273,27745
16442,0.00020312050764914602,21950
16443,0.00020312605192884803,7789
16444,0.0002031297772191465,11875
16445,0.00020313136337790638,7096
16446,0.0002031319309026003,20288
16447,0.00020313338609412313,8684
16448,0.0002031343028647825,1396
16449,0.00020313705317676067,19610
16450,0.00020313862478360534,10085
16451,0.00020314021094236523,12581
16452,0.0002031419862760231,10620
16453,0.00020314293215051293,27639
16454,0.00020314492576289922,12723
16455,0.00020314498397056013,12135
16456,0.00020315547590143979,14521
16457,0.00020315818255767226,12918
16458,0.00020315978326834738,18093
16459,0.00020316352311056107,15069
16460,0.00020316454174462706,1426
16461,0.00020316606969572604,10722
16462,0.0002031667245319113,25995
16463,0.00020316681184340268,19240
16464,0.00020318148017395288,12963
16465,0.0002031890326179564,20814
16466,0.00020318910537753254,7981
16467,0.00020319008035585284,18240
16468,0.00020319211762398481,16103
16469,0.00020319409668445587,6920
16470,0.00020319710893090814,3233
16471,0.0002031989861279726,3245
16472,0.0002031990879913792,21190
16473,0.00020319948089309037,17425
16474,0.00020320023759268224,2696
16475,0.00020321205374784768,17616
16476,0.00020322490308899432,17848
16477,0.00020322688214946538,6816
16478,0.00020323316857684404,25811
16479,0.00020323411445133388,2264
16480,0.00020323690841905773,8893
16481,0.00020323728676885366,978
16482,0.0002032401243923232,14885
16483,0.0002032439224421978,23868
16484,0.00020325180958025157,20154
16485,0.0002032563352258876,14054
16486,0.00020325666991993785,5091
16487,0.0002032610063906759,1665
16488,0.00020326887897681445,18166
16489,0.00020327257516328245,20765
16490,0.00020327366655692458,8765
16491,0.0002032851189142093,9149
16492,0.00020328821847215295,15980
16493,0.0002032899938058108,10715
16494,0.00020329505787231028,14750
16495,0.00020329884137026966,26714
16496,0.00020330508414190263,17205
16497,0.00020330597180873156,12263
16498,0.00020330627739895135,7264
16499,0.0002033096388913691,1190
16500,0.00020331115229055285,18087
16501,0.00020331222913227975,17678
16502,0.00020331304403953254,20779
16503,0.00020331413543317467,13799
16504,0.00020332037820480764,19636
16505,0.00020332726126071066,23716
16506,0.0002033307682722807,22979
16507,0.00020333434804342687,7420
16508,0.0002033394412137568,5423
16509,0.00020334050350356847,27324
16510,0.00020334085274953395,17687
16511,0.0002033413329627365,1652
16512,0.0002033421624219045,22331
16513,0.00020334348664619029,26299
16514,0.00020334433065727353,4493
16515,0.00020334440341684967,18423
16516,0.00020335207227617502,8665
16517,0.00020335776207502931,15047
16518,0.00020335846056696028,24124
16519,0.0002033602213487029,19034
16520,0.00020336064335424453,11790
16521,0.00020336527086328715,4134
16522,0.00020336717716418207,16244
16523,0.0002033749333349988,21173
16524,0.0002033761702477932,21029
16525,0.00020337665046099573,21991
16526,0.00020337874593678862,6901
16527,0.00020337937166914344,22823
16528,0.00020338004105724394,18587
16529,0.00020338542526587844,8847
16530,0.00020339107140898705,19324
16531,0.00020339321054052562,15889
16532,0.00020339988986961544,2733
16533,0.00020340232003945857,26616
16534,0.0002034030039794743,2698
16535,0.0002034042263403535,2572
16536,0.00020340578339528292,19329
16537,0.00020340655464679003,3401
16538,0.00020340719493106008,17594
16539,0.0002034087956417352,25932
16540,0.0002034097706200555,3432
16541,0.00020341311756055802,3447
16542,0.0002034136705333367,21802
16543,0.00020342088828328997,3652
16544,0.00020342349307611585,18153
16545,0.00020342519565019757,24414
16546,0.00020342739298939705,6729
16547,0.00020342848438303918,27341
16548,0.00020342966308817267,9665
16549,0.0002034317294601351,22018
16550,0.00020343216601759195,15875
16551,0.0002034337812801823,27509
16552,0.00020343641517683864,1330
16553,0.00020344360382296145,10003
16554,0.0002034458302659914,4003
16555,0.00020344617951195687,22125
16556,0.00020345376105979085,20492
16557,0.00020345713710412383,5575
16558,0.00020345863595139235,23375
16559,0.00020346393284853548,518
16560,0.00020346704695839435,25639
16561,0.00020346743986010551,13519
16562,0.00020347144163679332,8011
16563,0.00020347732061054558,26877
16564,0.00020347734971437603,15605
16565,0.00020347980898804963,23681
16566,0.00020348248654045165,20035
16567,0.0002034842618741095,3720
16568,0.00020348432008177042,14690
16569,0.0002034864155575633,2676
16570,0.00020348881662357599,3383
16571,0.00020348947145976126,27718
16572,0.00020349235273897648,9267
16573,0.00020349417172838002,19629
16574,0.0002034961653407663,23307
16575,0.00020349925034679472,6927
16576,0.00020349981787148863,22093
16577,0.00020350152044557035,18826
16578,0.00020350239356048405,14112
16579,0.00020350875274743885,4186
16580,0.00020350946579128504,14990
16581,0.0002035102661466226,17564
16582,0.0002035112411249429,25386
16583,0.00020351259445305914,21059
16584,0.00020351454440969974,22742
16585,0.0002035240613622591,17578
16586,0.00020352589490357786,21665
16587,0.00020352803403511643,25629
16588,0.00020353664876893163,10546
16589,0.00020353810396045446,25230
16590,0.00020353836589492857,21120
16591,0.0002035454526776448,11201
16592,0.00020355024025775492,2288
16593,0.00020355072047095746,4062
16594,0.0002035561337834224,12522
16595,0.00020356035383883864,21344
16596,0.00020356605818960816,20437
16597,0.0002035708457697183,13308
16598,0.00020357313042040914,23113
16599,0.00020358170149847865,11290
16600,0.00020358769688755274,21822
16601,0.00020359251357149333,23165
16602,0.00020359277550596744,2769
16603,0.0002035969664575532,5588
16604,0.00020360133203212172,19027
16605,0.0002036063524428755,9982
16606,0.00020360636699479073,20119
16607,0.00020361052884254605,16657
16608,0.000203612245968543,12000
16609,0.00020361310453154147,9127
16610,0.0002036172227235511,2390
16611,0.00020361982751637697,14071
16612,0.0002036282530752942,13109
16613,0.00020363587827887386,7620
16614,0.0002036393416346982,19144
16615,0.00020364057854749262,23975
16616,0.00020364091324154288,116
16617,0.00020364118972793221,2813
16618,0.00020364540978334844,23419
16619,0.00020364660304039717,13568
16620,0.00020364699594210833,16378
16621,0.00020364753436297178,11625
16622,0.00020365018281154335,3418
16623,0.00020365134696476161,19513
16624,0.00020365238015074283,21436
16625,0.00020365309319458902,13019
16626,0.00020365444652270526,1343
16627,0.00020365710952319205,18935
16628,0.00020365840464364737,11374
16629,0.0002036592923104763,7499
16630,0.00020366146054584533,26971
16631,0.00020366402168292552,16648
16632,0.0002036643127212301,12507
16633,0.00020366808166727424,4609
16634,0.00020366931858006865,18960
16635,0.00020366940589156002,8758
16636,0.00020367259276099503,836
16637,0.00020367281103972346,17933
16638,0.00020368307013995945,25466
16639,0.00020368845434859395,19593
16640,0.00020368884725030512,14973
16641,0.00020369597768876702,25094
16642,0.00020369637059047818,12944
16643,0.0002036968362517655,10602
16644,0.0002036978112300858,3362
16645,0.00020369855337776244,3312
16646,0.00020370165293570608,2564
16647,0.00020370533457025886,21062
16648,0.00020370814308989793,7860
16649,0.0002037082304013893,15575
16650,0.00020370887068565935,4475
16651,0.00020370948186609894,10533
16652,0.00020371015125419945,1803
16653,0.00020371124264784157,26129
16654,0.0002037149533862248,9017
16655,0.0002037177764577791,20410
16656,0.00020372663857415318,15664
16657,0.00020373061124701053,18109
16658,0.00020373231382109225,16196
16659,0.0002037330559687689,26108
16660,0.0002037345402641222,14012
16661,0.0002037410595221445,8455
16662,0.00020374509040266275,22352
16663,0.0002037482481682673,1692
16664,0.000203748291824013,17546
16665,0.00020375025633256882,15299
16666,0.0002037531230598688,26177
16667,0.00020375366148073226,23814
16668,0.00020376061729621142,23129
16669,0.00020376266911625862,27703
16670,0.00020376422617118806,17684
16671,0.00020376442989800125,381
16672,0.00020376662723720074,6441
16673,0.0002037681988440454,5476
16674,0.00020376966858748347,2351
16675,0.00020377125474624336,17087
16676,0.0002037733793258667,27254
16677,0.00020377564942464232,21391
16678,0.00020377860346343368,23436
16679,0.0002037788653979078,3400
16680,0.00020378026238176972,17713
16681,0.00020378264889586717,10939
16682,0.00020378844055812806,13439
16683,0.00020379081252031028,7030
16684,0.00020379218040034175,2516
16685,0.0002037978993030265,25969
16686,0.00020379936904646456,10277
16687,0.00020379961642902344,663
16688,0.00020380289060994983,18376
16689,0.00020380798378027976,12396
16690,0.00020381296053528786,3952
16691,0.00020381413924042135,3594
16692,0.000203816220164299,7250
16693,0.00020381670037750155,17707
16694,0.00020381835929583758,2427
16695,0.0002038189268205315,17488
16696,0.00020381936337798834,22152
16697,0.00020383439550641924,13699
16698,0.000203839095775038,18680
16699,0.00020383977971505374,13556
16700,0.00020384180243127048,24309
16701,0.00020384267554618418,1814
16702,0.00020384875824674964,22259
16703,0.00020384932577144355,4471
16704,0.00020385153766255826,13929
16705,0.00020385293464642018,27443
16706,0.00020385374955367297,12536
16707,0.00020385491370689124,5551
16708,0.00020386031246744096,24568
16709,0.00020386386313475668,17572
16710,0.00020386616233736277,10309
16711,0.00020386680262163281,6829
16712,0.00020387132826726884,17464
16713,0.00020387217227835208,10539
16714,0.0002038741367869079,7601
16715,0.0002038761303992942,14533
16716,0.0002038776729023084,19626
16717,0.000203877774765715,14111
16718,0.00020388166012708098,12044
16719,0.00020388225675560534,24453
16720,0.00020388467237353325,20774
16721,0.0002038849488599226,7523
16722,0.00020388739358168095,20993
16723,0.000203889052500017,19779
16724,0.000203890391276218,24825
16725,0.00020389063865877688,9597
16726,0.0002038910606643185,20229
16727,0.00020389471319504082,10900
16728,0.00020389820565469563,13044
16729,0.0002038987004198134,27427
16730,0.00020390108693391085,24856
16731,0.0002039022365352139,19718
16732,0.0002039032697211951,23551
16733,0.00020390358986333013,25801
16734,0.00020390370627865195,10558
16735,0.00020390620920807123,8578
16736,0.00020391112775541842,27221
16737,0.0002039113751379773,14622
16738,0.00020391303405631334,8829
16739,0.00020391760335769504,11434
16740,0.00020392285659909248,3732
16741,0.00020392407895997167,856
16742,0.00020392438455019146,27170
16743,0.0002039246610365808,13965
16744,0.00020392883743625134,20973
16745,0.00020393254817463458,5187
16746,0.00020393262093421072,14434
16747,0.00020393829618114978,14318
16748,0.00020394515013322234,19282
16749,0.00020395070896483958,18822
16750,0.00020395421597640961,23963
16751,0.00020395638421177864,19131
16752,0.00020395778119564056,24231
16753,0.00020395869796629995,7538
16754,0.00020396271429490298,10603
16755,0.0002039654500549659,18158
16756,0.00020396547915879637,3268
16757,0.00020397004846017808,5578
16758,0.00020397397747728974,26537
16759,0.00020397896878421307,20029
16760,0.0002039801183855161,9472
16761,0.00020398537162691355,4511
16762,0.00020399162895046175,18147
16763,0.0002039957616943866,18281
16764,0.00020399942877702415,16551
16765,0.00020400049106683582,12797
16766,0.00020401168148964643,10274
16767,0.00020401316578499973,25379
16768,0.00020401431538630277,16501
16769,0.00020401841902639717,5138
16770,0.0002040247927652672,11666
16771,0.00020402524387463927,2114
16772,0.0002040309482254088,24444
16773,0.00020403253438416868,20256
16774,0.00020403283997438848,22261
16775,0.00020404209499247372,17647
16776,0.000204044597921893,22354
16777,0.00020404539827723056,9371
16778,0.0002040465478785336,12817
16779,0.0002040467516053468,16356
16780,0.00020405677787493914,10165
16781,0.000204060401301831,12391
16782,0.0002040625549852848,20152
16783,0.00020406366093084216,24725
16784,0.00020406882686074823,20027
16785,0.0002040691761067137,8519
16786,0.00020407103875186294,22939
16787,0.0002040815306827426,3237
16788,0.00020408225827850401,17374
16789,0.0002040840918198228,6504
16790,0.00020408511045388877,21682
16791,0.00020408733689691871,22986
16792,0.00020408772979862988,9455
16793,0.00020409541320987046,12279
16794,0.00020409983699209988,15863
16795,0.00020410197612363845,14763
16796,0.00020410347497090697,23820
16797,0.00020410581782925874,8422
16798,0.00020410814613569528,5951
16799,0.00020411028526723385,17962
16800,0.0002041122643277049,18487
16801,0.00020411780860740691,11638
16802,0.0002041179541265592,7173
16803,0.00020412038429640234,13165
16804,0.00020412147569004446,2546
16805,0.00020412199955899268,19275
16806,0.00020412608864717185,14645
16807,0.0002041278494289145,18566
16808,0.000204128009499982,19753
16809,0.00020412993035279214,3754
16810,0.00020413767197169363,6114
16811,0.00020414372556842864,1981
16812,0.00020414612663444132,20132
16813,0.0002041567349806428,10094
16814,0.00020415949984453619,17623
16815,0.00020416262850631028,15340
16816,0.0002041657717199996,14756
16817,0.00020416943880263716,6653
16818,0.0002041717671090737,4027
16819,0.0002041742845904082,20848
16820,0.00020417492487467825,15691
16821,0.00020417665655259043,17748
16822,0.00020418374333530664,20891
16823,0.00020418959320522845,27554
16824,0.00020419970678631216,25028
16825,0.00020420076907612383,7439
16826,0.00020420312648639083,11654
16827,0.00020420852524694055,20516
16828,0.00020421120279934257,18549
16829,0.00020421225053723902,17978
16830,0.00020421587396413088,3470
16831,0.00020421975932549685,11652
16832,0.00020422895613592118,10673
16833,0.00020423386013135314,17120
16834,0.00020423447131179273,23855
16835,0.00020423581008799374,18572
16836,0.00020423844398465008,27542
16837,0.00020423847308848053,16361
16838,0.00020424053946044296,14498
16839,0.00020424228569027036,1128
16840,0.00020424244576133788,12746
16841,0.00020424961985554546,15681
16842,0.0002042513369815424,18978
16843,0.00020425319962669164,5408
16844,0.00020425321417860687,269
16845,0.00020425350521691144,19422
16846,0.0002042614942183718,5164
16847,0.00020426583068910986,5658
16848,0.000204267242224887,2863
16849,0.00020426747505553067,6947
16850,0.0002042678970610723,2752
16851,0.00020426791161298752,24141
16852,0.00020427507115527987,22651
16853,0.00020427526033017784,17992
16854,0.00020427755953278393,19805
16855,0.00020428019342944026,13510
16856,0.00020428345305845141,23768
16857,0.00020428685820661485,20417
16858,0.0002042873384198174,9707
16859,0.00020428905554581434,21995
16860,0.00020428973948583007,9867
16861,0.00020429168944247067,21017
16862,0.0002042934502242133,7674
16863,0.00020429384312592447,27161
16864,0.00020429666619747877,17775
16865,0.00020429733558557928,20969
16866,0.0002043023705482483,12824
16867,0.00020430778386071324,22029
16868,0.0002043112035607919,13311
16869,0.00020431184384506196,21494
16870,0.00020431302255019546,25451
16871,0.00020431655866559595,1118
16872,0.00020431671873666346,22486
16873,0.00020432312157936394,10419
16874,0.00020432512974366546,10994
16875,0.0002043272543232888,25040
16876,0.00020432996097952127,17303
16877,0.00020433640747796744,7982
16878,0.0002043373679043725,5014
16879,0.0002043408458121121,25589
16880,0.00020434435282368213,5400
16881,0.0002043504355242476,15354
16882,0.00020435122132766992,2951
16883,0.00020435328769963235,16641
16884,0.00020435737678781152,9996
16885,0.00020435753685887903,10621
16886,0.00020435857004486024,17579
16887,0.00020435874466784298,4074
16888,0.00020436324120964855,14731
16889,0.00020436679187696427,20397
16890,0.00020436699560377747,9323
16891,0.0002043689164565876,14888
16892,0.0002043716231128201,15509
16893,0.0002043741405941546,16276
16894,0.0002043753192992881,8002
16895,0.00020437546481844038,22982
16896,0.00020437553757801652,10208
16897,0.00020437668717931956,5697
16898,0.00020438000501599163,22414
16899,0.00020438176579773426,26725
16900,0.00020438458886928856,15848
16901,0.0002043944114120677,20568
16902,0.0002043971180683002,26919
16903,0.00020439742365851998,21526
16904,0.00020440542721189559,9713
16905,0.0002044109278358519,2256
16906,0.00020441402739379555,27209
16907,0.00020441471133381128,9819
16908,0.00020442249660845846,14542
16909,0.0002044239517999813,20620
16910,0.00020442537788767368,24101
16911,0.00020442673121578991,20758
16912,0.00020443130051717162,4424
16913,0.00020443269750103354,18308
16914,0.00020443275570869446,20307
16915,0.00020443696121219546,22199
16916,0.00020443822722882032,3642
16917,0.00020444121037144214,2109
16918,0.00020444330584723502,9461
16919,0.0002044459542958066,8061
16920,0.0002044512948486954,5490
16921,0.00020445424888748676,10059
16922,0.00020445612608455122,21531
16923,0.0002044654102064669,3094
16924,0.00020446603593882173,4037
16925,0.00020447370479814708,542
16926,0.00020447814313229173,956
16927,0.00020448061695788056,12553
16928,0.00020448086434043944,26384
16929,0.00020448578288778663,25375
16930,0.00020449014846235514,12469
16931,0.00020449304429348558,23866
16932,0.0002045009605353698,3317
16933,0.00020450318697839975,19059
16934,0.00020450488955248147,11501
16935,0.0002045067958533764,7799
16936,0.0002045081928372383,1182
16937,0.00020451292220968753,23439
16938,0.0002045142464339733,3971
16939,0.0002045165019808337,12850
16940,0.0002045180881395936,2013
16941,0.00020451858290471137,5846
16942,0.00020452012540772557,12627
16943,0.0002045207511400804,24131
16944,0.00020452112948987633,25697
16945,0.00020452153694350272,22971
16946,0.0002045261353487149,24529
16947,0.00020452636817935854,8381
16948,0.00020452734315767884,3984
16949,0.0002045291621470824,22732
16950,0.00020453210163395852,6191
16951,0.00020453287288546562,1889
16952,0.00020453565230127424,5946
16953,0.0002045382425421849,25755
16954,0.00020453828619793057,12356
16955,0.00020454556215554476,6974
16956,0.0002045462024398148,25449
16957,0.00020454780315048993,8666
16958,0.00020455534104257822,16375
16959,0.0002045572764473036,8981
16960,0.00020456059428397566,23280
16961,0.00020456197671592236,9659
16962,0.0002045629225904122,4607
16963,0.0002045643632300198,2574
16964,0.0002045648725470528,19261
16965,0.00020456650236155838,9063
16966,0.00020456951460801065,15894
16967,0.00020456987840589136,3718
16968,0.00020457494247239083,17222
16969,0.00020457615028135478,19541
16970,0.00020457655773498118,12012
16971,0.00020457709615584463,17012
16972,0.00020457760547287762,13523
16973,0.00020458184008020908,18878
16974,0.00020458345534279943,25435
16975,0.00020458392100408673,6600
16976,0.00020458688959479332,21148
16977,0.00020459813822526485,21246
16978,0.00020459922961890697,23036
16979,0.00020460465748328716,3510
16980,0.0002046058070845902,9973
16981,0.00020460839732550085,10200
16982,0.00020461014355532825,1885
16983,0.00020461424719542265,7134
16984,0.000204619558644481,11362
16985,0.000204619558644481,23435
16986,0.000204619558644481,27233
16987,0.00020462174143176526,1288
16988,0.00020462714019231498,24119
16989,0.0002046288427663967,26965
16990,0.00020463608962018043,11587
16991,0.0002046370500465855,2643
16992,0.0002046393638011068,6304
16993,0.00020463953842408955,13491
16994,0.00020464093540795147,13781
16995,0.00020464778936002403,22391
16996,0.00020464816770981997,140
16997,0.0002046483859885484,12250
16998,0.0002046517765847966,25119
16999,0.00020465308625716716,14517
17000,0.0002046613662969321,9887
17001,0.00020466293790377676,13017
17002,0.00020466551359277219,27168
17003,0.00020466682326514274,24937
17004,0.00020466689602471888,748
17005,0.00020466769638005644,23771
17006,0.00020466795831453055,5535
17007,0.00020467050489969552,4372
17008,0.000204670854145661,15488
17009,0.00020467277499847114,6178
17010,0.00020467395370360464,25078
17011,0.00020467596186790615,16725
17012,0.00020467929425649345,21941
17013,0.0002046814770437777,3353
17014,0.00020468683214858174,27573
17015,0.00020468837465159595,12565
17016,0.0002046914742095396,26615
17017,0.0002047007146757096,24601
17018,0.0002047058951575309,13304
17019,0.00020470672461669892,5246
17020,0.00020471084280870855,20812
17021,0.00020471109019126743,9817
17022,0.00020471290918067098,11289
17023,0.00020472306641750038,10517
17024,0.00020472316828090698,15671
17025,0.00020472431788221002,14907
17026,0.00020472459436859936,23364
17027,0.00020472735923249274,1010
17028,0.00020472909091040492,14010
17029,0.00020473284530453384,17052
17030,0.000204736104933545,8402
17031,0.00020473788026720285,740
17032,0.00020474327902775258,23317
17033,0.00020474439952522516,12344
17034,0.0002047478046733886,9419
17035,0.0002047480084002018,16154
17036,0.00020474802295211703,13253
17037,0.00020474981283769011,21695
17038,0.00020474998746067286,12165
17039,0.00020474998746067286,20163
17040,0.0002047508314717561,325
17041,0.0002047539601335302,20606
17042,0.00020475470228120685,11934
17043,0.00020475569181144238,25742
17044,0.00020475912606343627,17583
17045,0.00020476386998780072,3294
17046,0.00020476419012993574,20753
17047,0.00020476813369896263,4914
17048,0.00020477300859056413,5256
17049,0.00020477987709455192,22620
17050,0.00020478085207287222,18206
17051,0.00020478415535762906,19106
17052,0.00020479015074670315,2507
17053,0.00020479565137065947,3751
17054,0.00020479943486861885,20916
17055,0.00020479982777033,24108
17056,0.00020480086095631123,10439
17057,0.00020480362582020462,13377
17058,0.00020480698731262237,3724
17059,0.00020480954844970256,7434
17060,0.00020481085812207311,7123
17061,0.0002048177702818066,13369
17062,0.00020481889077927917,8074
17063,0.00020482190302573144,19464
17064,0.0002048228052444756,666
17065,0.0002048271126113832,14696
17066,0.00020482769468799233,22930
17067,0.0002048289024969563,22993
17068,0.00020483149273786694,19169
17069,0.00020483176922425628,619
17070,0.000204832453164272,16919
17071,0.00020483303524088115,10985
17072,0.0002048345049843192,11454
17073,0.00020483795378822833,11938
17074,0.00020484122796915472,14329
17075,0.00020484148990362883,12907
17076,0.00020484258129727095,2538
17077,0.0002048432652372867,25192
17078,0.00020484709239099175,8158
17079,0.00020485033746808767,7671
17080,0.0002048533206107095,18484
17081,0.00020485564891714603,10447
17082,0.00020485647837631404,20474
17083,0.00020485885033849627,22247
17084,0.00020485928689595312,8528
17085,0.00020486149878706783,25321
17086,0.00020486212451942265,7566
17087,0.0002048622554866597,5851
17088,0.00020486359426286072,9038
17089,0.00020486433641053736,15711
17090,0.00020486554421950132,7950
17091,0.00020486809080466628,19680
17092,0.00020486924040596932,925
17093,0.0002048704045591876,20536
17094,0.00020487686560954899,25726
17095,0.00020487730216700584,618
17096,0.00020488053269218653,4921
17097,0.00020488147856667638,104
17098,0.00020488412701524794,27474
17099,0.0002048843598458916,14688
17100,0.0002048894384643063,9096
17101,0.00020489045709837228,4020
17102,0.00020489291637204587,3888
17103,0.00020489587041083723,19557
17104,0.0002048964670393616,27126
17105,0.00020489952294155955,19783
17106,0.00020490771566983312,11214
17107,0.0002049079048447311,10982
17108,0.00020491171744652092,18871
17109,0.0002049277682090178,20838
17110,0.00020492813200689852,17493
17111,0.00020492974726948887,20846
17112,0.00020493261399678886,9106
17113,0.00020493676129262894,11200
17114,0.00020494271302595735,26935
17115,0.00020494317868724465,20314
17116,0.00020495241915341467,7466
17117,0.00020495906937867403,20109
17118,0.00020495921489782631,21115
17119,0.00020496081560850143,6012
17120,0.00020496452634688467,7532
17121,0.0002049662289209664,2851
17122,0.0002049662289209664,10837
17123,0.0002049662289209664,17276
17124,0.00020496876095421612,6503
17125,0.0002049691102001816,2028
17126,0.00020496935758274049,7201
17127,0.00020497293735388666,10020
17128,0.00020497555669862777,6142
17129,0.00020497755031101406,24300
17130,0.00020497826335486025,22681
17131,0.00020497891819104552,15603
17132,0.00020497942750807852,9475
17133,0.00020498462254181504,16947
17134,0.00020498734374996275,4879
17135,0.00020499130187090486,11110
17136,0.0002049930189969018,7867
17137,0.00020499550737440586,16449
17138,0.00020500119717326015,8325
17139,0.00020501288236118853,21130
17140,0.0002050145558314398,14440
17141,0.00020501652033999562,19756
17142,0.0002050219482043758,20189
17143,0.00020502232655417174,25739
17144,0.0002050286129815504,794
17145,0.00020503971609286964,9484
17146,0.00020503973064478487,19066
17147,0.00020503981795627624,15048
17148,0.0002050412294920534,1635
17149,0.00020504373242147267,9655
17150,0.00020504706481005996,12839
17151,0.00020504977146629244,6822
17152,0.00020505012071225792,17447
17153,0.00020505684369709343,3462
17154,0.00020505962311290205,24520
17155,0.0002050601178780198,17832
17156,0.0002050623734248802,12162
17157,0.00020506538567133248,3405
17158,0.000205066375201568,4221
17159,0.00020506707369349897,18636
17160,0.00020507628505583853,3697
17161,0.0002050782786682248,18641
17162,0.00020507954468484968,9845
17163,0.00020508517627604306,13350
17164,0.000205085554625839,17803
17165,0.00020508732995949686,2478
17166,0.00020509680325631052,21633
17167,0.00020509683236014098,25336
17168,0.000205103715416044,16908
17169,0.00020510389003902674,24823
17170,0.00020511641923803836,16193
17171,0.000205124742933549,5902
17172,0.00020512909395620227,873
17173,0.00020512913761194795,20968
17174,0.00020513137860689312,20792
17175,0.0002051333722192794,7492
17176,0.00020513474009931087,286
17177,0.00020513594790827483,10581
17178,0.00020514478092081845,15542
17179,0.00020515023788902909,8539
17180,0.00020515333744697273,2555
17181,0.0002051609626505524,2137
17182,0.0002051644551102072,12869
17183,0.0002051660412689671,8808
17184,0.00020516739459708333,4117
17185,0.00020516761287581176,3845
17186,0.00020516848599072546,2428
17187,0.0002051689225481823,22637
17188,0.00020516931544989347,25582
17189,0.00020516976655926555,14398
17190,0.00020517160010058433,24468
17191,0.00020517267694231123,18132
17192,0.00020517547091003507,22936
17193,0.00020517644588835537,20752
17194,0.00020517653319984674,7684
17195,0.00020517670782282948,15331
17196,0.00020518226665444672,27149
17197,0.00020518303790595382,14830
17198,0.00020518919336609542,5122
17199,0.00020519498502835631,26670
17200,0.00020520147518254817,475
17201,0.00020520748512353748,20629
17202,0.00020520870748441666,6825
17203,0.00020520982798188925,6953
17204,0.0002052123163593933,21039
17205,0.00020522292470559478,21860
17206,0.00020522330305539072,24821
17207,0.00020522851264104247,11172
17208,0.00020522973500192165,12953
17209,0.00020523433340713382,14188
17210,0.0002052419149549678,23808
17211,0.00020524194405879825,14007
17212,0.00020526393200270832,1344
17213,0.00020526441221591085,1091
17214,0.00020526722073554993,10122
17215,0.0002052679774351418,6499
17216,0.00020526831212919205,20844
17217,0.00020527184824459255,21031
17218,0.00020528316963464022,8849
17219,0.00020528488676063716,27649
17220,0.00020528574532363564,13663
17221,0.00020528600725810975,7810
17222,0.0002052881318377331,10226
17223,0.00020528888853732497,22483
17224,0.0002052895724773407,24375
17225,0.0002052952186204493,7238
17226,0.0002052981872111559,1862
17227,0.00020529887115117162,27380
17228,0.00020530250912997872,12787
17229,0.00020530253823380917,5850
17230,0.000205303993425332,2773
17231,0.000205303993425332,14962
17232,0.0002053057833109051,19186
17233,0.00020530684560071677,26763
17234,0.0002053085045190528,26603
17235,0.0002053113275906071,19379
17236,0.00020531233167275786,14387
17237,0.00020531451446004212,14156
17238,0.0002053155767498538,1745
17239,0.0002053156349575147,19527
17240,0.00020531746849883348,24248
17241,0.0002053175849141553,6265
17242,0.0002053183561656624,18237
17243,0.00020532087364699692,5999
17244,0.0002053241478279233,26337
17245,0.0002053242060355842,21539
17246,0.00020532622875180095,9428
17247,0.00020532868802547455,12680
17248,0.00020532899361569434,17766
17249,0.00020533079805318266,20748
17250,0.00020533493079710752,3036
17251,0.00020535258227027953,20976
17252,0.0002053542557405308,17031
17253,0.0002053551870631054,7171
17254,0.00020535568182822317,21072
17255,0.00020535611838568002,20897
17256,0.0002053629868896678,17980
17257,0.00020536307420115918,24989
17258,0.00020537772797979414,26107
17259,0.00020537833916023374,10593
17260,0.00020538140961434692,25558
17261,0.00020538532407954335,16083
17262,0.00020538533863145858,4767
17263,0.00020538603712338954,4368
17264,0.000205389762413688,8890
17265,0.00020539184333756566,4066
17266,0.00020539281831588596,9671
17267,0.00020539619436021894,21254
17268,0.00020539933757390827,5211
17269,0.0002054024807875976,941
17270,0.00020540277182590216,8409
17271,0.00020540285913739353,3608
17272,0.00020541163394227624,4494
17273,0.00020541241974569857,14471
17274,0.0002054146461887285,10293
17275,0.00020541953563224524,11025
17276,0.0002054238721029833,5226
17277,0.00020542502170428634,24614
17278,0.00020543145365081728,246
17279,0.0002054332144325599,20562
17280,0.0002054349606623873,20811
17281,0.00020543627033475786,1734
17282,0.00020543663413263857,8375
17283,0.0002054436772596091,12132
17284,0.00020544703875202686,1152
17285,0.00020544714061543345,18305
17286,0.00020544823200907558,20017
17287,0.0002054482902167365,6899
17288,0.00020544898870866746,22374
17289,0.00020544930885080248,15857
17290,0.00020545115694403648,11353
17291,0.00020545293227769434,17350
17292,0.00020545847655739635,4876
17293,0.0002054603974102065,25902
17294,0.00020546084851957858,8358
17295,0.0002054649085039273,1193
17296,0.00020546781888697296,20833
17297,0.00020546872110571712,21818
17298,0.00020546936138998717,10394
17299,0.00020547269377857447,14837
17300,0.00020547474559862167,6991
17301,0.0002054766082437709,6639
17302,0.00020548344764392823,4287
17303,0.0002054848737316206,23993
17304,0.00020548581960611045,9000
17305,0.00020548711472656578,3932
17306,0.00020548833708744496,24341
17307,0.00020548878819681704,14274
17308,0.00020548929751385003,23838
17309,0.00020549062173813581,9259
17310,0.00020549108739942312,6228
17311,0.00020549165492411703,315
17312,0.0002054935903288424,18665
17313,0.00020549522014334798,26163
17314,0.0002054971264442429,24404
17315,0.00020550047338474542,14919
17316,0.00020550329645629972,11171
17317,0.00020550510089378804,492
17318,0.00020550916087813675,6382
17319,0.0002055126242339611,636
17320,0.0002055153890978545,2502
17321,0.00020552064233925194,19738
17322,0.00020552794740069658,19563
17323,0.0002055353979812935,25243
17324,0.00020553676586132497,24399
17325,0.00020554187358357012,21563
17326,0.00020554188813548535,22373
17327,0.00020554375078063458,7224
17328,0.0002055493969237432,5538
17329,0.0002055527875199914,9946
17330,0.00020555431547109038,17158
17331,0.00020556071831379086,5936
17332,0.0002055612567346543,5435
17333,0.0002055637160083279,3729
17334,0.00020556752861011773,192
17335,0.0002055689546978101,10012
17336,0.0002055714139714837,13726
17337,0.0002055741788353771,17641
17338,0.0002055747900158167,8404
17339,0.00020557886455208063,18999
17340,0.0002055809454759583,2347
17341,0.00020558144024107605,5823
17342,0.00020558229880407453,4674
17343,0.00020558523829095066,747
17344,0.0002055852673947811,10660
17345,0.0002055857767118141,15285
17346,0.00020559340191539377,3860
17347,0.00020559426047839224,26256
17348,0.00020559692347887903,2994
17349,0.00020560195844154805,1937
17350,0.00020560374832712114,21321
17351,0.00020560524717438966,9082
17352,0.00020560604752972722,679
17353,0.00020561648125294596,4613
17354,0.00020561862038448453,15474
17355,0.00020561993005685508,24403
17356,0.0002056222438113764,20544
17357,0.00020562688587233424,22841
17358,0.000205628399271518,27491
17359,0.00020563011639751494,16319
17360,0.00020563494763337076,5191
17361,0.00020563590805977583,3784
17362,0.00020563755242619663,424
17363,0.00020564079750329256,22109
17364,0.00020564180158544332,10070
17365,0.00020564525038935244,18596
17366,0.00020564690930768847,3433
17367,0.00020564736041706055,9221
17368,0.0002056477969745174,22172
17369,0.00020564894657582045,2445
17370,0.00020565727027133107,1123
17371,0.00020565804152283818,21034
17372,0.00020565843442454934,8789
17373,0.00020565901650115848,4068
17374,0.00020565977320075035,3547
17375,0.00020566073362715542,16411
17376,0.00020566419698297977,12950
17377,0.00020566859166137874,3811
17378,0.0002056707307929173,13902
17379,0.00020567490719258785,16911
17380,0.00020567736646626145,22169
17381,0.00020567834144458175,11872
17382,0.00020567861793097109,10682
17383,0.0002056825178442523,14499
17384,0.00020568870240822434,12822
17385,0.00020569081243593246,24500
17386,0.0002056924276985228,19313
17387,0.00020569511980284005,17611
17388,0.0002056972443824634,1748
17389,0.00020571077766362578,9674
17390,0.000205711810849607,7022
17391,0.00020571275672409683,10106
17392,0.00020571885397657752,25136
17393,0.00020572070206981152,7052
17394,0.0002057208912447095,26549
17395,0.0002057279198197648,12818
17396,0.00020572805078700185,12848
17397,0.00020572931680362672,14272
17398,0.00020573129586409777,23664
17399,0.0002057382371276617,26004
17400,0.0002057397796306759,18039
17401,0.00020574057998601347,12394
17402,0.00020574103109538555,6254
17403,0.00020574312657117844,22612
17404,0.0002057438832707703,237
17405,0.0002057443925878033,27555
17406,0.00020575292001012713,2807
17407,0.0002057668607449159,1481
17408,0.00020576991664711386,1747
17409,0.00020576997485477477,24208
17410,0.00020577483519446105,13339
17411,0.0002057776873698458,13404
17412,0.00020578046678565443,15100
17413,0.00020578803378157318,3807
17414,0.00020579119154717773,27255
17415,0.0002057915844488889,1673
17416,0.0002057922974927351,13455
17417,0.00020580601994879544,17427
17418,0.0002058080572169274,22562
17419,0.00020580833370331675,4629
17420,0.00020581124408636242,19748
17421,0.00020581381977535784,6850
17422,0.00020582250726874918,759
17423,0.00020582326396834105,23109
17424,0.0002058262180071324,21456
17425,0.00020583109289873391,7894
17426,0.00020583337754942477,6403
17427,0.00020583557488862425,15464
17428,0.00020584007143042982,7073
17429,0.00020584060985129327,12322
17430,0.00020584368030540645,4915
17431,0.00020586165192071348,16998
17432,0.00020586189930327237,796
17433,0.00020586467871908098,14547
17434,0.00020586667233146727,1560
17435,0.00020586821483448148,17262
17436,0.00020586975733749568,20940
17437,0.00020587390463333577,13701
17438,0.00020587409380823374,7181
17439,0.00020587410836014897,23488
17440,0.00020587502513080835,20061
17441,0.00020587629114743322,18092
17442,0.00020587649487424642,4527
17443,0.00020588365441653877,22775
17444,0.00020589170162566006,7260
17445,0.00020589672203641385,8397
17446,0.00020589696941897273,23872
17447,0.00020589980704244226,9848
17448,0.0002059020334854722,2544
17449,0.00020590452186297625,1485
17450,0.0002059091639239341,25295
17451,0.0002059161342913285,2128
17452,0.00020591900101862848,10050
17453,0.00020592613145709038,10026
17454,0.0002059267135336995,21026
17455,0.00020592893997672945,10878
17456,0.0002059307153103873,21949
17457,0.00020593072986230254,20034
17458,0.00020593382942024618,16724
17459,0.0002059352700598538,10036
17460,0.00020593595399986953,11487
17461,0.00020593676890712231,23830
17462,0.00020594248780980706,21988
17463,0.0002059430698864162,26721
17464,0.00020594432135112584,21997
17465,0.0002059458929579705,11034
17466,0.00020594715897459537,12269
17467,0.0002059473335975781,2023
17468,0.0002059481048490852,10681
17469,0.00020594862871803343,27734
17470,0.00020595062233041972,7834
17471,0.00020595200476236641,5355
17472,0.0002059587131952867,27756
17473,0.00020595878595486283,2415
17474,0.0002059604594251141,23467
17475,0.0002059625112451613,3197
17476,0.00020596680406015366,1435
17477,0.00020596740068867803,4848
17478,0.00020596999092958868,2437
17479,0.00020597009279299527,17134
17480,0.00020597213006112725,9875
17481,0.0002059723628917709,25911
17482,0.00020597464754246175,3102
17483,0.00020597729599103332,5343
17484,0.00020597947877831757,23278
17485,0.00020598209812305868,23986
17486,0.00020598330593202263,10258
17487,0.00020598768605850637,113
17488,0.00020598788978531957,13243
17489,0.00020599279378075153,6147
17490,0.00020599967683665454,3561
17491,0.0002059999096672982,21687
17492,0.000206000215257518,10712
17493,0.0002060082770185545,8909
17494,0.00020601060532499105,21764
17495,0.00020602133008651435,1311
17496,0.00020602295990101993,16011
17497,0.00020602895529009402,8231
17498,0.00020603214215952903,10639
17499,0.00020603295706678182,23291
17500,0.0002060345868812874,1073
17501,0.00020603512530215085,22213
17502,0.00020603950542863458,10787
17503,0.00020604186283890158,292
17504,0.0002060427505057305,1903
17505,0.00020604334713425487,12078
17506,0.00020604518067557365,26985
17507,0.00020604656310752034,20997
17508,0.0002060502883978188,20172
17509,0.00020605194731615484,18501
17510,0.00020605370809789747,19120
17511,0.000206054697628133,21214
17512,0.00020606066391337663,5756
17513,0.00020606642647180706,5855
17514,0.00020607441547326744,15460
17515,0.00020607633632607758,11522
17516,0.0002060768019873649,6493
17517,0.00020607684564311057,557
17518,0.0002060778351733461,9321
17519,0.00020607977057807148,15030
17520,0.00020608569320756942,7618
17521,0.00020609328930731863,18298
17522,0.0002060972183244303,3702
17523,0.00020609982311725616,20793
17524,0.00020610175852198154,521
17525,0.00020610337378457189,10021
17526,0.00020610533829312772,26117
17527,0.00020610648789443076,24997
17528,0.00020611428772099316,18099
17529,0.00020611613581422716,25799
17530,0.00020612173830159009,24850
17531,0.00020612191292457283,19487
17532,0.00020612329535651952,6171
17533,0.00020612834487110376,5410
17534,0.0002061285194940865,9102
17535,0.00020614686945918947,27347
17536,0.00020615034736692905,10308
17537,0.000206153403269127,415
17538,0.0002061560080619529,10218
17539,0.0002061569393845275,19536
17540,0.00020615759422071278,20305
17541,0.00020616487017832696,12942
17542,0.00020616610709112138,3782
17543,0.00020616746041923761,1260
17544,0.00020616901747416705,15397
17545,0.00020616943947970867,21574
17546,0.00020617047266568989,9882
17547,0.0002061722771031782,22435
17548,0.00020617633708752692,895
17549,0.00020618501002900302,10572
17550,0.00020618538837879896,3871
17551,0.00020618896814994514,25185
17552,0.00020619311544578522,2344
17553,0.00020619365386664867,23916
17554,0.00020619573479052633,17223
17555,0.00020619624410755932,24650
17556,0.00020619902352336794,2032
17557,0.0002061992126982659,27340
17558,0.00020620005670934916,3147
17559,0.00020620528084691614,13244
17560,0.00020620774012058973,10966
17561,0.0002062158309854567,25340
17562,0.00020621718431357294,24042
17563,0.0002062172716250643,7845
17564,0.00020621807198040187,3477
17565,0.00020622482406906784,2441
17566,0.00020622504234779626,18096
17567,0.00020622790907509625,9983
17568,0.0002062301355181262,7863
17569,0.00020623298769351095,2824
17570,0.00020623375894501805,22534
17571,0.00020623794989660382,24799
17572,0.00020623816817533225,18468
17573,0.00020624257740564644,3710
17574,0.00020624561875592917,9907
17575,0.0002062471176031977,12009
17576,0.00020624911121558398,10654
17577,0.00020624975149985403,24793
17578,0.00020625510660465807,17757
17579,0.00020626024343073368,19955
17580,0.00020626372133847326,27616
17581,0.000206264914595522,16311
17582,0.0002062671264866367,15071
17583,0.00020626714103855193,495
17584,0.00020626719924621284,15390
17585,0.0002062685089185834,26936
17586,0.00020626874174922705,18306
17587,0.0002062691783066839,14671
17588,0.00020627111371140927,16986
17589,0.00020627320918720216,26738
17590,0.00020627772028092295,23694
17591,0.0002062779531115666,22253
17592,0.00020628208585549146,17551
17593,0.00020628531638067216,27205
17594,0.00020628608763217926,1863
17595,0.00020628681522794068,15840
17596,0.00020628751371987164,785
17597,0.00020628883794415742,27702
17598,0.00020629065693356097,16745
17599,0.00020629289792850614,18522
17600,0.00020629542996175587,16992
17601,0.00020629793289117515,12027
17602,0.00020629937353078276,27667
17603,0.00020631018560379744,146
17604,0.00020631056395359337,5589
17605,0.00020631092775147408,19332
17606,0.00020631245570257306,27182
17607,0.0002063156571239233,24994
17608,0.00020632076484616846,23936
17609,0.00020632371888495982,14859
17610,0.00020632956875488162,7772
17611,0.0002063322317553684,27449
17612,0.00020633888198062778,2801
17613,0.0002063403808278963,4043
17614,0.00020634087559301406,11359
17615,0.00020634404791053385,121
17616,0.00020634660904761404,23244
17617,0.0002063470456050709,13392
17618,0.0002063471474684775,11415
17619,0.0002063496212940663,9998
17620,0.00020635085820686072,22448
17621,0.00020636124827433378,2148
17622,0.00020636498811654747,26744
17623,0.00020636564295273274,17516
17624,0.00020636619592551142,19309
17625,0.0002063677238766104,23745
17626,0.00020636804401874542,22878
17627,0.0002063704887405038,19136
17628,0.0002063755237031728,17800
17629,0.00020637555280700326,7156
17630,0.00020637575653381646,2267
17631,0.00020638183923438191,745
17632,0.00020638314890675247,5437
17633,0.00020638392015825957,14437
17634,0.00020638549176510423,26184
17635,0.00020638725254684687,3026
17636,0.00020638969726860523,19627
17637,0.00020639572176150978,17060
17638,0.00020639847207348794,3230
17639,0.00020640167349483818,23945
17640,0.0002064029686152935,11534
17641,0.0002064030122710392,19585
17642,0.00020641053561121225,27510
17643,0.00020641325681935996,21218
17644,0.00020642172603402287,22165
17645,0.0002064256987068802,15448
17646,0.0002064260042971,12670
17647,0.0002064272848656401,17438
17648,0.00020642967137973756,12298
17649,0.00020643864991143346,22828
17650,0.0002064472937490791,15524
17651,0.0002064510917989537,25619
17652,0.0002064514992525801,4029
17653,0.0002064521104330197,10658
17654,0.00020646063785534352,14281
17655,0.00020646268967539072,16877
17656,0.0002064629370579496,14691
17657,0.00020646296616178006,15359
17658,0.00020646318444050848,17104
17659,0.00020647661585826427,12046
17660,0.00020648154895752668,18241
17661,0.00020648178178817034,12155
17662,0.0002064885920844972,5167
17663,0.00020648866484407336,20455
17664,0.00020649829821195453,4315
17665,0.00020649944781325758,11368
17666,0.0002065012522507459,26067
17667,0.00020650324586313218,110
17668,0.00020650324586313218,5872
17669,0.00020651142403949052,27201
17670,0.00020651539671234787,11579
17671,0.00020651701197493821,27119
17672,0.00020652255625464022,21800
17673,0.0002065232692984864,1449
17674,0.00020652348757721484,24491
17675,0.00020652513194363564,2907
17676,0.00020652523380704224,16990
17677,0.00020652929379139096,4025
17678,0.00020653032697737217,9969
17679,0.00020653514366131276,13108
17680,0.0002065353182842955,1370
17681,0.00020653914543800056,4192
17682,0.00020653987303376198,18813
17683,0.0002065471198875457,13014
17684,0.00020654893887694925,20016
17685,0.00020654905529227108,22599
17686,0.0002065529697574675,18292
17687,0.000206554657779634,23210
17688,0.00020656028937082738,17331
17689,0.00020656308333855122,16107
17690,0.0002065652224700898,24357
17691,0.00020656941342167556,22034
17692,0.00020657115965150297,5597
17693,0.00020657249842770398,14085
17694,0.00020657909044530243,19342
17695,0.00020657999266404659,10687
17696,0.00020658202993217856,23693
17697,0.00020658606081269681,5266
17698,0.00020658680296037346,7896
17699,0.00020659105211962014,24695
17700,0.00020659819710999727,13881
17701,0.00020659842994064093,11399
17702,0.00020660059817600995,26064
17703,0.0002066013985313475,6777
17704,0.0002066017041215673,25123
17705,0.00020660429436247796,5941
17706,0.0002066055458271876,5037
17707,0.00020660679729189724,18602
17708,0.0002066110318992287,1806
17709,0.00020661110465880483,10199
17710,0.00020661162852775306,4184
17711,0.0002066143206320703,6098
17712,0.00020661710004787892,23088
17713,0.00020661861344706267,6741
17714,0.000206618889933452,7139
17715,0.00020662178576458246,15862
17716,0.0002066306333290413,26335
17717,0.00020663498435169458,17773
17718,0.00020663593022618443,16350
17719,0.00020663713803514838,8005
17720,0.00020663854957092553,9099
17721,0.00020664272597059608,3396
17722,0.0002066460729110986,21345
17723,0.00020664630574174225,303
17724,0.00020665072952397168,11649
17725,0.0002066529414150864,18309
17726,0.00020665449847001582,23431
17727,0.00020666370983235538,190
17728,0.00020666446653194726,12099
17729,0.0002066657179966569,10237
17730,0.0002066729502985254,6941
17731,0.00020667318312916905,11606
17732,0.00020667507487814873,22576
17733,0.0002066799788735807,24081
17734,0.00020668524666689336,18556
17735,0.0002066857268800959,16612
17736,0.000206687836907804,13270
17737,0.0002066898887278512,4973
17738,0.00020669010700657964,6841
17739,0.00020669378864113241,16876
17740,0.00020669518562499434,12268
17741,0.00020669704827014357,17769
17742,0.00020669715013355017,10566
17743,0.00020669949299190193,2919
17744,0.000206702301511541,6486
17745,0.00020670263620559126,14270
17746,0.00020670365483965725,17131
17747,0.0002067047607852146,6711
17748,0.00020670579397119582,7578
17749,0.00020670749654527754,17947
17750,0.00020670882076956332,15731
17751,0.00020671026140917093,14991
17752,0.00020671068341471255,17002
17753,0.00020671381207648665,14166
17754,0.00020672092796303332,24473
17755,0.00020672433311119676,10033
17756,0.00020673319522757083,14416
17757,0.00020673361723311245,16413
17758,0.0002067408204311505,11672
17759,0.00020674245024565607,23338
17760,0.00020674261031672359,9964
17761,0.00020674403640441597,24751
17762,0.00020674463303294033,12811
17763,0.00020674489496741444,14548
17764,0.00020674952247645706,8056
17765,0.0002067497989628464,21064
17766,0.00020675614359788597,16130
17767,0.00020675791893154383,7621
17768,0.00020675863197539002,16462
17769,0.00020675953419413418,25790
17770,0.00020676244457717985,3121
17771,0.0002067631867248565,23323
17772,0.00020676635904237628,19970
17773,0.00020676855638157576,16575
17774,0.0002067689347313717,13219
17775,0.00020677497377619147,21619
17776,0.00020678153668995947,26830
17777,0.00020678702276200056,9153
17778,0.00020678727014455944,3117
17779,0.0002067876048386097,14051
17780,0.000206789409276098,2269
17781,0.00020679189765360206,14722
17782,0.0002067962777800858,23657
17783,0.000206814642297104,18460
17784,0.0002068161848001182,20466
17785,0.0002068163303192705,3982
17786,0.00020681774185504764,27039
17787,0.0002068240282824263,22200
17788,0.00020682552712969482,11832
17789,0.0002068270114250481,11071
17790,0.0002068301400868222,16756
17791,0.0002068350586341694,25520
17792,0.00020683638285845518,22788
17793,0.00020683852198999375,25861
17794,0.00020684419723693281,14092
17795,0.00020684546325355768,21223
17796,0.00020684594346676022,12
17797,0.00020684899936895818,21636
17798,0.00020685124036390334,27716
17799,0.0002068532630801201,11396
17800,0.00020686117932200432,9603
17801,0.0002068647154374048,20401
17802,0.0002068659960059449,6967
17803,0.00020686813513748348,22249
17804,0.0002068686590064317,2595
17805,0.00020687079813797027,17419
17806,0.0002068711182801053,5174
17807,0.00020687381038442254,27454
17808,0.00020687544019892812,22390
17809,0.00020687551295850426,8101
17810,0.0002068768662866205,25009
17811,0.00020687846699729562,16796
17812,0.0002068792819045484,17072
17813,0.00020688444783445448,14685
17814,0.0002068871253868565,12203
17815,0.0002068878966383636,2578
17816,0.00020689023949671537,21551
17817,0.00020689211669377983,12788
17818,0.0002068924077320844,27624
17819,0.00020689294615294784,14557
17820,0.00020689443044830114,2493
17821,0.0002068984176730737,10017
17822,0.00020690042583737522,10885
17823,0.0002069038455374539,7598
17824,0.00020690675592049956,15688
17825,0.00020690911333076656,5202
17826,0.00020691176177933812,18000
17827,0.0002069160109385848,1865
17828,0.00020691766985692084,23559
17829,0.00020692060934379697,22042
17830,0.00020692557154688984,26110
17831,0.00020692813268397003,2506
17832,0.00020693249825853854,22144
17833,0.00020693462283816189,5319
17834,0.0002069407928502187,21618
17835,0.00020694380509667099,23908
17836,0.00020694387785624713,10186
17837,0.00020694419799838215,25317
17838,0.00020694464910775423,7579
17839,0.0002069454494630918,21395
17840,0.0002069460751954466,5126
17841,0.00020696193678304553,22743
17842,0.00020696216961368918,27536
17843,0.00020697263244073838,2171
17844,0.0002069899346679449,10686
17845,0.00020699237938970327,24732
17846,0.0002069994661724195,12520
17847,0.00020700047025457025,24811
17848,0.00020700166351161897,22678
17849,0.00020700256573036313,27036
17850,0.00020700442837551236,22233
17851,0.0002070102491416037,16712
17852,0.00020701216999441385,10912
17853,0.00020701218454632908,14785
17854,0.0002070192276732996,24332
17855,0.00020701995526906103,19734
17856,0.00020702529582194984,22369
17857,0.00020702545589301735,16753
17858,0.00020702833717223257,21755
17859,0.0002070326154353097,6565
17860,0.0002070356422336772,6655
17861,0.0002070413320325315,11870
17862,0.0002070462505798787,12214
17863,0.000207046716241166,24048
17864,0.00020704921917058527,23978
17865,0.00020705987117253244,16755
17866,0.00020707213843706995,17521
17867,0.00020707244402728975,12823
17868,0.00020707290968857706,11924
17869,0.00020707360818050802,14383
17870,0.00020707548537757248,394
17871,0.00020708171359729022,5798
17872,0.00020708308147732168,24567
17873,0.0002070838090730831,18584
17874,0.00020708584634121507,9296
17875,0.00020709275850094855,5495
17876,0.00020709588716272265,26028
17877,0.00020709661475848407,21438
17878,0.00020709738600999117,23926
17879,0.00020709897216875106,4304
17880,0.00020710875105578452,11951
17881,0.000207110948394984,20865
17882,0.00020711358229164034,6683
17883,0.00020711460092570633,27460
17884,0.0002071173075819388,23519
17885,0.00020712061086669564,26053
17886,0.00020712245895992965,14249
17887,0.0002071237686323002,18916
17888,0.00020712379773613065,2094
17889,0.0002071245398838073,16473
17890,0.0002071257767966017,13954
17891,0.00020712688274215907,24479
17892,0.00020712692639790475,15394
17893,0.00020712729019578546,21623
17894,0.00020712877449113876,17409
17895,0.00020712957484647632,18385
17896,0.0002071362832793966,21485
17897,0.00020713699632324278,7874
17898,0.00020714492711704224,16381
17899,0.00020714497077278793,26354
17900,0.00020714811398647726,1313
17901,0.00020715231948997825,19925
17902,0.00020715492428280413,5913
17903,0.00020716196740977466,27665
17904,0.00020716802100650966,8862
17905,0.00020717251754831523,17312
17906,0.00020717459847219288,21217
17907,0.00020717554434668273,27108
17908,0.0002071759372483939,14952
17909,0.00020717662118840963,16305
17910,0.0002071789640467614,26267
17911,0.00020718461018987,7396
17912,0.00020718472660519183,21280
17913,0.0002071883500320837,5847
17914,0.00020719088206533343,22175
17915,0.00020719408348668367,16024
17916,0.00020719443273264915,1829
17917,0.00020719581516459584,16242
17918,0.0002071997878374532,21552
17919,0.00020720808242913336,7382
17920,0.00020720843167509884,22972
17921,0.00020721224427688867,7321
17922,0.00020721404871437699,9692
17923,0.00020721417968161404,24224
17924,0.00020721570763271302,1332
17925,0.0002072173956548795,19307
17926,0.00020721911278087646,3931
17927,0.00020721927285194397,12056
17928,0.00020722454064525664,11001
17929,0.00020723264606203884,20647
17930,0.00020723712805192918,3803
17931,0.00020723788475152105,25656
17932,0.00020723797206301242,17221
17933,0.00020724051864817739,3183
17934,0.00020724657224491239,4548
17935,0.00020724779460579157,24970
17936,0.00020725010836031288,8960
17937,0.00020725287322420627,15472
17938,0.00020725751528516412,12147
17939,0.0002072601782856509,16224
17940,0.00020726359798572958,11298
17941,0.00020726425282191485,14332
17942,0.0002072660718113184,25518
17943,0.00020727209630422294,10830
17944,0.00020727302762679756,4460
17945,0.00020727398805320263,8529
17946,0.0002072741335723549,520
17947,0.00020727577793877572,12305
17948,0.00020727887749671936,24586
17949,0.00020728522213175893,16007
17950,0.00020728670642711222,17106
17951,0.00020728717208839953,18896
17952,0.00020729766401927918,1045
17953,0.0002072983916150406,3647
17954,0.00020730185497086495,3218
17955,0.00020730282994918525,10888
17956,0.00020730806863866746,7467
17957,0.0002073223004117608,5581
17958,0.00020732467237394303,4425
17959,0.00020732596749439836,4305
17960,0.00020732726261485368,25434
17961,0.0002073293726425618,7483
17962,0.0002073308132821694,20270
17963,0.00020733104611281306,8006
17964,0.00020733720157295465,3806
17965,0.00020733731798827648,22919
17966,0.00020733782730530947,9173
17967,0.0002073395298793912,3070
17968,0.0002073538926197216,8437
17969,0.00020735498401336372,21875
17970,0.00020735552243422717,15415
17971,0.00020735555153805763,26551
17972,0.0002073572832159698,13595
17973,0.00020736017904710025,19371
17974,0.0002073631767416373,21275
17975,0.00020736496662721038,27467
17976,0.00020736992883030325,8177
17977,0.00020737001614179462,6086
17978,0.0002073701616609469,6868
17979,0.0002073733339784667,14497
17980,0.00020737355225719512,19112
17981,0.00020737582235597074,20806
17982,0.00020737675367854536,347
17983,0.000207385397516191,19716
17984,0.00020738884632010013,22659
17985,0.00020739219326060265,10809
17986,0.00020739618048537523,9346
17987,0.00020740331092383713,20548
17988,0.00020740859326906502,19769
17989,0.00020741157641168684,17600
17990,0.00020741259504575282,21920
17991,0.0002074222720693797,6430
17992,0.00020742393098771572,22652
17993,0.0002074275689665228,25885
17994,0.00020743050845339894,18477
17995,0.0002074310032185167,18645
17996,0.00020743426284752786,13273
17997,0.00020744414359796792,9899
17998,0.0002074452058877796,6119
17999,0.00020744746143464,17995
18000,0.0002074509102385491,15084
18001,0.00020745159417856485,19229
18002,0.0002074518270092085,3368
18003,0.00020745616347994655,19357
18004,0.00020745689107570797,18570
18005,0.00020746103837154806,26664
18006,0.00020746345398947597,15547
18007,0.00020746368682011962,1972
18008,0.00020746594236698002,5738
18009,0.0002074719814117998,9942
18010,0.00020747308735735714,10548
18011,0.00020747503731399775,10230
18012,0.0002074766525765881,13868
18013,0.00020747698727063835,16035
18014,0.00020747727830894291,26775
18015,0.00020748136739712209,1265
18016,0.0002074850199278444,16662
18017,0.00020749263057950884,25867
18018,0.00020749264513142407,26133
18019,0.00020749284885823727,11339
18020,0.00020749293616972864,11477
18021,0.00020749894611071795,17099
18022,0.0002075083611998707,23604
18023,0.00020751218835357577,10940
18024,0.00020751486590597779,3441
18025,0.0002075150841847062,6093
18026,0.00020751937699969858,1380
18027,0.00020752142881974578,19103
18028,0.00020752512500621378,7127
18029,0.00020752527052536607,13290
18030,0.00020752707496285439,11995
18031,0.0002075282100122422,14264
18032,0.00020753235730808228,7145
18033,0.00020754546858370304,23226
18034,0.00020754853903781623,22983
18035,0.00020755089644808322,20821
18036,0.00020755405421368778,11099
18037,0.0002075630472972989,12353
18038,0.0002075641677947715,26983
18039,0.0002075663796858862,20075
18040,0.00020756731100846082,10998
18041,0.00020756761659868062,12495
18042,0.00020757036691065878,15024
18043,0.0002075717638945207,20654
18044,0.00020757444144692272,6380
18045,0.0002075771044474095,15559
18046,0.00020757794845849276,10261
18047,0.00020758152822963893,17402
18048,0.00020758442406076938,14482
18049,0.00020758497703354806,8220
18050,0.00020759158360306174,4055
18051,0.0002075948432320729,25440
18052,0.00020759509061463177,18660
18053,0.00020759626931976527,17298
18054,0.00020760185725521296,10949
18055,0.00020760342886205763,27553
18056,0.00020760481129400432,591
18057,0.00020760558254551142,23558
18058,0.00020760568440891802,12674
18059,0.00020760584447998554,10150
18060,0.00020760641200467944,19043
18061,0.0002076091041089967,25866
18062,0.0002076099772239104,536
18063,0.00020761661289725453,15571
18064,0.00020761969790328294,27761
18065,0.00020762300118803978,5203
18066,0.00020762319036293775,9124
18067,0.00020762323401868343,3699
18068,0.0002076241362374276,3973
18069,0.00020762420899700373,24907
18070,0.00020762534404639155,18329
18071,0.00020762592612300068,3603
18072,0.00020762781787198037,23818
18073,0.00020763165957760066,2910
18074,0.00020763165957760066,27399
18075,0.0002076326054520905,7101
18076,0.00020763666543643922,23687
18077,0.00020763828069902956,25914
18078,0.00020764066721312702,13625
18079,0.00020764580403920263,26809
18080,0.00020764592045452446,2411
18081,0.00020765124645549804,17183
18082,0.00020765238150488585,13888
18083,0.00020765875524375588,12312
18084,0.0002076604141620919,10449
18085,0.00020766197121702135,8598
18086,0.0002076623641187325,6489
18087,0.00020766265515703708,25391
18088,0.00020766603120137006,2523
18089,0.00020766683155670762,1529
18090,0.00020766793750226498,2091
18091,0.00020767019304912537,5774
18092,0.00020767160458490252,26512
18093,0.00020767207024618983,3604
18094,0.00020767396199516952,8395
18095,0.0002076763630611822,17808
18096,0.0002076778473565355,16529
18097,0.00020768344984389842,15546
18098,0.0002076841628877446,24813
18099,0.00020768586546182632,13763
18100,0.00020769280672539026,9147
18101,0.00020769656111951917,12985
18102,0.00020770075207110494,26188
18103,0.00020770503033418208,3160
18104,0.00020770571427419782,20468
18105,0.00020770814444404095,21940
18106,0.0002077091921819374,1687
18107,0.00020771236449945718,11971
18108,0.00020771367417182773,2533
18109,0.00020771536219399422,27107
18110,0.00020771608978975564,19831
18111,0.0002077173994621262,14445
18112,0.00020772183779627085,7288
18113,0.00020772221614606678,1643
18114,0.0002077270910376683,27228
18115,0.00020773096184711903,9701
18116,0.0002077322278637439,3522
18117,0.00020773764117620885,15724
18118,0.00020774516451638192,18763
18119,0.00020774859876837581,19801
18120,0.0002077487006317824,1057
18121,0.00020776147721335292,4664
18122,0.0002077631652355194,20380
18123,0.00020776632300112396,14943
18124,0.00020776853489223868,14656
18125,0.00020777391910087317,27614
18126,0.00020777525787707418,21247
18127,0.00020778765610884875,21913
18128,0.0002077878307318315,20834
18129,0.00020779084297828376,16723
18130,0.00020779110491275787,21301
18131,0.00020779325859621167,22991
18132,0.00020779771148227155,24049
18133,0.0002077980461763218,20360
18134,0.00020779852638952434,11169
18135,0.00020780150953214616,21693
18136,0.00020780377963092178,16566
18137,0.0002078042016364634,617
18138,0.00020781099738087505,9053
18139,0.00020782086357939988,9604
18140,0.00020782341016456485,22139
18141,0.00020782342471648008,21591
18142,0.00020782540377695113,19684
18143,0.00020783224317710847,23028
18144,0.00020783726358786225,25646
18145,0.00020783868967555463,8163
18146,0.00020784085791092366,5925
18147,0.00020784165826626122,5114
18148,0.00020784696971531957,12877
18149,0.0002078520628856495,968
18150,0.00020785239757969975,26856
18151,0.00020785485685337335,4313
18152,0.00020785900414921343,20087
18153,0.00020785951346624643,23474
18154,0.00020786005188710988,15476
18155,0.0002078602701658383,3412
18156,0.0002078612451441586,16627
18157,0.0002078639081446454,9370
18158,0.00020786510140169412,5055
18159,0.000207867196877487,7719
18160,0.00020787485118489712,6912
18161,0.0002078750403597951,25236
18162,0.0002078763209283352,25107
18163,0.0002078770921798423,9670
18164,0.00020787840185221285,1524
18165,0.00020788218535017222,18210
18166,0.000207885866984725,3959
18167,0.00020788630354218185,13161
18168,0.0002078910038108006,24864
18169,0.00020789136760868132,2954
18170,0.0002078929537674412,6807
18171,0.00020789650443475693,10955
18172,0.00020789859991054982,22631
18173,0.00020789979316759855,6602
18174,0.00020790036069229245,11187
18175,0.0002079068508464843,11373
18176,0.00020790727285202593,13856
18177,0.00020791722636204213,13853
18178,0.0002079191035591066,19723
18179,0.00020791965653188527,19049
18180,0.0002079205441987142,23731
18181,0.00020793646399397403,15150
18182,0.00020794298325199634,17101
18183,0.00020794458396267146,12166
18184,0.0002079479891108349,18934
18185,0.0002079509140457958,22475
18186,0.00020795264572370797,26034
18187,0.0002079545083688572,26873
18188,0.0002079562982544303,11325
18189,0.00020795746240764856,5328
18190,0.00020795853924937546,9028
18191,0.0002079588157357648,13233
18192,0.00020796347234863788,13930
18193,0.00020797057368326932,13382
18194,0.00020797074830625206,14044
18195,0.00020797103934455663,21738
18196,0.00020797237812075764,826
18197,0.00020797320757992566,20368
18198,0.0002079747209791094,19236
18199,0.0002079748664982617,18627
18200,0.00020797757315449417,6719
18201,0.00020798073092009872,22044
18202,0.0002079810801660642,11826
18203,0.00020798765763174742,24165
18204,0.00020798793411813676,14725
18205,0.00020799075718969107,21317
18206,0.0002079930272884667,5204
18207,0.0002079942059936002,27504
18208,0.00020799455523956567,8806
18209,0.00020799640333279967,1697
18210,0.0002079979603877291,648
18211,0.0002080007252516225,12574
18212,0.00020801345817744732,20223
18213,0.00020801520440727472,18157
18214,0.00020801772188860923,6129
18215,0.00020802019571419805,1336
18216,0.00020802594372071326,14644
18217,0.000208026627660729,27682
18218,0.00020802831568289548,709
18219,0.00020803282677661628,21131
18220,0.00020803415100090206,20007
18221,0.0002080361737171188,13003
18222,0.00020803679944947362,1406
18223,0.000208036886760965,15356
18224,0.00020803844381589442,7137
18225,0.00020804318774025887,14579
18226,0.0002080452541122213,12236
18227,0.00020804912492167205,5687
18228,0.00020804912492167205,18840
18229,0.00020805159874726087,10842
18230,0.0002080539707094431,12737
18231,0.00020805731764994562,3283
18232,0.00020805932581424713,5595
18233,0.0002080602280329913,9339
18234,0.0002080733102047816,13740
18235,0.00020807703549508005,20068
18236,0.00020808160479646176,12729
18237,0.0002080905542243272,19218
18238,0.00020809231500606984,14208
18239,0.00020809246052522212,1936
18240,0.00020809643319807947,12075
18241,0.00020809663692489266,22976
18242,0.00020809692796319723,2211
18243,0.0002080970152746886,1836
18244,0.0002080975827993825,7697
18245,0.00020809780107811093,20855
18246,0.00020810084242839366,25553
18247,0.00020810186106245965,259
18248,0.00020810936985071748,12760
18249,0.00020811884314753115,11149
18250,0.00020812060392927378,23011
18251,0.0002081219427054748,6257
18252,0.00020812249567825347,3639
18253,0.00020812400907743722,21809
18254,0.00020812432921957225,22795
18255,0.00020812443108297884,3278
18256,0.00020813183800783008,11873
18257,0.00020813211449421942,17843
18258,0.00020813329319935292,5375
18259,0.00020813458831980824,22767
18260,0.00020813696028199047,23485
18261,0.0002081373822875321,3635
18262,0.0002081383136101067,10415
18263,0.00020813962328247726,12857
18264,0.00020813975424971431,9729
18265,0.00020815095922444016,22954
18266,0.0002081561688100919,26222
18267,0.00020815912284888327,23966
18268,0.00020816070900764316,7190
18269,0.00020816319738514721,45
18270,0.00020816741744056344,27433
18271,0.0002081681595882401,18729
18272,0.00020817310723941773,26500
18273,0.000208174271392636,26229
18274,0.00020818178018089384,23145
18275,0.0002081865823129192,20015
18276,0.00020820280769839883,263
18277,0.00020820327335968614,17059
18278,0.00020820343343075365,2656
18279,0.00020821337238885462,2021
18280,0.000208217155886814,19172
18281,0.0002082197170238942,13434
18282,0.00020821986254304647,16970
18283,0.00020822403894271702,21813
18284,0.00020822481019422412,14427
18285,0.00020822601800318807,4953
18286,0.00020823191152885556,22341
18287,0.0002082345454255119,10818
18288,0.0002082361315842718,14661
18289,0.00020823908562306315,26095
18290,0.0002082405553665012,23708
18291,0.00020824160310439765,16458
18292,0.0002082443970721215,3202
18293,0.00020824710372835398,17040
18294,0.00020824909734074026,4835
18295,0.00020825130923185498,19597
18296,0.00020825410319957882,22120
18297,0.00020825554383918643,27312
18298,0.00020826079708058387,4959
18299,0.0002082737337332219,12402
18300,0.0002082775899907574,14232
18301,0.00020827967091463506,23469
18302,0.00020828115520998836,20324
18303,0.00020828648121096194,3643
18304,0.00020828885317314416,1156
18305,0.0002082966675516218,17418
18306,0.0002082968276226893,14647
18307,0.00020830151333939284,10550
18308,0.0002083036524709314,23305
18309,0.00020830421999562532,18183
18310,0.00020830896391998976,24870
18311,0.0002083091385429725,16558
18312,0.00020830993889831007,3605
18313,0.00020831506117247045,24410
18314,0.0002083180152112618,12599
18315,0.00020831865549553186,24130
18316,0.0002083189901895821,20703
18317,0.00020832112932112068,16367
18318,0.00020832190057262778,13690
18319,0.00020832213340327144,710
18320,0.00020832655718550086,14508
18321,0.00020832802692893893,2637
18322,0.00020832824520766735,14617
18323,0.00020832846348639578,21315
18324,0.00020833118469454348,4272
18325,0.0002083423314616084,19961
18326,0.000208343961276114,25150
18327,0.00020834404858760536,2735
18328,0.00020834416500292718,18777
18329,0.00020834506722167134,5384
18330,0.00020834640599787235,27128
18331,0.00020834953465964645,12972
18332,0.00020835708710364997,6422
18333,0.00020837436022702605,13123
18334,0.0002083752042381093,21149
18335,0.00020837689226027578,1752
18336,0.00020837759075220674,2084
18337,0.00020837968622799963,7432
18338,0.0002083800354739651,7852
18339,0.0002083940344164148,20535
18340,0.00020839730859734118,24292
18341,0.0002083973668050021,1375
18342,0.00020839786157011986,4833
18343,0.00020839815260842443,3774
18344,0.0002083994186250493,3921
18345,0.00020840196521021426,787
18346,0.00020840267825406045,7479
18347,0.00020841069635935128,20233
18348,0.000208412908250466,19476
18349,0.00020841651712544262,9629
18350,0.0002084165607811883,8625
18351,0.00020842043159063905,20002
18352,0.00020842130470555276,6611
18353,0.0002084270672639832,18353
18354,0.00020843213133048266,4235
18355,0.0002084332227241248,8436
18356,0.0002084370207739994,7209
18357,0.0002084438019664958,18982
18358,0.00020844457321800292,15572
18359,0.0002084447187371552,27266
18360,0.00020845048129558563,13935
18361,0.00020845219842158258,21394
18362,0.00020845483231823891,10153
18363,0.00020845848484896123,3472
18364,0.00020846010011155158,18509
18365,0.00020846516417805105,11599
18366,0.00020846548432018608,23587
18367,0.000208469238714315,18064
18368,0.00020847008272539824,24296
18369,0.00020847152336500585,10925
18370,0.000208473953534849,11281
18371,0.00020847527775913477,27773
18372,0.00020848080748692155,13976
18373,0.000208483194001019,2833
18374,0.00020848850545007735,23564
18375,0.00020848891290370375,2939
18376,0.00020848994608968496,11207
18377,0.00020849000429734588,4007
18378,0.00020850259170401841,312
18379,0.00020850991131737828,5488
18380,0.00020851398585364223,12185
18381,0.0002085144369630143,6740
18382,0.0002085223386529833,1525
18383,0.00020852312445640564,13926
18384,0.00020852481247857213,9786
18385,0.00020852641318924725,18622
18386,0.00020853306341450661,11416
18387,0.0002085346495732665,13495
18388,0.0002085417800117284,11309
18389,0.00020854525791946799,15177
18390,0.00020854656759183854,21577
18391,0.0002085481391986832,8148
18392,0.00020855024922639132,16759
18393,0.0002085512678604573,18110
18394,0.00020855410548392683,8125
18395,0.00020855879120063037,21790
18396,0.00020855935872532427,26297
18397,0.00020856072660535574,13139
18398,0.00020856261835433543,2039
18399,0.0002085674786940217,12309
18400,0.00020856887567788363,7175
18401,0.0002085786109091714,14627
18402,0.00020857903291471303,18820
18403,0.00020858079369645566,17604
18404,0.00020858357311226428,11235
18405,0.00020858472271356732,19417
18406,0.00020859505457337946,6391
18407,0.0002085974410874769,14195
18408,0.00020859966753050685,19814
18409,0.00020860781660303473,19657
18410,0.00020860855875071138,2318
18411,0.00020861002849414945,20664
18412,0.0002086129825329408,24763
18413,0.00020861388475168496,3999
18414,0.00020861526718363166,26308
18415,0.00020862834935542196,20430
18416,0.0002086320600938052,18659
18417,0.00020863207464572042,12339
18418,0.00020863255485892296,18780
18419,0.00020863712416030467,21845
18420,0.00020863895770162344,22812
18421,0.00020863916142843664,620
18422,0.0002086406748276204,4501
18423,0.00020864358521066606,26634
18424,0.00020864713587798178,4894
18425,0.0002086482709273696,9761
18426,0.00020865198166575283,27053
18427,0.0002086520253214985,3834
18428,0.00020865917031187564,26476
18429,0.00020866011618636549,26844
18430,0.00020866101840510964,851
18431,0.00020866400154773146,9075
18432,0.0002086664317175746,17017
18433,0.00020866865816060454,12677
18434,0.00020867075363639742,1767
18435,0.00020867427519988269,19587
18436,0.00020867596322204918,25418
18437,0.00020867909188382328,19453
18438,0.00020868158026132733,3990
18439,0.00020868853607680649,348
18440,0.00020869143190793693,9681
18441,0.0002086925378534943,21669
18442,0.00020869371655862778,5496
18443,0.00020870105072390288,4725
18444,0.00020870740991085768,4658
18445,0.00020870949083473533,24178
18446,0.0002087126049445942,27688
18447,0.00020871826563961804,4154
18448,0.0002087203465634957,1569
18449,0.00020872041932307184,21284
18450,0.00020872104505542666,27076
18451,0.00020872344612143934,22409
18452,0.0002087255852529779,19053
18453,0.00020872765162494034,27192
18454,0.00020872832101304084,24553
18455,0.00020873082394246012,4841
18456,0.00020874054462183267,27713
18457,0.0002087408647639677,1924
18458,0.00020874115580227226,12328
18459,0.0002087427710648626,9881
18460,0.00020874349866062403,21546
18461,0.0002087511238642037,20296
18462,0.00020875355403404683,18188
18463,0.00020875611517112702,22881
18464,0.0002087562606902793,9449
18465,0.00020875826885458082,1612
18466,0.00020875956397503614,25345
18467,0.00020876085909549147,14426
18468,0.0002087610337184742,10960
18469,0.00020876915368717164,14956
18470,0.00020877068163827062,18803
18471,0.00020877407223451883,535
18472,0.00020877407223451883,20630
18473,0.00020877752103842795,4877
18474,0.0002087835455313325,20044
18475,0.00020878533541690558,15222
18476,0.00020878767827525735,23482
18477,0.00020878846407867968,23141
18478,0.00020878971554338932,27028
18479,0.00020879102521575987,16186
18480,0.00020880051306448877,15903
18481,0.0002088049368467182,7258
18482,0.00020880937518086284,27592
18483,0.0002088123292196542,8575
18484,0.00020881241653114557,13800
18485,0.00020882174430880696,8746
18486,0.0002088338223984465,10124
18487,0.00020883386605419219,18414
18488,0.00020883696561213583,5088
18489,0.00020883821707684547,17328
18490,0.00020884315017610788,13901
18491,0.00020884718105662614,6482
18492,0.00020884961122646928,3220
18493,0.0002088507026201114,27778
18494,0.0002088523906422779,11021
18495,0.0002088561886921525,24840
18496,0.0002088609617203474,919
18497,0.00020886310085188597,12695
18498,0.0002088717883452773,14106
18499,0.0002088721957989037,3199
18500,0.00020887238497380167,9478
18501,0.00020887325808871537,15534
18502,0.00020887379650957882,20567
18503,0.00020887533901259303,16617
18504,0.00020887651771772653,27395
18505,0.00020887951541226357,12216
18506,0.00020887980645056814,6903
18507,0.00020888482686132193,20783
18508,0.00020888781000394374,4603
18509,0.00020888974540866911,5568
18510,0.0002089021581923589,15496
18511,0.000208902609301731,11443
18512,0.00020890551968477666,26232
18513,0.0002089064073516056,24583
18514,0.0002089064655592665,20190
18515,0.00020890674204565585,25235
18516,0.00020890909945592284,22973
18517,0.00020890946325380355,13202
18518,0.0002089102636091411,12197
18519,0.0002089137415168807,9676
18520,0.00020891940221190453,18300
18521,0.00020892034808639437,15271
18522,0.00020892071188427508,24605
18523,0.00020892839529551566,16668
18524,0.00020892938482575119,19809
18525,0.00020893901819363236,16950
18526,0.000208942627068609,621
18527,0.00020895364286843687,3027
18528,0.00020895451598335057,18133
18529,0.00020895610214211047,9214
18530,0.00020895680063404143,14929
18531,0.00020896492060273886,17306
18532,0.0002089667832478881,10907
18533,0.0002089668851112947,27374
18534,0.00020896748173981905,9693
18535,0.00020897226931992918,16376
18536,0.00020897379727102816,10408
18537,0.00020897461217828095,12244
18538,0.00020897475769743323,6508
18539,0.00020897507783956826,5331
18540,0.00020897647482343018,23361
18541,0.00020897768263239413,12432
18542,0.0002089805930154398,3369
18543,0.0002089808403979987,18612
18544,0.00020898241200484335,5772
18545,0.00020898767979815602,2412
18546,0.00020899545052088797,1465
18547,0.00020899689116049558,15939
18548,0.00020900132949464023,26544
18549,0.0002090040361508727,26853
18550,0.0002090044872602448,4819
18551,0.00020900488016195595,12974
18552,0.00020901014795526862,6204
18553,0.00020901032257825136,19608
18554,0.00020901714742649347,12679
18555,0.00020901797688566148,23242
18556,0.00020901995594613254,18855
18557,0.00020902269170619547,2238
18558,0.00020903197582811117,21373
18559,0.0002090322523145005,19065
18560,0.00020903428958263248,9241
18561,0.00020903474069200456,12938
18562,0.0002090385096380487,5558
18563,0.00020903856784570962,2117
18564,0.000209040503250435,13642
18565,0.00020904085249640048,19938
18566,0.00020904258417431265,17057
18567,0.00020904272969346493,21096
18568,0.00020904364646412432,20220
18569,0.00020904603297822177,27468
18570,0.00020905083511024714,3088
18571,0.00020905095152556896,22151
18572,0.00020905346900690347,9426
18573,0.0002090608177240938,12939
18574,0.00020906921417918056,16550
18575,0.00020906954887323081,1941
18576,0.00020908043370582163,22920
18577,0.00020908097212668508,15871
18578,0.00020908360602334142,3736
18579,0.00020908469741698354,5460
18580,0.00020909481099806726,24389
18581,0.0002090965281240642,13221
18582,0.00020909722661599517,16317
18583,0.0002090990892611444,15555
18584,0.0002091021160595119,21104
18585,0.0002091030328301713,17663
18586,0.0002091053465846926,114
18587,0.00020910685998387635,20566
18588,0.00020910718012601137,3413
18589,0.00020910889725200832,11969
18590,0.0002091139176627621,8292
18591,0.00020911428146064281,14349
18592,0.0002091147325700149,8516
18593,0.00020911589672323316,21164
18594,0.0002091171918436885,242
18595,0.0002091172937070951,11954
18596,0.0002091190981445834,27651
18597,0.0002091264323098585,4166
18598,0.00020912855688948184,18208
18599,0.00020913293701596558,21066
18600,0.00020913708431180567,23422
18601,0.0002091380301862955,11607
18602,0.00020913881598971784,17480
18603,0.0002091400820063427,2251
18604,0.0002091419300995767,3099
18605,0.00020914517517667264,6051
18606,0.00020914532069582492,11250
18607,0.00020914626657031476,4324
18608,0.0002091498754452914,14971
18609,0.00020915329514537007,5853
18610,0.00020915607456117868,26303
18611,0.00020915774803142995,5968
18612,0.00020915789355058223,16328
18613,0.0002091667556669563,23869
18614,0.00020916755602229387,75
18615,0.00020916784706059843,18626
18616,0.00020918039081152529,517
18617,0.0002091826609103009,210
18618,0.0002091848582495004,4392
18619,0.00020918765221722424,2896
18620,0.0002091919886879623,24565
18621,0.00020919348753523082,5804
18622,0.0002092000941047445,10443
18623,0.00020921365648973733,16688
18624,0.0002092185604851693,7445
18625,0.00020923108968418092,17153
18626,0.000209235746297054,3824
18627,0.00020923625561408699,7218
18628,0.0002092414943035692,20396
18629,0.00020924367709085345,10688
18630,0.00020924641285091639,18332
18631,0.00020924751879647374,23382
18632,0.00020925281569361687,8918
18633,0.00020925932039972395,935
18634,0.0002092622744385153,16017
18635,0.00020926723664160818,22596
18636,0.0002092674985760823,8617
18637,0.00020927053992636502,23176
18638,0.00020927173318341374,13438
18639,0.0002092754584737122,13367
18640,0.00020927590958308429,18805
18641,0.0002092811482725665,14473
18642,0.00020928237063344568,5647
18643,0.00020928311278112233,17001
18644,0.00020928621233906597,19683
18645,0.00020928765297867358,22721
18646,0.00020928877347614616,9074
18647,0.00020929155289195478,20018
18648,0.00020929242600686848,24619
18649,0.00020930042956024408,17016
18650,0.0002093032089760527,17218
18651,0.0002093045914079994,21236
18652,0.00020930872415192425,27471
18653,0.00020931220205966383,3198
18654,0.00020931301696691662,22763
18655,0.00020931934705004096,12037
18656,0.0002093235234497115,7995
18657,0.00020932570623699576,10311
18658,0.00020932602637913078,26843
18659,0.00020932609913870692,3745
18660,0.0002093360380968079,19392
18661,0.00020933807536493987,11953
18662,0.0002093469665851444,27519
18663,0.00020934721396770328,12483
18664,0.00020934852364007384,23690
18665,0.00020934890198986977,532
18666,0.00020935108477715403,20796
18667,0.00020935136126354337,20593
18668,0.00020935210341122001,14632
18669,0.0002093541988870129,12207
18670,0.00020935555221512914,21960
18671,0.0002093597868224606,2006
18672,0.00020936012151651084,16925
18673,0.000209362362511456,4700
18674,0.0002093721996061504,8988
18675,0.0002093779039569199,22086
18676,0.00020937919907737523,23939
18677,0.00020938173111062497,24745
18678,0.00020938798843417317,26897
18679,0.00020939043315593153,12015
18680,0.00020939068053849041,21874
18681,0.00020939347450621426,13419
18682,0.00020939350361004472,1271
18683,0.00020939683599863201,22001
18684,0.0002094017545459792,3307
18685,0.00020941066031809896,19265
18686,0.00020941659749951214,3285
18687,0.00020941896946169436,7207
18688,0.00020941912953276187,19580
18689,0.00020942080300301313,18022
18690,0.00020942246192134917,11716
18691,0.00020942445553373545,15710
18692,0.0002094259689329192,18905
18693,0.00020943015988450497,10045
18694,0.00020943531126249582,6462
18695,0.00020943567506037652,12726
18696,0.00020943865820299834,26450
18697,0.00020943979325238615,11029
18698,0.00020944442076142877,6534
18699,0.0002094477677019313,26578
18700,0.00020945465075783432,27264
18701,0.00020945619326084852,9301
18702,0.0002094597730319947,9322
18703,0.00020946051517967135,7526
18704,0.000209462596103549,11170
18705,0.00020946677250321954,21433
18706,0.00020946825679857284,19450
18707,0.00020946917356923223,9021
18708,0.00020947081793565303,12600
18709,0.00020947113807778805,26085
18710,0.00020947119628544897,22733
18711,0.0002094713709084317,15790
18712,0.00020947365555912256,10631
18713,0.0002094784431392327,24908
18714,0.00020948350720573217,3329
18715,0.00020948539895471185,10464
18716,0.00020948599558323622,6190
18717,0.0002094863448292017,22017
18718,0.0002094898372888565,9255
18719,0.00020949200552422553,11528
18720,0.00020949453755747527,25101
18721,0.00020949945610482246,5026
18722,0.00020950248290318996,19036
18723,0.00020950802718289196,21866
18724,0.00020951565238647163,13176
18725,0.0002095172822009772,12316
18726,0.00020952016348019242,26907
18727,0.0002095214294968173,25868
18728,0.00020952637714799494,24431
18729,0.00020952714839950204,21087
18730,0.00020952975319232792,13445
18731,0.00020953007333446294,17792
18732,0.00020953139755874872,10027
18733,0.00020954191859345883,7549
18734,0.00020954778301529586,10765
18735,0.00020955294894520193,387
18736,0.00020955459331162274,1756
18737,0.0002095629315590486,11565
18738,0.00020957102242391557,2416
18739,0.00020957147353328764,17941
18740,0.00020957592641934752,11133
18741,0.00020958861568942666,26166
18742,0.00020958991080988199,452
18743,0.0002095933014061302,14168
18744,0.00020959778339602053,24217
18745,0.00020959794346708804,25169
18746,0.00020959849643986672,9354
18747,0.00020959958783350885,14529
18748,0.00020959989342372864,23281
18749,0.0002096060779877007,14390
18750,0.00020960683468729258,4627
18751,0.00020960938127245754,26453
18752,0.00020961170957889408,25369
18753,0.00020961205882485956,21295
18754,0.00020961821428500116,15757
18755,0.0002096267562592402,2329
18756,0.00020963083079550415,23748
18757,0.00020963088900316507,27690
18758,0.00020963132556062192,19834
18759,0.00020963512361049652,2271
18760,0.0002096365496981889,861
18761,0.00020963962015230209,350
18762,0.00020964151190128177,4342
18763,0.00020964400027878582,20433
18764,0.0002096459356835112,21042
18765,0.00020964888972230256,18363
18766,0.00020964960276614875,6326
18767,0.0002096658427035436,22958
18768,0.00020966790907550603,9413
18769,0.00020966997544746846,2843
18770,0.000209672303753905,11678
18771,0.00020967503951396793,8836
18772,0.00020967714954167604,8672
18773,0.00020967821183148772,12826
18774,0.00020968016178812832,1180
18775,0.00020969581964891404,11449
18776,0.00020969664910808206,16320
18777,0.00020970022887922823,22587
18778,0.00020970209152437747,4947
18779,0.00020970690820831805,5787
18780,0.00020971035701222718,14578
18781,0.0002097179094562307,3962
18782,0.00020971830235794187,15358
18783,0.00020972265338059515,21737
18784,0.00020972403581254184,19966
18785,0.00020972610218450427,4839
18786,0.00020973087521269917,24696
18787,0.00020973106438759714,19439
18788,0.00020973404753021896,4271
18789,0.0002097358665196225,1594
18790,0.0002097363321809098,19511
18791,0.0002097373071592301,23836
18792,0.00020974244398530573,13433
18793,0.00020974800281692296,5861
18794,0.00020974820654373616,17747
18795,0.00020975162624381483,19007
18796,0.0002097566903103143,10455
18797,0.0002097582328133285,6560
18798,0.0002097621327266097,7680
18799,0.00020976473751943558,9944
18800,0.00020976796804461628,7482
18801,0.0002097695105476305,22693
18802,0.00020977199892513454,6993
18803,0.00020977373060304672,16717
18804,0.0002097797259921208,20424
18805,0.00020978227257728577,8210
18806,0.00020978430984541774,24557
18807,0.00020978556131012738,2227
18808,0.0002097937831422314,1199
18809,0.00020979733380954713,2968
18810,0.00020979733380954713,16225
18811,0.00020980135013815016,14741
18812,0.00020980159752070904,13512
18813,0.00020980791305191815,4418
18814,0.0002098087570630014,25374
18815,0.00020981037232559174,26072
18816,0.00020981098350603133,19645
18817,0.00020981140551157296,8192
18818,0.0002098115801345557,7280
18819,0.0002098136901622638,3560
18820,0.0002098146651405841,20049
18821,0.00020981833222322166,4628
18822,0.00020982148998882622,15154
18823,0.00020982300338800997,22184
18824,0.0002098259428748861,15470
18825,0.0002098288241541013,19690
18826,0.00020982921705581248,4293
18827,0.00020983294234611094,4407
18828,0.00020983726426493376,20849
18829,0.0002098430268233642,19837
18830,0.00020984404545743018,17152
18831,0.00020984560251235962,17369
18832,0.0002098472905345261,8533
18833,0.0002098476979881525,11943
18834,0.00020985057926736772,27083
18835,0.00020985075389035046,27007
18836,0.00020985712762922049,23592
18837,0.00020985743321944028,23131
18838,0.00020985981973353773,3490
18839,0.00020986341405659914,8609
18840,0.0002098663680953905,24173
18841,0.00020987159223295748,23306
18842,0.00020987183961551636,13735
18843,0.00020987335301470011,9509
18844,0.00020987429888918996,26000
18845,0.0002098849945468828,5165
18846,0.00020989055337850004,2343
18847,0.00020989090262446553,13541
18848,0.00020989110635127872,16084
18849,0.00020989195036236197,6419
18850,0.00020989756740164012,16176
18851,0.00020990664779674262,13755
18852,0.00020990983466617763,5500
18853,0.00020991236669942737,2273
18854,0.00020991338533349335,9684
18855,0.00020991842029616237,24843
18856,0.00020992431382182986,17386
18857,0.000209925725357607,13207
18858,0.00020992677309550345,21353
18859,0.0002099283883580938,27368
18860,0.00020993327780161053,18611
18861,0.0002099364501191303,9614
18862,0.0002099381381412968,23432
18863,0.0002099382400047034,13739
18864,0.0002099412668030709,13785
18865,0.00020994237274862826,23515
18866,0.00020994432270526886,5150
18867,0.00020994954684283584,1820
18868,0.00020995015802327543,19842
18869,0.000209950958378613,21769
18870,0.00020995113300159574,20913
18871,0.00020995637169107795,14758
18872,0.00020995811792090535,8288
18873,0.00020995929662603885,20697
18874,0.00020995929662603885,26221
18875,0.00020996118837501854,1883
18876,0.00020996227976866066,27356
18877,0.00020996853709220886,2783
18878,0.00020996996317990124,13398
18879,0.000209974154131487,25881
18880,0.00020997991668991745,6742
18881,0.00020998110994696617,20281
18882,0.00020998234685976058,14285
18883,0.00020998410764150321,14553
18884,0.00020998637774027884,376
18885,0.00020998821128159761,10192
18886,0.00020999007392674685,13258
18887,0.00020999298430979252,19194
18888,0.00020999422122258693,12790
18889,0.00020999449770897627,23160
18890,0.00020999553089495748,26514
18891,0.00020999816479161382,11864
18892,0.00020999893604312092,7016
18893,0.00020999988191761076,2654
18894,0.0002100025158142671,19488
18895,0.00021000381093472242,23920
18896,0.0002100040583172813,27085
18897,0.00021000648848712444,20982
18898,0.00021001147979404777,5673
18899,0.00021001773711759597,15408
18900,0.00021001823188271374,24061
18901,0.00021002598805353045,19764
18902,0.0002100273995893076,11450
18903,0.0002100315468851477,9204
18904,0.00021003490837756544,11527
18905,0.00021003495203331113,6000
18906,0.00021003527217544615,4507
18907,0.0002100434503518045,2018
18908,0.00021004510927014053,24525
18909,0.0002100479614455253,5775
18910,0.00021004915470257401,3743
18911,0.00021005167218390852,8691
18912,0.00021005491726100445,9782
18913,0.00021005667804274708,10848
18914,0.00021006928000133485,7524
18915,0.00021007111354265362,15561
18916,0.00021007283066865057,17436
18917,0.00021007339819334447,7688
18918,0.00021007414034102112,10520
18919,0.0002100841811625287,11796
18920,0.00021008496696595103,1174
18921,0.0002100921410601586,544
18922,0.00021009730699006468,2685
18923,0.00021010618365835398,26910
18924,0.00021010960335843265,2719
18925,0.00021011110220570117,15911
18926,0.0002101170102832839,11156
18927,0.00021011813078075647,3661
18928,0.00021011849457863718,4724
18929,0.00021012309298384935,3024
18930,0.00021012552315369248,19745
18931,0.00021012731303926557,12976
18932,0.0002101276913890615,20820
18933,0.0002101293212035671,4938
18934,0.00021015942911617458,11541
18935,0.00021016394020989537,12389
18936,0.00021016961545683444,20936
18937,0.00021016963000874966,17308
18938,0.00021018592815380543,11844
18939,0.00021018982806708664,20565
18940,0.000210196478292346,11545
18941,0.00021019687119405717,20866
18942,0.0002101979189319536,3644
18943,0.00021019861742388457,5710
18944,0.00021020445274189115,17637
18945,0.00021020651911385357,19999
18946,0.00021020695567131042,18965
18947,0.00021021060820203274,27617
18948,0.00021021639986429363,10914
18949,0.00021021808788646013,4194
18950,0.0002102184807881713,2163
18951,0.00021021861175540835,23188
18952,0.00021022019791416824,4541
18953,0.00021022836153861135,12951
18954,0.00021023199951741844,21335
18955,0.00021023306180723011,10374
18956,0.0002102348953485489,2885
18957,0.00021023780573159456,4350
18958,0.0002102389553328976,15254
18959,0.00021024065790697932,4137
18960,0.0002102488506352529,27620
18961,0.00021026944159530103,16009
18962,0.000210281737963669,17241
18963,0.00021030033531133085,6280
18964,0.00021030165953561664,7397
18965,0.00021030177595093846,14796
18966,0.00021030317293480039,4934
18967,0.00021030647621955723,10614
18968,0.0002103076985804364,20895
18969,0.00021031608048360795,14716
18970,0.00021031613869126886,25360
18971,0.00021031648793723434,12773
18972,0.0002103202568832785,20808
18973,0.00021032274526078254,24356
18974,0.0002103230362990871,13471
18975,0.0002103295992128551,2847
18976,0.00021032999211456627,17478
18977,0.00021033237862866372,24871
18978,0.00021033277153037488,1575
18979,0.00021033456141594797,15294
18980,0.00021033853408880532,13149
18981,0.00021034275414422154,810
18982,0.00021034330711700022,6962
18983,0.00021035202371422201,386
18984,0.00021035219833720475,4002
18985,0.0002103532460751012,2886
18986,0.00021035423560533673,6420
18987,0.00021036123507656157,15934
18988,0.0002103617589455098,2700
18989,0.00021036183170508593,23871
18990,0.00021036204998381436,1624
18991,0.0002103647420881316,12043
18992,0.0002103650913340971,18739
18993,0.0002103701262967661,2302
18994,0.00021037255646660924,8214
18995,0.0002103752485709265,17897
18996,0.00021037718397565186,24195
18997,0.00021037763508502394,10669
18998,0.00021038373233750463,12808
18999,0.00021039247803855687,1568
19000,0.00021039451530668885,21127
19001,0.0002103985898429528,244
19002,0.00021039940475020558,680
19003,0.00021039981220383197,24784
19004,0.00021040125284343958,16127
19005,0.00021040758292656392,2388
19006,0.00021040780120529234,15238
19007,0.00021041293803136796,6264
19008,0.0002104139857692644,11521
19009,0.0002104233717545867,21092
19010,0.00021043606102466583,26413
19011,0.00021044026652816683,17075
19012,0.00021044339518994093,25618
19013,0.00021044694585725665,15221
19014,0.00021044853201601654,8410
19015,0.00021044867753516883,21827
19016,0.00021044940513093024,120
19017,0.00021045903849881142,8922
19018,0.0002104610757669434,139
19019,0.0002104615414282307,5720
19020,0.00021046356414444745,13172
19021,0.00021046721667516977,1670
19022,0.0002104672894347459,7807
19023,0.00021046891924925148,14682
19024,0.00021047116024419665,8499
19025,0.00021047280461061746,21267
19026,0.00021047327027190477,8931
19027,0.0002104733430314809,20357
19028,0.00021047770860604942,22935
19029,0.00021047808695584536,8268
19030,0.0002104826271533966,19551
19031,0.00021048521739430726,12871
19032,0.00021048550843261182,11809
19033,0.00021048633789177984,13808
19034,0.00021048725466243923,1115
19035,0.00021049182396382093,8379
19036,0.00021049495262559503,2085
19037,0.00021049994393251836,27691
19038,0.00021050577925052494,11142
19039,0.0002105076127918437,5928
19040,0.00021051224030088633,8882
19041,0.0002105134044541046,1376
19042,0.000210514321224764,11631
19043,0.00021052296506240964,25782
19044,0.00021052408555988222,21479
19045,0.0002105261228280142,16070
19046,0.00021052859665360302,9257
19047,0.00021053019736427814,11463
19048,0.0002105316089000553,23516
19049,0.00021053214732091874,17930
19050,0.0002105331514030695,14243
19051,0.00021053319505881518,14494
19052,0.00021053699310868979,1469
19053,0.0002105470048263669,16377
19054,0.00021054862008895725,6888
19055,0.00021054928947705775,18289
19056,0.0002105502353515476,2514
19057,0.00021055477554909885,14015
19058,0.00021056753757875413,24704
19059,0.00021056787227280438,18065
19060,0.00021056846890132874,15812
19061,0.00021057293633930385,23074
19062,0.00021057820413261652,17200
19063,0.00021058344282209873,17256
19064,0.00021058684797026217,16948
19065,0.0002105894236592576,25095
19066,0.00021059272694401443,21715
19067,0.00021059786377009004,2957
19068,0.00021059827122371644,23668
19069,0.0002106018946506083,11383
19070,0.0002106026076944545,24596
19071,0.00021060576546005905,25786
19072,0.00021061122242826968,22370
19073,0.00021061746519990265,11770
19074,0.00021061838197056204,16687
19075,0.00021061961888335645,1940
19076,0.00021062006999272853,13565
19077,0.00021062299492768943,2279
19078,0.00021062653104308993,5021
19079,0.00021063705207780004,21165
19080,0.0002106377069139853,21521
19081,0.0002106412866851315,25263
19082,0.00021064364409539849,14921
19083,0.00021064607426524162,23001
19084,0.00021065009059384465,24087
19085,0.0002106535976054147,22186
19086,0.00021065468899905682,6112
19087,0.0002106549945892766,8087
19088,0.00021065610053483397,23104
19089,0.00021065823966637254,24455
19090,0.00021066603949293494,3009
19091,0.00021066845511086285,27729
19092,0.00021066874614916742,5933
19093,0.00021066989575047046,17217
19094,0.00021067133639007807,1025
19095,0.00021067619672976434,11468
19096,0.0002106767933582887,26641
19097,0.0002106815081788227,17367
19098,0.00021068488422315568,8327
19099,0.00021068548085168004,5219
19100,0.00021068606292828918,20607
19101,0.00021068660134915262,9125
19102,0.000210688536753878,20457
19103,0.00021068903151899576,8627
19104,0.00021069124341011047,21239
19105,0.00021069344074930996,8614
19106,0.00021069755894131958,6385
19107,0.00021070624643471092,8895
19108,0.00021071045193821192,4551
19109,0.00021071566152386367,8366
19110,0.0002107191103277728,6318
19111,0.00021071960509289056,17339
19112,0.0002107237814925611,7610
19113,0.0002107254258589819,26040
19114,0.0002107286563841626,9037
19115,0.00021072899107821286,23935
19116,0.0002107294712914154,20420
19117,0.00021072989329695702,12217
19118,0.00021073523384984583,2340
19119,0.00021074016694910824,18733
19120,0.00021075161930639297,64
19121,0.00021075221593491733,6734
19122,0.00021075393306091428,9420
19123,0.00021075403492432088,9932
19124,0.00021075889526400715,13533
19125,0.00021076208213344216,21980
19126,0.00021076535631436855,12201
19127,0.00021077293786220253,25533
19128,0.0002107741020154208,26405
19129,0.00021078517602290958,4265
19130,0.0002107909822370857,19092
19131,0.00021079133148305118,17046
19132,0.00021079444559291005,22804
19133,0.00021079680300317705,13845
19134,0.00021080028091091663,13942
19135,0.00021080236183479428,7662
19136,0.00021080300211906433,55
19137,0.00021080496662762016,26027
19138,0.0002108074986608699,17561
19139,0.00021081691375002265,26114
19140,0.00021081746672280133,17474
19141,0.0002108208427671343,23958
19142,0.0002108214539475739,24103
19143,0.00021082829334773123,26470
19144,0.00021082948660477996,5854
19145,0.00021083025785628706,10011
19146,0.0002108307962771505,13782
19147,0.0002108317130478099,5868
19148,0.0002108332555508241,4455
19149,0.0002108334010699764,17613
19150,0.00021084102627355605,14900
19151,0.00021084907348267734,23111
19152,0.00021085412299726158,17121
19153,0.00021085901244077832,13844
19154,0.0002108613698510453,15881
19155,0.00021086573542561382,16562
19156,0.00021086633205413818,18416
19157,0.00021086758351884782,18427
19158,0.00021087088680360466,10373
19159,0.000210872502066195,17629
19160,0.00021087609638925642,20522
19161,0.0002108848129864782,27675
19162,0.00021089310757815838,4476
19163,0.00021090831432957202,26322
19164,0.00021090992959216237,14060
19165,0.00021091397502459586,14953
19166,0.00021091735106892884,2880
19167,0.00021092152746859938,2133
19168,0.00021092745009809732,20248
19169,0.00021093116083648056,13826
19170,0.00021093500254210085,14792
19171,0.00021093957184348255,17020
19172,0.00021094352996442467,13871
19173,0.0002109442139044404,21727
19174,0.000210944315767847,2697
19175,0.00021094479598104954,2811
19176,0.0002109459601342678,6997
19177,0.0002109488850692287,24095
19178,0.0002109489869326353,11591
19179,0.00021095902775414288,1872
19180,0.00021096623095218092,19042
19181,0.00021098321303725243,1255
19182,0.00021098947036080062,27612
19183,0.0002109936176566407,27736
19184,0.00021099712466821074,15531
19185,0.00021100237790960819,23757
19186,0.0002110039786202833,24293
19187,0.000211007718462497,6205
19188,0.00021100805315654725,2536
19189,0.00021101509628351778,16862
19190,0.0002110250061377883,24962
19191,0.00021102672326378524,24707
19192,0.00021102781465742737,2200
19193,0.00021102820755913854,15449
19194,0.00021103268954902887,4989
19195,0.00021103529434185475,7272
19196,0.0002110375789925456,15360
19197,0.00021103965991642326,26883
19198,0.0002110413770424202,24472
19199,0.00021104681945871562,5559
19200,0.0002110477798851207,22024
19201,0.00021105006453581154,16201
19202,0.0002110506611643359,7170
19203,0.0002110508066834882,12937
19204,0.00021105360065121204,4597
19205,0.00021105360065121204,16365
19206,0.00021105965424794704,26583
19207,0.0002110611239913851,17652
19208,0.00021106292842887342,9815
19209,0.00021107033535372466,27438
19210,0.00021107308566570282,19715
19211,0.00021107716020196676,4543
19212,0.00021107992506586015,13441
19213,0.00021108260261826217,9071
19214,0.0002110885106958449,17301
19215,0.0002110886125592515,4048
19216,0.00021108874352648854,21647
19217,0.00021109027147758752,12176
19218,0.00021109134831931442,2541
19219,0.00021109162480570376,19833
19220,0.00021109188674017787,4035
19221,0.00021109297813382,16481
19222,0.00021109489898663014,23600
19223,0.00021109645604155958,7352
19224,0.0002111071953549981,19403
19225,0.00021110907255206257,16164
19226,0.0002111135545419529,15761
19227,0.0002111156063620001,20328
19228,0.00021111608657520264,12489
19229,0.00021111732348799706,17960
19230,0.00021112235845066607,27267
19231,0.00021112269314471632,14642
19232,0.00021113085676915944,22673
19233,0.0002111352514475584,11256
19234,0.00021113691036589444,11267
19235,0.00021114225091878325,2786
19236,0.00021115114213898778,18432
19237,0.000211151666007936,18466
19238,0.00021115189883857965,24737
19239,0.000211154532735236,9095
19240,0.0002111572539433837,17954
19241,0.00021115854906383902,18478
19242,0.00021115943673066795,865
19243,0.00021115991694387048,14066
19244,0.0002111648500431329,13134
19245,0.00021116502466611564,4387
19246,0.0002111744979629293,10606
19247,0.00021117948926985264,8470
19248,0.00021118050790391862,9317
19249,0.00021118107542861253,12514
19250,0.00021118159929756075,18290
19251,0.00021119246957823634,15166
19252,0.00021119302255101502,10119
19253,0.0002111954236170277,22532
19254,0.0002112012152792886,25067
19255,0.00021120128803886473,23539
19256,0.00021120136079844087,18516
19257,0.000211204300285317,20963
19258,0.00021120456221979111,724
19259,0.00021120782184880227,27020
19260,0.00021121298777870834,21396
19261,0.00021121941972523928,12145
19262,0.0002112217334797606,26785
19263,0.00021122411999385804,7027
19264,0.00021122809266671538,2768
19265,0.00021123199257999659,22009
19266,0.00021123325859662145,3566
19267,0.00021123583428561687,8286
19268,0.0002112365618813783,4561
19269,0.00021123685291968286,19989
19270,0.0002112486690748483,7019
19271,0.00021125396597199142,22633
19272,0.00021125853527337313,10586
19273,0.00021125860803294927,19628
19274,0.0002112590300384909,7416
19275,0.00021126071806065738,17617
19276,0.00021126536012161523,19359
19277,0.000211271399166435,8399
19278,0.00021127182117197663,14705
19279,0.00021127234504092485,3098
19280,0.00021127561922185123,17974
19281,0.00021127671061549336,12198
19282,0.00021127687068656087,10908
19283,0.0002112786314683035,15884
19284,0.00021127969375811517,4987
19285,0.00021128305525053293,26896
19286,0.00021128510707058012,2179
19287,0.0002112857036991045,20496
19288,0.0002112874499289319,17049
19289,0.00021128913795109838,8059
19290,0.00021128982189111412,2093
19291,0.0002112965885316953,389
19292,0.0002112973015755415,13397
19293,0.00021129906235728413,22052
19294,0.00021130070672370493,4639
19295,0.0002113036171067506,17825
19296,0.00021130974346306175,21245
19297,0.00021131036919541657,27656
19298,0.00021131138782948256,25499
19299,0.00021131352696102113,25402
19300,0.00021131501125637442,8573
19301,0.00021131511311978102,13558
19302,0.00021131630637682974,19230
19303,0.00021131841640453786,9753
19304,0.00021132073015905917,15381
19305,0.0002113268565153703,19959
19306,0.00021133058180566877,6549
19307,0.00021133125119376928,1125
19308,0.0002113324881065637,12074
19309,0.00021134164126124233,5212
19310,0.00021134913549758494,614
19311,0.00021135673159733415,768
19312,0.0002113576338160783,13024
19313,0.00021135961287654936,5259
19314,0.00021136221766937524,4354
19315,0.00021136565192136914,17540
19316,0.00021136720897629857,16795
19317,0.00021136959549039602,13578
19318,0.00021137369913049042,17224
19319,0.000211378195672296,21253
19320,0.0002113809750881046,2335
19321,0.0002113809750881046,8253
19322,0.0002113826631102711,9651
19323,0.00021138355077710003,13694
19324,0.00021138392912689596,17963
19325,0.00021138509328011423,10917
19326,0.0002113857917720452,22447
19327,0.0002113872760673985,24476
19328,0.00021138730517122895,3367
19329,0.00021140357421245426,5878
19330,0.00021140843455214053,24205
19331,0.00021141843171790242,21308
19332,0.0002114185772370547,25183
19333,0.00021142326295375824,19852
19334,0.00021142378682270646,4778
19335,0.00021142518380656838,18697
19336,0.0002114264789270237,10725
19337,0.00021142952027730644,18926
19338,0.00021143189223948866,16777
19339,0.00021143305639270693,21514
19340,0.00021144002676010132,12020
19341,0.00021144247148185968,19606
19342,0.0002114431408699602,9388
19343,0.0002114436647389084,9518
19344,0.00021144686616025865,26819
19345,0.00021145101345609874,16486
19346,0.00021145214850548655,17064
19347,0.0002114523231284693,16828
19348,0.0002114554081344977,23827
19349,0.00021145836217328906,13657
19350,0.00021145865321159363,12108
19351,0.00021146016661077738,9183
19352,0.0002114613598678261,21100
19353,0.00021146389190107584,8592
19354,0.00021146531798876822,16830
19355,0.0002114669041475281,7368
19356,0.00021146752987988293,18372
19357,0.00021146757353562862,20945
19358,0.00021148714586161077,19927
19359,0.00021148791711311787,23175
19360,0.00021149437816347927,18341
19361,0.0002115010574925691,16999
19362,0.00021150654356461018,668
19363,0.00021150738757569343,17727
19364,0.000211508508073166,18537
19365,0.00021150917746126652,1387
19366,0.00021152591216377914,13988
19367,0.00021153238776605576,18234
19368,0.00021153361012693495,12158
19369,0.00021153375564608723,1087
19370,0.000211534759728238,16924
19371,0.00021153529814910144,16117
19372,0.00021153550187591463,17194
19373,0.00021153621491976082,18987
19374,0.00021154583373572677,24012
19375,0.00021155040303710848,20958
19376,0.00021155107242520899,16051
19377,0.00021155171270947903,1625
19378,0.0002115599054377526,1869
19379,0.00021156013826839626,10897
19380,0.00021156053117010742,9345
19381,0.00021157167793717235,12617
19382,0.0002115727256750688,12917
19383,0.0002115730312652886,2861
19384,0.00021157354058232158,8897
19385,0.0002115751412929967,6393
19386,0.0002115834504365921,4589
19387,0.0002115844254149124,6853
19388,0.00021158691379241645,4564
19389,0.00021158700110390782,7917
19390,0.00021158946037758142,27072
19391,0.00021158948948141187,22442
19392,0.00021159325842745602,27447
19393,0.00021159522293601185,14438
19394,0.0002116003743140027,4089
19395,0.00021160172764211893,25910
19396,0.0002116024843417108,11348
19397,0.00021161328186281025,9940
19398,0.00021161408221814781,26087
19399,0.00021161798213142902,430
19400,0.00021162297343835235,18941
19401,0.00021163145720493048,12527
19402,0.00021163166093174368,10346
19403,0.0002116321848006919,21674
19404,0.00021163246128708124,1058
19405,0.0002116362302331254,20637
19406,0.00021163668134249747,7369
19407,0.00021163829660508782,26455
19408,0.0002116470132023096,5892
19409,0.0002116485993610695,10403
19410,0.00021165520593058318,814
19411,0.00021166104124858975,3817
19412,0.00021166166698094457,19440
19413,0.00021166563965380192,15504
19414,0.00021166821534279734,10413
19415,0.00021167186787351966,5311
19416,0.00021167208615224808,3225
19417,0.00021167552040424198,13793
19418,0.00021167720842640847,15489
19419,0.00021167879458516836,2618
19420,0.00021168006060179323,23296
19421,0.00021168139937799424,18969
19422,0.00021168342209421098,8663
19423,0.00021169197862036526,22161
19424,0.00021169432147871703,13494
19425,0.00021169747924432158,9594
19426,0.0002116979449056089,17976
19427,0.00021170378022361547,22719
19428,0.0002117049734806642,3946
19429,0.00021170655963942409,8213
19430,0.00021170705440454185,13058
19431,0.00021171336993575096,27003
19432,0.00021171417029108852,9886
19433,0.0002117153344443068,17081
19434,0.00021171905973460525,1866
19435,0.00021171907428652048,16355
19436,0.00021172116976231337,23005
19437,0.0002117281692335382,27619
19438,0.00021174592257011682,25172
19439,0.0002117463300237432,498
19440,0.000211748483707197,20145
19441,0.00021174998255446553,12426
19442,0.00021175126312300563,7885
19443,0.00021175251458771527,14920
19444,0.00021175280562601984,26845
19445,0.00021175378060434014,26131
19446,0.00021175725851207972,6747
19447,0.0002117580734193325,19281
19448,0.0002117581752827391,22149
19449,0.0002117592957802117,700
19450,0.00021176011068746448,97
19451,0.00021176296286284924,14020
19452,0.0002117697149515152,24598
19453,0.00021177080634515733,9
19454,0.00021177080634515733,25521
19455,0.00021177205780986696,7068
19456,0.00021177434246055782,3552
19457,0.00021177547750994563,10071
19458,0.0002117785334121436,18801
19459,0.00021178847237024456,18010
19460,0.00021179670875426382,8825
19461,0.00021180113253649324,19958
19462,0.0002118018310284242,8187
19463,0.00021180415933486074,14144
19464,0.00021180653129704297,4011
19465,0.00021180853946134448,25138
19466,0.00021180920884944499,24457
19467,0.00021181933698244393,11734
19468,0.00021181991905905306,22246
19469,0.00021182934870012105,6288
19470,0.0002118347183568403,27776
19471,0.00021183490753173828,24912
19472,0.0002118362026521936,9966
19473,0.00021183950593695045,6985
19474,0.00021184042270760983,8024
19475,0.00021184241631999612,14081
19476,0.00021184344950597733,17054
19477,0.0002118491247529164,20277
19478,0.00021184956131037325,16359
19479,0.00021185418881941587,6377
19480,0.0002118551346939057,6981
19481,0.00021185971854720265,21568
19482,0.00021186342928558588,18346
19483,0.0002118659031111747,22355
19484,0.00021186732919886708,10950
19485,0.00021187316451687366,17789
19486,0.00021187576930969954,10617
19487,0.0002118770353263244,23304
19488,0.0002118785778293386,11101
19489,0.00021188033861108124,26447
19490,0.00021188096434343606,14706
19491,0.00021188157552387565,6496
19492,0.00021188172104302794,27288
19493,0.00021188224491197616,21854
19494,0.00021188627579249442,3870
19495,0.0002118864213116467,5751
19496,0.00021188701794017106,46
19497,0.00021188716345932335,11980
19498,0.00021188828395679593,9950
19499,0.00021189214021433145,10771
19500,0.00021189555991441011,12510
19501,0.00021189650578889996,17945
19502,0.00021190008556004614,25793
19503,0.00021190012921579182,26842
19504,0.0002119001728715375,2686
19505,0.00021190321422182024,18171
19506,0.000211906066397205,21208
19507,0.00021191235282458365,11671
19508,0.00021191421546973288,20999
19509,0.00021191625273786485,27015
19510,0.00021191890118643641,20404
19511,0.00021192472195252776,13697
19512,0.0002119264827342704,251
19513,0.0002119317214237526,16736
19514,0.00021193343854974955,17009
19515,0.0002119340788340196,24815
19516,0.00021193944849073887,8166
19517,0.00021194065629970282,12621
19518,0.00021194353757891804,11166
19519,0.00021194841247051954,24916
19520,0.0002119503915309906,9126
19521,0.00021195164299570024,1258
19522,0.0002119567507179454,25226
19523,0.00021196350280661136,1642
19524,0.00021196350280661136,23383
19525,0.00021196385205257684,7220
19526,0.00021196763555053622,14963
19527,0.00021197066234890372,11735
19528,0.00021197125897742808,1236
19529,0.00021197192836552858,25492
19530,0.00021197281603235751,17761
19531,0.00021197315072640777,8917
19532,0.00021197965543251485,7848
19533,0.00021199649199843407,26496
19534,0.0002119966666214168,18524
19535,0.00021201245544943959,14662
19536,0.0002120127755915746,16901
19537,0.00021202345669735223,22760
19538,0.00021202619245741516,4834
19539,0.00021202917560003698,27105
19540,0.00021203525830060244,14014
19541,0.00021204337826929986,5956
19542,0.0002120443677995354,6703
19543,0.00021204461518209428,18211
19544,0.00021204656513873488,17038
19545,0.00021204723452683538,13464
19546,0.00021205274970270693,19548
19547,0.00021205331722740084,6884
19548,0.0002120549324899912,173
19549,0.00021205584926065058,27150
19550,0.00021206105884630233,23629
19551,0.0002120619610650465,24423
19552,0.00021207000827416778,10596
19553,0.00021207060490269214,19201
19554,0.00021207526151556522,1809
19555,0.0002120765420841053,19888
19556,0.0002120770514011383,27250
19557,0.00021207814279478043,25482
19558,0.00021208167891018093,13119
19559,0.00021208554971963167,25640
19560,0.00021209046826697886,15419
19561,0.00021209116675890982,11681
19562,0.00021209116675890982,25275
19563,0.000212091559660621,17714
19564,0.00021209240367170423,21
19565,0.00021209524129517376,27513
19566,0.00021210104750934988,8819
19567,0.00021210902195889503,14140
19568,0.00021212056162767112,11935
19569,0.0002121228026226163,6306
19570,0.00021212498540990055,1097
19571,0.00021212561114225537,5312
19572,0.00021212712454143912,19331
19573,0.00021212970023043454,6001
19574,0.00021213074796833098,1489
19575,0.00021213239233475178,19982
19576,0.00021213412401266396,26658
19577,0.00021215812012087554,11181
19578,0.00021215966262388974,3247
19579,0.00021215988090261817,16396
19580,0.00021216437744442374,14838
19581,0.00021216845198068768,20803
19582,0.0002121749275829643,11697
19583,0.00021217751782387495,1167
19584,0.00021217828907538205,10874
19585,0.0002121797006111592,5668
19586,0.00021218444453552365,15438
19587,0.0002121890865964815,6094
19588,0.00021219179325271398,26980
19589,0.0002121957513736561,11959
19590,0.00021219720656517893,8449
19591,0.00021219912741798908,14287
19592,0.0002122114965459332,10612
19593,0.0002122204750776291,6302
19594,0.00021222131908871233,22672
19595,0.000212221551919356,12637
19596,0.0002122268924722448,1197
19597,0.00021223103976808488,9787
19598,0.0002122315054293722,16233
19599,0.00021223312069196254,8489
19600,0.00021223908697720617,22584
19601,0.00021224215743131936,11570
19602,0.00021226145327091217,20599
19603,0.0002122617297573015,25024
19604,0.00021227171237114817,8471
19605,0.00021227473916951567,7969
19606,0.00021227996330708265,14045
19607,0.0002122840378433466,27261
19608,0.00021228492551017553,18384
19609,0.00021228668629191816,13037
19610,0.00021230077254585922,10131
19611,0.00021230218408163637,25851
19612,0.00021231012942735106,19348
19613,0.00021231124992482364,5659
19614,0.00021231567370705307,896
19615,0.00021231596474535763,3514
19616,0.0002123201993526891,10278
19617,0.00021232073777355254,20086
19618,0.00021232129074633121,13610
19619,0.0002123213926097378,19399
19620,0.00021232565632089972,14939
19621,0.00021232977451290935,19378
19622,0.00021233236475382,24905
19623,0.00021233440202195197,26052
19624,0.0002123371814377606,9746
19625,0.00021233760344330221,21634
19626,0.00021234407904557884,2158
19627,0.0002123450831277296,1147
19628,0.00021234957966953516,25964
19629,0.00021235297026578337,24950
19630,0.0002123548329109326,5468
19631,0.00021235630265437067,27647
19632,0.0002123634039890021,300
19633,0.0002123713056789711,18691
19634,0.00021237830515019596,24210
19635,0.00021238009503576905,13725
19636,0.00021238220506347716,27586
19637,0.00021238456247374415,19759
19638,0.00021238610497675836,27283
19639,0.00021238923363853246,11328
19640,0.0002123900776496157,14164
19641,0.00021239228954073042,7015
19642,0.00021239547641016543,22177
19643,0.0002123980812029913,268
19644,0.00021239941997919232,11141
19645,0.00021240071509964764,11343
19646,0.00021240219939500093,18117
19647,0.00021240304340608418,12001
19648,0.00021240318892523646,12003
19649,0.00021240503701847047,982
19650,0.00021241615468170494,13972
19651,0.00021241717331577092,18360
19652,0.00021241769718471915,17852
19653,0.00021242206275928766,25880
19654,0.00021242353250272572,6713
19655,0.00021242832008283585,1779
19656,0.00021243364608380944,13157
19657,0.00021243965602479875,23404
19658,0.00021244079107418656,25000
19659,0.00021244489471428096,22193
19660,0.0002124458405887708,556
19661,0.00021245171956252307,4405
19662,0.0002124561433447525,1492
19663,0.00021246026153676212,10861
19664,0.00021246488904580474,1985
19665,0.00021246637334115803,1356
19666,0.00021246811957098544,20727
19667,0.0002124724560417235,21919
19668,0.00021247541008051485,10697
19669,0.00021247775293886662,778
19670,0.0002124870370607823,5727
19671,0.00021248742996249348,17379
19672,0.000212493643630296,20928
19673,0.0002124941092915833,10871
19674,0.00021250116697046906,4254
19675,0.00021250236022751778,23804
19676,0.00021250717691145837,10824
19677,0.00021250834106467664,27160
19678,0.00021251189173199236,8463
19679,0.00021251897851470858,22629
19680,0.00021252039005048573,4058
19681,0.00021252347505651414,24258
19682,0.00021252495935186744,9561
19683,0.00021252910664770752,14046
19684,0.0002125311439158395,21413
19685,0.00021253229351714253,13520
19686,0.00021253233717288822,7773
19687,0.0002125387400155887,13047
19688,0.00021253879822324961,8122
19689,0.00021254734019748867,15574
19690,0.00021255506726447493,19672
19691,0.00021255588217172772,4107
19692,0.00021255866158753633,20510
19693,0.0002125636237906292,20062
19694,0.00021256737818475813,6607
19695,0.0002125735190929845,7300
19696,0.00021257426124066114,25050
19697,0.00021257928165141493,18282
19698,0.00021259477944113314,2124
19699,0.0002125988685293123,1062
19700,0.00021259959612507373,21700
19701,0.00021260145877022296,2584
19702,0.00021260346693452448,13896
19703,0.0002126111212419346,23410
19704,0.00021261193614918739,6308
19705,0.0002126124018104747,3825
19706,0.00021261822257656604,22357
19707,0.00021262023074086756,2328
19708,0.00021262226800899953,13098
19709,0.0002126237377524376,23471
19710,0.00021262525115162134,15636
19711,0.00021262993686832488,23414
19712,0.0002126303152181208,3056
19713,0.0002126304170815274,13631
19714,0.00021263356029521674,18949
19715,0.00021263363305479288,19556
19716,0.00021263520466163754,1552
19717,0.00021263693633954972,20953
19718,0.00021264101087581366,7309
19719,0.00021264946553856134,12247
19720,0.00021265372924972326,14183
19721,0.00021265671239234507,24866
19722,0.00021265860414132476,577
19723,0.00021265860414132476,25406
19724,0.00021266505063977093,12644
19725,0.00021266932890284806,9117
19726,0.00021266957628540695,19823
19727,0.00021267014381010085,7685
19728,0.00021267101692501456,4650
19729,0.00021268316777423024,17232
19730,0.00021268363343551755,11220
19731,0.0002126840117853135,23271
19732,0.00021268690761644393,20873
19733,0.0002126879116985947,7891
19734,0.00021268887212499976,10863
19735,0.00021268943964969367,19644
19736,0.0002126967447111383,17089
19737,0.00021270067372824997,5533
19738,0.00021270103752613068,8081
19739,0.00021270208526402712,14503
19740,0.00021270543220452964,2408
19741,0.00021270662546157837,22458
19742,0.00021270728029776365,9821
19743,0.0002127095649484545,18727
19744,0.0002127101324731484,5238
19745,0.00021271129662636667,13509
19746,0.00021271321747917682,22221
19747,0.00021271537116263062,16174
19748,0.00021271999867167324,15070
19749,0.00021272314188536257,26152
19750,0.0002127235202351585,3377
19751,0.00021272523736115545,25599
19752,0.0002127299812855199,8211
19753,0.0002127343905158341,16859
19754,0.00021273846505209804,17619
19755,0.00021273913444019854,19789
19756,0.00021274175378493965,22997
19757,0.0002127423940692097,23020
19758,0.0002127451734850183,22671
19759,0.00021274584287311882,10236
19760,0.0002127477346220985,13995
19761,0.0002127501938957721,3135
19762,0.00021275437029544264,23898
19763,0.00021275885228533298,22821
19764,0.000212761020520702,14300
19765,0.000212762039154768,7506
19766,0.00021276948973536491,4781
19767,0.0002127799962181598,14239
19768,0.00021278017084114254,22381
19769,0.00021278689382597804,20860
19770,0.00021278980420902371,15052
19771,0.0002127906191162765,8507
19772,0.0002127955376636237,2378
19773,0.000212802566238679,19964
19774,0.0002128041087416932,11859
19775,0.00021280463261064142,17951
19776,0.00021281058434396982,16829
19777,0.00021281158842612058,14424
19778,0.0002128119085682556,25585
19779,0.00021281851513776928,12209
19780,0.00021281946101225913,9641
19781,0.00021282320085447282,12230
19782,0.0002128295600414276,19676
19783,0.00021283085516188294,13719
19784,0.00021283383830450475,20495
19785,0.00021283738897182047,23261
19786,0.00021284005197230726,24631
19787,0.00021284360263962299,23511
19788,0.00021284414106048644,16145
19789,0.00021284431568346918,25781
19790,0.00021285703405737877,22295
19791,0.0002128636697307229,4381
19792,0.00021286476112436503,10002
19793,0.0002128656196873635,2193
19794,0.0002128669439116493,12310
19795,0.00021286950504872948,6480
19796,0.000212873870623298,6999
19797,0.0002128761843778193,22430
19798,0.00021288037532940507,11713
19799,0.00021288062271196395,21002
19800,0.00021288258722051978,21962
19801,0.00021288328571245074,16953
19802,0.0002128878841176629,24538
19803,0.00021288919379003346,18026
19804,0.0002128894702764228,3836
19805,0.00021289031428750604,15733
19806,0.0002128908090526238,2187
19807,0.00021289294818416238,24023
19808,0.00021289443247951567,1917
19809,0.00021289914730004966,14333
19810,0.0002129002969013527,26562
19811,0.00021290079166647047,27089
19812,0.00021291052689775825,4654
19813,0.00021291151642799377,23246
19814,0.00021291185112204403,7907
19815,0.00021291298617143184,11038
19816,0.00021291559096425772,19758
19817,0.0002129226049873978,24953
19818,0.00021292694145813584,11435
19819,0.00021292761084623635,13416
19820,0.00021292967721819878,23692
19821,0.00021293248573783785,6984
19822,0.00021293367899488658,15872
19823,0.00021293411555234343,10333
19824,0.0002129413915099576,25045
19825,0.00021294376347213984,2160
19826,0.00021294454927556217,21617
19827,0.00021294812904670835,2359
19828,0.00021295245096553117,746
19829,0.00021295543410815299,7364
19830,0.00021295940678101033,13084
19831,0.00021296263730619103,24320
19832,0.00021296509657986462,7481
19833,0.00021296563500072807,8612
19834,0.00021296730847097933,8457
19835,0.00021297635976225138,5493
19836,0.00021298260253388435,138
19837,0.00021298798674251884,22513
19838,0.0002129886852344498,17609
19839,0.00021298998035490513,19787
19840,0.00021300117077771574,7653
19841,0.00021300336811691523,14454
19842,0.00021300878142938018,11964
19843,0.00021300952357705683,13164
19844,0.00021300962544046342,5795
19845,0.0002130106877302751,10659
19846,0.000213012273889035,14409
19847,0.0002130129432771355,17827
19848,0.00021301297238096595,26036
19849,0.00021301853121258318,8748
19850,0.00021301979722920805,22685
19851,0.00021303138055372983,12590
19852,0.00021303247194737196,7485
19853,0.00021303360699675977,21332
19854,0.0002130342327291146,8937
19855,0.00021303605171851814,5763
19856,0.00021304334222804755,23661
19857,0.00021305384871084243,8119
19858,0.00021305415430106223,7447
19859,0.00021305943664629012,16085
19860,0.00021306182316038758,15401
19861,0.00021306304552126676,16301
19862,0.00021306629059836268,11525
19863,0.0002130684006260708,15373
19864,0.00021307339193299413,3740
19865,0.00021307534188963473,16751
19866,0.00021309254225343466,20754
19867,0.00021309658768586814,26369
19868,0.00021309781004674733,24949
19869,0.00021310217562131584,10839
19870,0.0002131055371137336,5417
19871,0.0002131069777533412,5162
19872,0.00021311129967216402,23850
19873,0.00021311745513230562,18138
19874,0.00021311899763531983,16905
19875,0.0002131289365934208,7240
19876,0.000213139908737503,11475
19877,0.000213142586289905,1198
19878,0.00021314353216439486,6363
19879,0.00021314405603334308,10516
19880,0.00021314798505045474,8123
19881,0.00021315565390978009,23728
19882,0.00021315696358215064,12829
19883,0.0002131607907358557,14470
19884,0.00021316531638149172,1244
19885,0.00021317164646461606,21343
19886,0.0002131722867488861,10000
19887,0.00021317294158507138,1252
19888,0.00021317308710422367,23379
19889,0.0002131739747710526,17459
19890,0.00021317526989150792,12854
19891,0.00021317666687536985,10926
19892,0.00021318461222108454,5143
19893,0.0002131875226041302,22383
19894,0.00021319226652849466,25877
19895,0.000213194391108118,6660
19896,0.00021320318046491593,15869
19897,0.00021320964151527733,19906
19898,0.0002132130175596103,8064
19899,0.0002132148074451834,20023
19900,0.00021321508393157274,26560
19901,0.00021321950771380216,12728
19902,0.00021322320390027016,4547
19903,0.0002132303052349016,738
19904,0.00021323104738257825,1220
19905,0.0002132351801265031,17644
19906,0.00021323603868950158,18677
19907,0.0002132413792423904,9490
19908,0.00021324362023733556,18275
19909,0.0002132476947735995,12423
19910,0.0002132478402927518,6543
19911,0.00021324903354980052,6081
19912,0.00021325406851246953,4065
19913,0.00021325454872567207,15425
19914,0.0002132589725079015,8263
19915,0.00021326211572159082,2008
19916,0.00021326348360162228,8167
19917,0.00021326907153706998,490
19918,0.00021326930436771363,2401
19919,0.000213272258406505,15280
19920,0.00021327623107936233,26506
19921,0.00021327774447854608,11090
19922,0.00021328340517356992,12957
19923,0.00021328404545783997,15190
19924,0.00021328633010853082,24316
19925,0.00021329353330656886,8801
19926,0.00021329644368961453,4298
19927,0.00021329721494112164,13998
19928,0.0002132977097062394,24052
19929,0.00021329840819817036,16060
19930,0.0002133000671165064,22437
19931,0.00021330351592041552,25623
19932,0.00021331239258870482,2433
19933,0.00021331300376914442,2815
19934,0.00021331837342586368,6026
19935,0.00021333109179977328,23250
19936,0.00021333742188289762,16987
19937,0.0002133459347533062,1528
19938,0.0002133525413228199,3882
19939,0.000213355669984594,565
19940,0.00021335903147701174,7229
19941,0.00021335924975574017,26656
19942,0.00021335959900170565,10102
19943,0.0002133730158675462,11912
19944,0.00021337454381864518,14043
19945,0.0002133772795787081,9093
19946,0.00021337842918001115,16579
19947,0.00021337921498343349,18640
19948,0.0002133798407157883,407
19949,0.00021338756778277457,15859
19950,0.00021339206432458013,13586
19951,0.00021339436352718621,22440
19952,0.00021340187231544405,23874
19953,0.00021341076353564858,16028
19954,0.00021341136016417295,3029
19955,0.00021342173567973077,16593
19956,0.00021342278341762722,1930
19957,0.00021342288528103381,27009
19958,0.00021342650870792568,4241
19959,0.00021343516709748656,13411
19960,0.00021343646221794188,18767
19961,0.0002134371898137033,24046
19962,0.00021344116248656064,16274
19963,0.00021344485867302865,15035
19964,0.00021344605193007737,8386
19965,0.00021344886044971645,5572
19966,0.00021345305140130222,6366
19967,0.0002134544774889946,2548
19968,0.0002134561655111611,19950
19969,0.00021346050198189914,6248
19970,0.00021346192806959152,26178
19971,0.00021346277208067477,14254
19972,0.00021347244910430163,26857
19973,0.00021347789152059704,4733
19974,0.0002134784881491214,13675
19975,0.00021347856090869755,4604
19976,0.0002134792594006285,13732
19977,0.00021348148584365845,4842
19978,0.00021348246082197875,9391
19979,0.00021348774316720665,16771
19980,0.0002134885435225442,11548
19981,0.00021349180315155536,22622
19982,0.00021349740563891828,601
19983,0.0002135026443284005,26170
19984,0.00021350917813833803,27138
19985,0.00021351077884901315,5875
19986,0.00021351109899114817,23723
19987,0.00021352192561607808,5523
19988,0.00021352854673750699,16561
19989,0.00021353001648094505,26116
19990,0.00021353007468860596,27363
19991,0.0002135321992682293,14220
19992,0.0002135342947440222,2136
19993,0.00021353478950913996,271
19994,0.0002135393297066912,13670
19995,0.00021354072669055313,23806
19996,0.00021354143973439932,5478
19997,0.00021354536875151098,17065
19998,0.00021354903583414853,8860
19999,0.00021355612261686474,9309
20000,0.0002135582035407424,9195
20001,0.0002135605609510094,867
20002,0.00021356403885874897,11764
20003,0.00021356761862989515,10643
20004,0.00021357668447308242,23599
20005,0.0002135778486263007,11739
20006,0.00021358540107030421,27377
20007,0.00021358577942010015,27582
20008,0.00021359414677135646,21810
20009,0.00021359670790843666,20010
20010,0.00021359896345529705,1943
20011,0.00021360874234233052,20330
20012,0.00021361302060540766,24106
20013,0.0002136140683433041,5634
20014,0.00021361836115829647,17836
20015,0.00021362106781452894,18548
20016,0.0002136218099622056,10748
20017,0.0002136231487384066,26218
20018,0.00021362538973335177,4110
20019,0.00021362605912145227,11931
20020,0.00021363164705689996,13630
20021,0.00021363516862038523,3676
20022,0.00021363959240261465,27049
20023,0.00021364106214605272,27382
20024,0.00021364964777603745,24956
20025,0.0002136574184987694,10789
20026,0.00021365868451539427,11516
20027,0.00021366120199672878,10502
20028,0.00021366440341807902,6652
20029,0.0002136671100743115,479
20030,0.00021366850705817342,12053
20031,0.00021367646695580333,16268
20032,0.0002136765542672947,13564
20033,0.00021368141460698098,7707
20034,0.00021368623129092157,19141
20035,0.00021368805028032511,9284
20036,0.00021370018657762557,8907
20037,0.0002137012779712677,11240
20038,0.00021370533795561641,15246
20039,0.0002137106203008443,14912
20040,0.00021371066395659,25552
20041,0.00021371258480940014,384
20042,0.0002137169794877991,2799
20043,0.00021372042829170823,26212
20044,0.00021372099581640214,7098
20045,0.0002137235424015671,12920
20046,0.0002137243573088199,3777
20047,0.00021372642368078232,5000
20048,0.00021372686023823917,20065
20049,0.00021372735500335693,2038
20050,0.00021373157505877316,8755
20051,0.0002137413976015523,16199
20052,0.00021374283824115992,7543
20053,0.00021374969219323248,2485
20054,0.00021375258802436292,14397
20055,0.00021375514916144311,15450
20056,0.00021375968935899436,22566
20057,0.00021376277436502278,5882
20058,0.00021376470976974815,4843
20059,0.0002137685805791989,4470
20060,0.00021376892982516438,22195
20061,0.00021377086522988975,2669
20062,0.00021377293160185218,4559
20063,0.00021377360098995268,9511
20064,0.00021377434313762933,4900
20065,0.00021378522797022015,6866
20066,0.00021378941892180592,6596
20067,0.0002137961855623871,26950
20068,0.00021379692771006376,22303
20069,0.0002137999254046008,20060
20070,0.00021380082762334496,10136
20071,0.00021380186080932617,4283
20072,0.00021380270482040942,2754
20073,0.00021380554244387895,2405
20074,0.00021380730322562158,8486
20075,0.00021380835096351802,7415
20076,0.00021381066471803933,8203
20077,0.00021381440456025302,6111
20078,0.00021381683473009616,17570
20079,0.00021381981787271798,27712
20080,0.0002138198760803789,25246
20081,0.00021383713465183973,9251
20082,0.00021383805142249912,13283
20083,0.00021383857529144734,8646
20084,0.00021384145657066256,16243
20085,0.00021384195133578032,7590
20086,0.00021384282445069402,23316
20087,0.00021384470164775848,6059
20088,0.00021384807769209146,14113
20089,0.00021385084255598485,27508
20090,0.0002138579002348706,11695
20091,0.00021386345906648785,18202
20092,0.00021386591834016144,16366
20093,0.00021386596199590713,11814
20094,0.00021386609296314418,25759
20095,0.00021386673324741423,20452
20096,0.0002138729760190472,19494
20097,0.0002138765703421086,1018
20098,0.0002138795971404761,17675
20099,0.00021389024914242327,8032
20100,0.00021389295579865575,25649
20101,0.00021389586618170142,14211
20102,0.00021389614266809076,11993
20103,0.00021389735047705472,17822
20104,0.00021390320034697652,26082
20105,0.00021390717301983386,24624
20106,0.00021391012705862522,23463
20107,0.0002139173011528328,1366
20108,0.00021392398048192263,23959
20109,0.00021392614871729165,13351
20110,0.00021393026690930128,21024
20111,0.00021393297356553376,7673
20112,0.00021393565111793578,2229
20113,0.00021393860515672714,22640
20114,0.00021394014765974134,493
20115,0.0002139467978850007,16982
20116,0.0002139493153663352,25339
20117,0.0002139531570719555,18499
20118,0.000213954845094122,6744
20119,0.00021395897783804685,7252
20120,0.0002139594143955037,24167
20121,0.00021396190277300775,14428
20122,0.0002139624994015321,26976
20123,0.00021396292140707374,20150
20124,0.00021396786905825138,3130
20125,0.00021397099772002548,18624
20126,0.00021397335513029248,12077
20127,0.00021397441742010415,7110
20128,0.00021397476666606963,8323
20129,0.00021397606178652495,15975
20130,0.00021397914679255337,13468
20131,0.0002139799325959757,6314
20132,0.00021399074466899037,27287
20133,0.00021401244157459587,16861
20134,0.00021401798585429788,9980
20135,0.00021402518905233592,27290
20136,0.0002140263532055542,25736
20137,0.0002140282595064491,5863
20138,0.00021403183927759528,1671
20139,0.00021403268328867853,9189
20140,0.00021403362916316837,12215
20141,0.00021403457503765821,24875
20142,0.00021403763093985617,11685
20143,0.00021404073049779981,26239
20144,0.00021404417930170894,15162
20145,0.0002140470896847546,21231
20146,0.00021405270672403276,22902
20147,0.00021405443840194494,26054
20148,0.0002140563738066703,15127
20149,0.00021405746520031244,3177
20150,0.00021405906591098756,14352
20151,0.000214060622965917,23481
20152,0.00021406399901024997,6426
20153,0.0002140770375262946,20775
20154,0.00021407759049907327,14809
20155,0.00021408138854894787,5464
20156,0.0002140832948498428,10381
20157,0.00021408557950053364,24885
20158,0.00021409092005342245,26949
20159,0.00021409375767689198,8246
20160,0.00021409547480288893,10855
20161,0.00021409924374893308,9844
20162,0.0002141003351425752,13482
20163,0.0002141005388693884,15210
20164,0.00021410157205536962,19181
20165,0.00021410468616522849,5919
20166,0.00021410606859717518,16148
20167,0.0002141074655810371,27486
20168,0.0002141112636309117,10815
20169,0.00021411225316114724,4871
20170,0.00021411235502455384,24776
20171,0.00021411635680124164,4459
20172,0.00021412030037026852,8095
20173,0.00021412415662780404,18283
20174,0.0002141244476661086,9513
20175,0.00021412581554614007,16770
20176,0.00021412785281427205,22428
20177,0.0002141316799679771,26808
20178,0.00021413386275526136,25093
20179,0.00021413555077742785,21078
20180,0.00021415192168205976,24865
20181,0.00021416068193502724,20021
20182,0.0002141636359738186,22367
20183,0.0002141683071386069,8164
20184,0.0002141787699656561,20991
20185,0.00021417878451757133,12240
20186,0.00021418070537038147,25689
20187,0.000214185391087085,21012
20188,0.00021418566757347435,16728
20189,0.0002141857985407114,4585
20190,0.00021418865071609616,25002
20191,0.00021419495169539005,5760
20192,0.00021419813856482506,14612
20193,0.0002142013981938362,16646
20194,0.00021420330449473113,4464
20195,0.0002142037556041032,23743
20196,0.00021420643315650523,2283
20197,0.00021420756820589304,17462
20198,0.00021420886332634836,13609
20199,0.00021420896518975496,18823
20200,0.00021421075507532805,25816
20201,0.00021421645942609757,733
20202,0.00021421696874313056,11417
20203,0.00021422850841190666,2858
20204,0.0002142341254511848,12714
20205,0.00021423536236397922,1983
20206,0.0002142359153367579,5661
20207,0.00021423661382868886,8848
20208,0.00021423747239168733,14472
20209,0.00021423901489470154,2859
20210,0.00021424020815175027,23957
20211,0.00021424477745313197,22121
20212,0.00021424512669909745,6591
20213,0.00021424517035484314,5454
20214,0.0002142490993719548,8695
20215,0.00021425590966828167,22206
20216,0.00021425620070658624,1164
20217,0.00021425721934065223,3379
20218,0.00021425998420454562,13391
20219,0.00021426958846859634,20040
20220,0.00021427088358905166,1216
20221,0.00021427373576443642,24494
20222,0.00021427756291814148,4170
20223,0.00021428009495139122,8631
20224,0.00021428139007184654,25732
20225,0.00021429345360957086,9823
20226,0.00021429837215691805,14247
20227,0.000214299070648849,23130
20228,0.0002143020974472165,3361
20229,0.0002143026504199952,25459
20230,0.00021430972265079618,7289
20231,0.00021431154164019972,19775
20232,0.00021431464119814336,18212
20233,0.00021431478671729565,5593
20234,0.000214316401979886,25091
20235,0.00021432196081150323,1680
20236,0.00021432311041280627,27732
20237,0.00021432370704133064,26818
20238,0.0002143257879652083,8993
20239,0.00021433043002616614,26316
20240,0.00021433115762192756,9564
20241,0.0002143336459994316,8653
20242,0.00021433788060676306,2305
20243,0.00021434311929624528,6072
20244,0.00021434819791465998,6752
20245,0.0002143547753803432,4513
20246,0.00021435822418425232,15657
20247,0.00021436301176436245,27481
20248,0.0002143631427315995,13470
20249,0.00021436419046949595,488
20250,0.00021437148097902536,15701
20251,0.00021437188843265176,21453
20252,0.0002143734454875812,19062
20253,0.0002143751917174086,21140
20254,0.00021437650138977915,9556
20255,0.000214379804674536,4036
20256,0.0002143818128388375,11783
20257,0.00021438469411805272,2423
20258,0.00021438728435896337,9161
20259,0.00021440059936139733,2129
20260,0.00021440644923131913,3455
20261,0.0002144067984772846,24501
20262,0.00021441142598632723,16419
20263,0.0002144134632544592,25761
20264,0.0002144139289157465,16363
20265,0.0002144164900528267,25829
20266,0.00021441822173073888,15399
20267,0.00021442200522869825,9949
20268,0.00021442229626700282,1036
20269,0.00021442327124532312,781
20270,0.00021442436263896525,18425
20271,0.00021442626893986017,23177
20272,0.0002144334721378982,578
20273,0.0002144346944987774,19166
20274,0.0002144381433026865,20553
20275,0.00021444400772452354,21786
20276,0.00021445160382427275,18014
20277,0.00021445589663926512,18264
20278,0.00021445883612614125,23527
20279,0.0002144653699360788,27507
20280,0.00021446790196932852,15366
20281,0.00021447689505293965,18679
20282,0.00021448006737045944,3950
20283,0.0002144837926607579,23738
20284,0.00021448530605994165,12955
20285,0.00021448942425195128,18508
20286,0.0002144934842363,10598
20287,0.00021450052736327052,21690
20288,0.0002145024191122502,22142
20289,0.0002145080507034436,26630
20290,0.00021451165957842022,10063
20291,0.00021452650253195316,24247
20292,0.00021452884539030492,11923
20293,0.0002145330363418907,26700
20294,0.0002145392936654389,7826
20295,0.0002145548933185637,10169
20296,0.00021455615933518857,15059
20297,0.00021455738169606775,27415
20298,0.0002145587932318449,24008
20299,0.00021456321701407433,6020
20300,0.00021456732065416873,1835
20301,0.00021456934337038547,2263
20302,0.0002145696198567748,20581
20303,0.00021457168622873724,8633
20304,0.00021457277762237936,1832
20305,0.00021457334514707327,23496
20306,0.00021457501861732453,12301
20307,0.00021457513503264636,9930
20308,0.0002145778707927093,8552
20309,0.00021458179980982095,16285
20310,0.00021458943956531584,18402
20311,0.00021459297568071634,16592
20312,0.00021459544950630516,6996
20313,0.00021459555136971176,20261
20314,0.00021460186690092087,26840
20315,0.0002146051119780168,1436
20316,0.00021460802236106247,15672
20317,0.00021461037977132946,725
20318,0.00021461393043864518,881
20319,0.0002146191254723817,24728
20320,0.00021462049335241318,3211
20321,0.00021462123550008982,3391
20322,0.0002146256301784888,19366
20323,0.00021463031589519233,945
20324,0.0002146307670045644,17507
20325,0.0002146309707313776,18204
20326,0.00021464520250447094,11857
20327,0.00021466074394993484,3041
20328,0.0002146657061530277,8062
20329,0.00021468382328748703,21309
20330,0.00021468813065439463,6662
20331,0.00021469251078087837,2976
20332,0.00021469395142048597,2739
20333,0.0002146966871805489,2621
20334,0.00021469869534485042,15865
20335,0.00021469876810442656,3646
20336,0.00021469921921379864,25232
20337,0.00021470495266839862,16791
20338,0.00021470760111697018,14487
20339,0.00021470773208420724,6313
20340,0.00021471019135788083,26786
20341,0.00021471580839715898,9041
20342,0.000214719824725762,27689
20343,0.00021472589287441224,10116
20344,0.00021472867229022086,22728
20345,0.00021473468223121017,14877
20346,0.0002147422346752137,21672
20347,0.00021474694949574769,11303
20348,0.00021475546236615628,4524
20349,0.00021476249094121158,20084
20350,0.00021476887923199683,19032
20351,0.0002147689083358273,12025
20352,0.00021477598056662828,17405
20353,0.00021477647533174604,26519
20354,0.00021478479902725667,14353
20355,0.00021478954295162112,18814
20356,0.0002147898921975866,9059
20357,0.00021480135910678655,17495
20358,0.00021480279974639416,14431
20359,0.00021480505529325455,1592
20360,0.00021480613213498145,19054
20361,0.00021481633302755654,19079
20362,0.00021481649309862405,18953
20363,0.0002148199564544484,7189
20364,0.00021482053853105754,24923
20365,0.00021482356532942504,26433
20366,0.00021482602460309863,5179
20367,0.00021483007003553212,20201
20368,0.00021483203454408795,11997
20369,0.0002148335479432717,9699
20370,0.00021483389718923718,11173
20371,0.00021483449381776154,14516
20372,0.0002148356579709798,1418
20373,0.00021483705495484173,13545
20374,0.00021483839373104274,2454
20375,0.00021483917953446507,18964
20376,0.0002148399071302265,21416
20377,0.00021484536409843713,7100
20378,0.00021484964236151427,23218
20379,0.00021485034085344523,21817
20380,0.00021485281467903405,7418
20381,0.00021485763136297464,25652
20382,0.0002148579660570249,25967
20383,0.00021487892081495374,14818
20384,0.00021487922640517354,5236
20385,0.0002148825442418456,11550
20386,0.00021488532365765423,2791
20387,0.00021488830680027604,7818
20388,0.00021489139180630445,18069
20389,0.00021489385107997805,11387
20390,0.0002148972562281415,23285
20391,0.00021489799837581813,1764
20392,0.00021489990467671305,9592
20393,0.00021490042854566127,11260
20394,0.00021490186918526888,26492
20395,0.00021490351355168968,21406
20396,0.00021490368817467242,12253
20397,0.00021490380458999425,11419
20398,0.00021490504150278866,23507
20399,0.000214909523492679,7357
20400,0.00021491367078851908,11297
20401,0.00021491617371793836,1413
20402,0.0002149173233192414,18546
20403,0.00021491936058737338,11910
20404,0.0002149204519810155,15377
20405,0.00021492267842404544,12421
20406,0.00021492340601980686,19895
20407,0.00021492457017302513,8889
20408,0.0002149280917365104,17801
20409,0.0002149282518075779,7798
20410,0.0002149283973267302,18263
20411,0.00021493490203283727,22423
20412,0.00021494101383723319,4383
20413,0.00021494587417691946,17567
20414,0.00021494601969607174,16869
20415,0.0002149512874893844,17110
20416,0.0002149524661945179,20944
20417,0.00021495501277968287,5461
20418,0.00021496797853615135,8191
20419,0.0002149720530724153,22131
20420,0.00021497247507795691,20801
20421,0.00021497746638488024,10836
20422,0.00021498434944078326,13816
20423,0.00021498670685105026,16502
20424,0.0002149892970919609,21560
20425,0.00021498998103197664,20951
20426,0.00021499033027794212,19424
20427,0.0002149908832507208,19969
20428,0.00021499335707630962,6908
20429,0.00021499460854101926,2240
20430,0.00021499991999007761,14575
20431,0.00021500625007320195,14643
20432,0.00021500732691492885,909
20433,0.00021500927687156945,15935
20434,0.0002150175569113344,301
20435,0.0002150447980966419,10834
20436,0.00021504487085621804,23647
20437,0.00021505031327251345,21825
20438,0.0002150546497432515,4373
20439,0.0002150549116777256,1548
20440,0.0002150554209947586,7895
20441,0.00021505689073819667,25645
20442,0.00021506195480469614,21177
20443,0.00021506278426386416,20347
20444,0.0002150698273908347,1238
20445,0.00021507144265342504,27227
20446,0.00021507211204152554,1068
20447,0.00021507313067559153,15333
20448,0.0002150744548998773,9913
20449,0.0002150761429220438,4224
20450,0.00021507864585146308,6722
20451,0.00021508053760044277,1610
20452,0.00021508282225113362,2581
20453,0.00021508318604901433,15656
20454,0.0002150878426618874,2245
20455,0.0002150878426618874,22258
20456,0.00021509156795218587,7759
20457,0.00021509832004085183,11975
20458,0.000215106614632532,16917
20459,0.00021510844817385077,1145
20460,0.00021511044178623706,9047
20461,0.00021511371596716344,11092
20462,0.00021511614613700658,11016
20463,0.00021511857630684972,9560
20464,0.00021512198145501316,16673
20465,0.00021515024127438664,3277
20466,0.0002151589869754389,9627
20467,0.00021516172273550183,14087
20468,0.00021516472043003887,7976
20469,0.0002151672524632886,19409
20470,0.0002151674561901018,6069
20471,0.0002151809458155185,22981
20472,0.0002151846420019865,602
20473,0.00021518906578421593,1445
20474,0.00021519088477361947,3286
20475,0.00021519216534215957,19341
20476,0.00021519308211281896,3086
20477,0.0002151934168068692,5714
20478,0.00021519651636481285,22751
20479,0.00021519690926652402,16667
20480,0.00021519805886782706,17457
20481,0.000215202133404091,4671
20482,0.000215203472180292,22932
20483,0.00021520657173823565,2339
20484,0.00021521246526390314,24536
20485,0.00021521447342820466,16013
20486,0.00021521782036870718,6656
20487,0.00021522026509046555,24406
20488,0.00021522308816201985,19302
20489,0.00021522582392208278,8129
20490,0.00021522646420635283,10141
20491,0.00021522730821743608,21303
20492,0.00021524504700209945,7119
20493,0.00021524913609027863,22201
20494,0.0002152505039703101,26941
20495,0.00021525703778024763,4103
20496,0.00021526111231651157,9714
20497,0.00021526233467739075,25821
20498,0.00021526947966776788,26892
20499,0.0002152711240341887,24451
20500,0.0002152741508325562,7793
20501,0.00021527419448830187,20085
20502,0.00021527586795855314,15627
20503,0.00021528452634811401,14068
20504,0.00021529004152398556,1346
20505,0.00021529541118070483,26382
20506,0.00021529672085307539,5689
20507,0.0002152989327441901,24577
20508,0.00021530322555918247,12656
20509,0.00021530357480514795,18490
20510,0.00021530700905714184,284
20511,0.00021532025129999965,5900
20512,0.00021532025129999965,26151
20513,0.00021533404651563615,10618
20514,0.0002153411041945219,9666
20515,0.00021534170082304627,6598
20516,0.00021534418920055032,15216
20517,0.0002153463283320889,20240
20518,0.00021534974803216755,10046
20519,0.00021535747509915382,1736
20520,0.00021536042913794518,13040
20521,0.000215363412280567,19914
20522,0.00021536363055929542,10472
20523,0.00021537486463785172,18382
20524,0.00021538232977036387,16656
20525,0.00021538914006669074,1483
20526,0.00021539167209994048,19897
20527,0.00021539231238421053,18045
20528,0.00021540639863815159,15854
20529,0.00021540836314670742,9486
20530,0.00021541034220717847,16757
20531,0.00021541118621826172,9798
20532,0.0002154305693693459,4288
20533,0.00021543090406339616,1971
20534,0.00021543279581237584,10640
20535,0.00021543307229876518,10956
20536,0.00021543598268181086,8671
20537,0.00021544245828408748,2702
20538,0.0002154444227926433,19345
20539,0.00021544727496802807,11413
20540,0.0002154546818928793,1398
20541,0.000215457082958892,12452
20542,0.00021545746130868793,11356
20543,0.00021545946947298944,21732
20544,0.00021546374773606658,26535
20545,0.00021546543575823307,25205
20546,0.0002154683170374483,12035
20547,0.00021547851793002337,14162
20548,0.00021548518270719796,11643
20549,0.00021548628865275532,18217
20550,0.0002154890535166487,10984
20551,0.00021549742086790502,8020
20552,0.0002155133115593344,16348
20553,0.00021551520330831409,9870
20554,0.00021551545069087297,25110
20555,0.00021551549434661865,14180
20556,0.00021551646932493895,25860
20557,0.00021551668760366738,5207
20558,0.00021552744146902114,4984
20559,0.00021552744146902114,23396
20560,0.00021552799444179982,17208
20561,0.0002155332622351125,15272
20562,0.0002155369147658348,23391
20563,0.00021553938859142363,5514
20564,0.0002155445545213297,2235
20565,0.00021554842533078045,7253
20566,0.00021557038417086005,18674
20567,0.00021557509899139404,4936
20568,0.00021558042499236763,18149
20569,0.00021558243315666914,13538
20570,0.0002155830734409392,850
20571,0.00021558499429374933,18120
20572,0.0002155855909222737,26399
20573,0.000215589752770029,14910
20574,0.00021559948800131679,6029
20575,0.00021560268942266703,17109
20576,0.00021560439199674875,26312
20577,0.0002156048285542056,24851
20578,0.0002156057016691193,7203
20579,0.00021560608001891524,20726
20580,0.00021560813183896244,4939
20581,0.00021561379253398627,14022
20582,0.0002156206755898893,2033
20583,0.00021563592599704862,12530
20584,0.00021563952032011002,3906
20585,0.0002156399714294821,11762
20586,0.00021564308553934097,24597
20587,0.00021565939823631197,2126
20588,0.00021566043142229319,12368
20589,0.00021567574003711343,7462
20590,0.0002156760892830789,24890
20591,0.00021567677322309464,13348
20592,0.00021567764633800834,17602
20593,0.00021567782096099108,17330
20594,0.00021568182273767889,25477
20595,0.00021568576630670577,23153
20596,0.00021568621741607785,5975
20597,0.00021568924421444535,23360
20598,0.0002156918781111017,17378
20599,0.00021569379896391183,3255
20600,0.00021569694217760116,21740
20601,0.00021569704404100776,3794
20602,0.00021571324032265693,25802
20603,0.0002157152775907889,4076
20604,0.00021572034165728837,13602
20605,0.00021572217519860715,15235
20606,0.0002157247654395178,26827
20607,0.0002157248673029244,20680
20608,0.00021572783589363098,16353
20609,0.00021573019330389798,14934
20610,0.00021573273988906294,8840
20611,0.00021573914273176342,11986
20612,0.00021574065613094717,24396
20613,0.00021574180573225021,317
20614,0.00021574512356892228,9890
20615,0.0002157462149625644,10505
20616,0.00021574721904471517,13286
20617,0.00021574929996859282,10684
20618,0.00021575178834609687,19151
20619,0.00021575317077804357,1933
20620,0.00021575362188741565,18787
20621,0.00021575535356532782,12796
20622,0.00021576276049017906,20138
20623,0.00021576869767159224,18018
20624,0.00021577169536612928,20207
20625,0.00021577224833890796,18525
20626,0.00021577323786914349,19425
20627,0.00021577649749815464,8587
20628,0.00021577758889179677,10368
20629,0.0002157812414225191,8086
20630,0.00021578480664175004,23452
20631,0.00021578535961452872,8400
20632,0.00021578744053840637,13984
20633,0.00021578760060947388,13301
20634,0.0002157882699975744,20412
20635,0.00021578844462055713,3217
20636,0.00021578985615633428,11078
20637,0.000215791049413383,6812
20638,0.00021579772874247283,22851
20639,0.00021581312466878444,3744
20640,0.00021581622422672808,11060
20641,0.0002158185379812494,8067
20642,0.00021582010958809406,11789
20643,0.00021582348563242704,737
20644,0.0002158278221031651,10292
20645,0.0002158323477488011,6946
20646,0.00021583297348115593,1040
20647,0.00021583565103355795,4916
20648,0.00021583624766208231,20423
20649,0.00021583975467365235,5886
20650,0.00021584263595286757,17088
20651,0.00021584700152743608,4858
20652,0.00021584908245131373,26469
20653,0.00021585659123957157,27737
20654,0.0002158595743821934,25735
20655,0.00021586351795122027,11680
20656,0.0002158731804229319,4278
20657,0.00021587382070720196,2757
20658,0.0002158795396098867,18239
20659,0.000215883381315507,15598
20660,0.00021589064272120595,2361
20661,0.00021589444077108055,27576
20662,0.00021589803509414196,4612
20663,0.00021590186224784702,23258
20664,0.00021590203687082976,9519
20665,0.00021590401593130082,3853
20666,0.00021590491815004498,22697
20667,0.00021591957192867994,24005
20668,0.00021591992117464542,7550
20669,0.00021592463599517941,21048
20670,0.00021592687699012458,15502
20671,0.00021592702250927687,14128
20672,0.00021592766279354692,16179
20673,0.0002159295545425266,4485
20674,0.0002159339201170951,11755
20675,0.0002159350406145677,21210
20676,0.0002159367286367342,25446
20677,0.00021594055579043925,18083
20678,0.00021594137069769204,6079
20679,0.00021594778809230775,2418
20680,0.0002159515570383519,2332
20681,0.00021595595171675086,20315
20682,0.00021595627185888588,19650
20683,0.0002159629511879757,11977
20684,0.00021596519218292087,996
20685,0.00021596810256596655,9409
20686,0.0002159684954676777,12881
20687,0.00021596909209620208,26174
20688,0.00021597261365968734,16618
20689,0.00021597291924990714,20383
20690,0.00021597594604827464,10880
20691,0.0002159794676117599,11264
20692,0.00021598041348624974,14483
20693,0.00021598224702756852,27225
20694,0.00021598294551949948,21273
20695,0.00021599528554361314,14834
20696,0.00021600867330562323,13571
20697,0.00021601130720227957,8127
20698,0.00021601407206617296,8244
20699,0.0002160158328479156,22789
20700,0.0002160218864446506,6796
20701,0.00021602402557618916,16380
20702,0.00021602521883323789,8465
20703,0.00021602745982818305,17211
20704,0.00021603313507512212,13747
20705,0.0002160397998522967,24877
20706,0.00021604211360681802,19949
20707,0.00021604227367788553,847
20708,0.0002160472795367241,15043
20709,0.0002160578005714342,302
20710,0.00021606183145195246,27135
20711,0.0002160651347367093,6895
20712,0.00021606640075333416,2998
20713,0.00021606644440907985,7742
20714,0.00021606865630019456,25322
20715,0.0002160820149583742,10704
20716,0.0002160830918001011,9567
20717,0.0002160871372325346,11651
20718,0.00021609013492707163,11127
20719,0.00021609431132674217,11296
20720,0.00021610443945974112,21172
20721,0.00021610668045468628,27740
20722,0.00021611491683870554,3397
20723,0.00021611839474644512,22950
20724,0.00021612719865515828,22578
20725,0.0002161282318411395,16034
20726,0.00021612945420201868,13011
20727,0.00021613251010421664,25073
20728,0.00021614776051137596,16437
20729,0.00021615093282889575,12332
20730,0.00021615381410811096,11350
20731,0.00021615925652440637,15992
20732,0.0002161601441912353,4075
20733,0.00021616466983687133,27423
20734,0.00021616529556922615,13205
20735,0.00021618713799398392,15436
20736,0.00021619295876007527,15301
20737,0.00021619493782054633,1456
20738,0.0002161993907066062,27770
20739,0.0002162003074772656,19226
20740,0.00021620157349389046,18366
20741,0.00021620230108965188,22726
20742,0.00021620512416120619,21518
20743,0.00021620532788801938,23770
20744,0.00021620660845655948,26731
20745,0.0002162085729651153,11493
20746,0.0002162112359656021,16556
20747,0.0002162162563763559,16997
20748,0.00021621791529469192,5008
20749,0.00021622178610414267,23778
20750,0.00021622276108246297,8985
20751,0.00021623566863127053,24854
20752,0.00021623572683893144,26473
20753,0.00021623836073558778,16049
20754,0.0002162404707632959,19438
20755,0.00021624163491651416,11192
20756,0.0002162440650863573,9721
20757,0.00021624666987918317,11957
20758,0.000216247295611538,17381
20759,0.00021624732471536845,23480
20760,0.00021625631779897958,5940
20761,0.0002162628370570019,22197
20762,0.0002162637683795765,4960
20763,0.00021627232490573078,24307
20764,0.00021628240938298404,3590
20765,0.0002162837772630155,13854
20766,0.00021628907416015863,16879
20767,0.00021628919057548046,16786
20768,0.00021629457478411496,10913
20769,0.00021629457478411496,27016
20770,0.00021629830007441342,12226
20771,0.00021630953415296972,7920
20772,0.00021631010167766362,8736
20773,0.00021631100389640778,19847
20774,0.0002163114259019494,3322
20775,0.00021631312847603112,4302
20776,0.0002163159369956702,11836
20777,0.00021631787240039557,5711
20778,0.00021632022981066257,314
20779,0.00021632314019370824,27325
20780,0.00021633329743053764,11120
20781,0.0002163351164199412,3275
20782,0.0002163376921089366,16589
20783,0.0002163384633604437,19631
20784,0.00021634428412653506,15326
20785,0.00021635249140672386,26056
20786,0.00021635265147779137,8367
20787,0.00021635535813402385,10478
20788,0.0002163582539651543,23269
20789,0.00021636014571413398,19929
20790,0.00021636052406392992,11057
20791,0.0002163647732231766,9573
20792,0.00021636570454575121,12371
20793,0.0002163702592952177,12062
20794,0.00021637255849782377,3428
20795,0.00021637912141159177,16304
20796,0.00021638085308950394,20662
20797,0.0002163834433304146,10496
20798,0.00021639051556121558,12113
20799,0.00021639169426634908,19710
20800,0.000216392581933178,2870
20801,0.0002163938042940572,4890
20802,0.00021640013437718153,14567
20803,0.00021640316117554903,8999
20804,0.00021640554768964648,6481
20805,0.00021640850172843784,24097
20806,0.00021641651983372867,21631
20807,0.00021642280626110733,22942
20808,0.00021642631327267736,14996
20809,0.00021642938372679055,20514
20810,0.00021643767831847072,26676
20811,0.00021643827494699508,25708
20812,0.0002164477191399783,14122
20813,0.00021645045490004122,8026
20814,0.00021645348169840872,20675
20815,0.000216460699448362,26391
20816,0.00021646087407134473,19917
20817,0.0002164626494050026,7268
20818,0.00021647180255968124,22866
20819,0.0002164754259865731,5303
20820,0.00021648110123351216,1847
20821,0.00021648129040841013,11655
20822,0.00021648153779096901,7446
20823,0.00021648203255608678,24544
20824,0.0002164836332667619,27143
20825,0.00021648575784638524,14346
20826,0.00021648593246936798,6749
20827,0.00021648740221280605,8018
20828,0.00021649284462910146,1443
20829,0.00021649693371728063,12475
20830,0.0002165025071008131,25342
20831,0.0002165051846532151,1899
20832,0.00021650722192134708,18716
20833,0.00021652001305483282,10383
20834,0.00021652162831742316,1089
20835,0.00021652212308254093,25278
20836,0.00021652321447618306,12597
20837,0.00021652957366313785,16118
20838,0.0002165313926525414,3355
20839,0.00021653740259353071,11664
20840,0.0002165397600037977,24434
20841,0.0002165401092497632,12280
20842,0.00021654070587828755,25118
20843,0.00021654214651789516,7065
20844,0.00021654489682987332,4481
20845,0.00021654623560607433,3150
20846,0.00021654889860656112,15404
20847,0.00021654964075423777,16015
20848,0.00021655145974364132,16192
20849,0.0002165539190173149,16910
20850,0.00021655674208886921,25621
20851,0.00021655917225871235,2899
20852,0.00021656123863067478,2149
20853,0.00021656179160345346,6444
20854,0.00021656854369211942,341
20855,0.00021657318575307727,13345
20856,0.00021657321485690773,25744
20857,0.00021657333127222955,18877
20858,0.0002165820187656209,7246
20859,0.0002165867481380701,1710
20860,0.0002165890036849305,6214
20861,0.00021659096819348633,20956
20862,0.00021659111371263862,8624
20863,0.00021659150661434978,2207
20864,0.0002166006452171132,18220
20865,0.00021660323545802385,5701
20866,0.00021660517086274922,6605
20867,0.00021660646598320454,12905
20868,0.00021660928905475885,27037
20869,0.00021661282517015934,4395
20870,0.0002166157792089507,19912
20871,0.00021661697246599942,21320
20872,0.00021662344806827605,24744
20873,0.0002166236808989197,2132
20874,0.00021662401559296995,11432
20875,0.0002166274789487943,1645
20876,0.00021662951621692628,4327
20877,0.00021663730149157345,25622
20878,0.00021664628002326936,22549
20879,0.0002166522026527673,10919
20880,0.0002166541962651536,24088
20881,0.00021665434178430587,3711
20882,0.00021665995882358402,4118
20883,0.00021666094835381955,27733
20884,0.0002166658960049972,19911
20885,0.00021666701650246978,23457
20886,0.00021667500550393015,12505
20887,0.00021667560213245451,24469
20888,0.00021667953114956617,4057
20889,0.00021668209228664637,20534
20890,0.00021669644047506154,26243
20891,0.00021670317801181227,21985
20892,0.00021670747082680464,27674
20893,0.0002167079655919224,6538
20894,0.0002167135098716244,8838
20895,0.0002167150960303843,12981
20896,0.00021671841386705637,2414
20897,0.00021671871945727617,9854
20898,0.00021671995637007058,10547
20899,0.0002167205384466797,14989
20900,0.00021672373986802995,22104
20901,0.00021672810544259846,21537
20902,0.00021673126320820302,12438
20903,0.0002167337224818766,26730
20904,0.00021673449373338372,22013
20905,0.0002167358761653304,15573
20906,0.0002167378697777167,17778
20907,0.00021674289018847048,24743
20908,0.00021675108291674405,11937
20909,0.00021675319294445217,19149
20910,0.00021675508469343185,14057
20911,0.0002167571656173095,17902
20912,0.00021675821335520595,26044
20913,0.0002167614147765562,13329
20914,0.0002167621860280633,9016
20915,0.00021676431060768664,17674
20916,0.00021676525648217648,20759
20917,0.00021676912729162723,21592
20918,0.00021677551558241248,2243
20919,0.00021678028861060739,9412
20920,0.00021678089979104698,15045
20921,0.00021678222401533276,1015
20922,0.00021679072233382612,10268
20923,0.00021679309429600835,13400
20924,0.00021679427300114185,2276
20925,0.0002167997881770134,22677
20926,0.0002168103092117235,20790
20927,0.00021681662474293262,12456
20928,0.0002168171340599656,20643
20929,0.00021681755606550723,2667
20930,0.00021681755606550723,4743
20931,0.00021681755606550723,7385
20932,0.00021681755606550723,15028
20933,0.00021681755606550723,15568
20934,0.00021681755606550723,21932
20935,0.00021681755606550723,23721
20936,0.00021681755606550723,25272
20937,0.0002168232313124463,12206
20938,0.0002168283681385219,4319
20939,0.00021684962848667055,3112
20940,0.0002168517094105482,280
20941,0.0002168551873182878,7332
20942,0.00021686017862521112,27046
20943,0.00021686030959244817,7665
20944,0.00021686477703042328,10788
20945,0.0002168648934457451,4692
20946,0.00021687483240384609,1627
20947,0.00021687538537662476,2059
20948,0.00021687729167751968,13807
20949,0.00021688389824703336,8914
20950,0.00021688512060791254,23023
20951,0.00021688775450456887,13045
20952,0.00021689226559828967,11227
20953,0.00021689292043447495,21307
20954,0.00021689478307962418,9905
20955,0.0002168965875171125,24326
20956,0.0002169010549550876,27141
20957,0.00021691469009965658,33
20958,0.00021691812435165048,12050
20959,0.00021691953588742763,8905
20960,0.00021692212612833828,8247
20961,0.00021692237351089716,20222
20962,0.00021692276641260833,7267
20963,0.00021692743757739663,5539
20964,0.00021692877635359764,17563
20965,0.00021693334565497935,22615
20966,0.00021694220777135342,17532
20967,0.0002169526123907417,5213
20968,0.00021695376199204475,1962
20969,0.00021696026669815183,14263
20970,0.00021696335170418024,19105
20971,0.00021696568001061678,10313
20972,0.00021696607291232795,10244
20973,0.00021697131160181016,13999
20974,0.0002169718936784193,23102
20975,0.00021697516785934567,10762
20976,0.00021698008640669286,142
20977,0.0002169828221667558,9056
20978,0.0002169887302443385,16306
20979,0.00021698875934816897,14261
20980,0.00021699274657294154,26793
20981,0.0002169950312236324,2835
20982,0.00021699587523471564,2984
20983,0.00021699797071050853,18047
20984,0.00021699976059608161,21792
20985,0.0002170020597986877,6661
20986,0.00021700571232941002,11877
20987,0.000217009088373743,1081
20988,0.0002170106308767572,17365
20989,0.00021701597142964602,12690
20990,0.00021701987134292722,460
20991,0.00021702043886762112,7952
20992,0.00021702528465539217,11808
20993,0.00021702692902181298,15709
20994,0.00021702921367250383,15182
20995,0.00021703288075514138,14386
20996,0.00021703631500713527,22280
20997,0.0002170421212213114,26959
20998,0.00021705245308112353,13220
20999,0.00021705265680793673,18908
21000,0.0002170533552998677,15645
21001,0.00021705364633817226,2711
21002,0.00021705692051909864,25789
21003,0.00021705811377614737,24964
21004,0.00021705871040467173,17027
21005,0.00021707170526497066,18571
21006,0.00021707276755478233,13824
21007,0.00021707289852201939,26298
21008,0.00021707381529267877,18006
21009,0.00021707733685616404,4183
21010,0.00021708394342567772,1322
21011,0.00021708548592869192,16498
21012,0.00021708889107685536,13130
21013,0.0002170899824704975,7974
21014,0.00021709079737775028,15998
21015,0.00021709487191401422,26012
21016,0.0002170967636629939,2402
21017,0.00021709740394726396,25557
21018,0.0002171015366911888,1009
21019,0.00021710833243560046,3163
21020,0.00021711044246330857,21076
21021,0.00021711767476517707,4427
21022,0.00021712073066737503,3865
21023,0.0002171234373236075,15339
21024,0.00021712417947128415,19326
21025,0.0002171327651012689,7562
21026,0.00021713366732001305,27084
21027,0.00021713371097575873,194
21028,0.00021713606838602573,1760
21029,0.00021713724709115922,21312
21030,0.00021713756723329425,1266
21031,0.00021713768364861608,23336
21032,0.00021713788737542927,11184
21033,0.00021714196191169322,1384
21034,0.00021714196191169322,11948
21035,0.00021714330068789423,2468
21036,0.0002171437517972663,12229
21037,0.000217145134229213,13937
21038,0.00021714573085773736,27417
21039,0.00021714747708756477,22114
21040,0.0002171563683077693,25963
21041,0.0002171607338823378,1368
21042,0.00021716592891607434,9045
21043,0.00021717087656725198,2484
21044,0.00021717087656725198,16977
21045,0.00021717092022299767,8276
21046,0.00021717377239838243,11871
21047,0.00021717662457376719,11410
21048,0.0002171783708035946,12911
21049,0.00021718772768508643,12118
21050,0.0002171909436583519,24313
21051,0.00021719108917750418,9927
21052,0.00021719327196478844,12635
21053,0.00021719885990023613,2501
21054,0.00021720364748034626,21512
21055,0.0002172111562686041,25401
21056,0.00021721512894146144,17097
21057,0.0002172163367504254,18738
21058,0.00021722158999182284,10702
21059,0.0002172220265492797,18233
21060,0.0002172270033042878,8189
21061,0.0002172313688788563,18673
21062,0.00021723529789596796,15842
21063,0.00021723842655774206,18835
21064,0.00021723877580370754,25175
21065,0.0002172407112084329,17115
21066,0.00021724187536165118,1583
21067,0.00021724360703956336,4646
21068,0.0002172454260289669,6134
21069,0.00021725351689383388,10109
21070,0.00021725376427639276,1149
21071,0.00021728059800807387,6311
21072,0.00021728078718297184,20157
21073,0.00021728141291532665,25159
21074,0.00021728263527620584,18043
21075,0.0002172830718336627,8143
21076,0.00021728500723838806,4729
21077,0.0002172876993427053,19382
21078,0.00021728893625549972,15565
21079,0.0002172909735236317,6916
21080,0.0002172945678466931,5305
21081,0.00021729599393438548,13683
21082,0.00021729922445956618,3749
21083,0.00021730383741669357,15737
21084,0.00021730393928010017,4750
21085,0.00021730396838393062,21154
21086,0.00021730527805630118,27788
21087,0.00021730654407292604,27566
21088,0.00021730945445597172,6834
21089,0.0002173118555219844,16338
21090,0.0002173127286368981,421
21091,0.00021731530432589352,11275
21092,0.00021731638116762042,19108
21093,0.0002173176035284996,9521
21094,0.0002173198008676991,26832
21095,0.00021732132881879807,4727
21096,0.00021732182358391583,26895
21097,0.00021732696040999144,7461
21098,0.00021732911409344524,2923
21099,0.00021733120956923813,5531
21100,0.00021733131143264472,17126
21101,0.00021733384346589446,13069
21102,0.0002173363754991442,8973
21103,0.00021733823814429343,25152
21104,0.00021734231268055737,11584
21105,0.00021734392794314772,20414
21106,0.00021734467009082437,8121
21107,0.00021735060727223754,16493
21108,0.00021735609334427863,17311
21109,0.00021735693735536188,15551
21110,0.00021735872724093497,23617
21111,0.00021736179769504815,11853
21112,0.00021736334019806236,24145
21113,0.00021737247880082577,7975
21114,0.00021737432689405978,6469
21115,0.00021738107898272574,12521
21116,0.00021739405929110944,21443
21117,0.0002173987013520673,20187
21118,0.00021740059310104698,877
21119,0.00021740698139183223,19101
21120,0.00021740923693869263,12649
21121,0.00021741639648098499,17136
21122,0.00021741708042100072,23466
21123,0.00021742508397437632,1041
21124,0.00021742578246630728,1663
21125,0.0002174333785660565,24207
21126,0.00021743924298789352,19923
21127,0.00021744264813605696,16237
21128,0.0002174455439671874,13492
21129,0.0002174459514208138,23298
21130,0.00021744654804933816,3565
21131,0.00021744823607150465,17710
21132,0.0002174503169953823,27488
21133,0.00021745264530181885,22122
21134,0.00021745319827459753,11471
21135,0.00021745520643889904,7844
21136,0.0002174601686419919,15188
21137,0.00021746025595348328,6545
21138,0.00021746208949480206,24798
21139,0.00021746526181232184,22328
21140,0.00021746807033196092,6221
21141,0.00021746978745795786,16334
21142,0.00021747127175331116,16465
21143,0.00021748353901784867,6523
21144,0.00021748652216047049,1378
21145,0.00021749062580056489,19274
21146,0.00021749141160398722,16984
21147,0.00021749564621131867,4231
21148,0.00021749656298197806,4439
21149,0.00021749934239778668,16161
21150,0.00021750105952378362,9754
21151,0.00021750306768808514,8737
21152,0.00021750418818555772,5909
21153,0.00021751131862401962,8588
21154,0.00021751533495262265,1256
21155,0.00021751801250502467,8019
21156,0.00021752106840722263,21898
21157,0.0002175315748900175,9078
21158,0.0002175418339902535,17181
21159,0.00021754225599579513,11831
21160,0.00021754302724730223,12641
21161,0.00021755413035862148,10953
21162,0.00021756271598860621,22880
21163,0.0002175662957597524,505
21164,0.00021757141803391278,23584
21165,0.0002175716363126412,12404
21166,0.0002175723057007417,9781
21167,0.0002175723493564874,6637
21168,0.000217574808630161,22884
21169,0.00021757565264124423,3047
21170,0.00021758116781711578,13213
21171,0.00021758698858320713,26576
21172,0.00021759522496722639,6055
21173,0.0002176028792746365,16521
21174,0.00021760305389761925,19388
21175,0.00021761223615612835,15668
21176,0.00021761254174634814,25984
21177,0.00021761350217275321,21957
21178,0.00021761900279670954,15698
21179,0.00021761993411928415,18937
21180,0.00021762227697763592,3536
21181,0.0002176226262236014,15921
21182,0.0002176243142457679,24430
21183,0.00021763711993116885,27500
21184,0.00021764368284493685,19176
21185,0.00021764711709693074,24351
21186,0.0002176500129280612,2119
21187,0.00021766126155853271,8568
21188,0.00021766230929642916,13288
21189,0.0002176752022933215,6898
21190,0.00021767569705843925,12699
21191,0.00021767819998785853,15389
21192,0.00021768106671515852,26340
21193,0.00021768410806544125,11182
21194,0.00021768605802208185,17835
21195,0.00021768955048173666,13531
21196,0.00021769886370748281,9463
21197,0.00021770047897007316,27384
21198,0.00021770293824374676,19841
21199,0.00021770561579614878,4374
21200,0.00021770672174170613,18892
21201,0.00021771586034446955,5247
21202,0.0002177198330173269,15066
21203,0.00021772064792457968,26891
21204,0.00021772144827991724,8135
21205,0.00021772707987111062,14876
21206,0.0002177273272536695,22589
21207,0.0002177276328438893,4815
21208,0.00021773313346784562,16297
21209,0.00021773423941340297,8923
21210,0.00021773808111902326,19514
21211,0.0002177460992243141,10273
21212,0.00021774816559627652,18373
21213,0.00021774914057459682,20825
21214,0.00021774964989162982,9185
21215,0.00021775755158159882,22565
21216,0.00021775804634671658,18588
21217,0.00021775996719952673,1312
21218,0.00021776443463750184,1755
21219,0.00021776746143586934,2949
21220,0.000217771390452981,17463
21221,0.0002177729329559952,17986
21222,0.00021777536312583834,2560
21223,0.00021777793881483376,20275
21224,0.00021777884103357792,1741
21225,0.00021778566588182002,21744
21226,0.00021778953669127077,6792
21227,0.00021779818052891642,23438
21228,0.0002178009890485555,22027
21229,0.00021780779934488237,9931
21230,0.00021781391114927828,21390
21231,0.00021781522082164884,18583
21232,0.00021782488329336047,19052
21233,0.00021782604744657874,9548
21234,0.00021782881231047213,22064
21235,0.00021783451666124165,17028
21236,0.0002178346476284787,17784
21237,0.00021784564887639135,3371
21238,0.00021784973796457052,19093
21239,0.00021785513672512025,16822
21240,0.00021785672288388014,5169
21241,0.0002178639406338334,23922
21242,0.00021786555589642376,18001
21243,0.000217877677641809,6210
21244,0.0002178846043534577,13006
21245,0.00021788800950162113,25503
21246,0.00021789074526168406,19729
21247,0.00021789096354041249,26138
21248,0.00021790325990878046,13463
21249,0.00021790813480038196,17851
21250,0.00021790862956549972,17716
21251,0.00021791289327666163,12080
21252,0.00021791478502564132,25606
21253,0.0002179189323214814,14975
21254,0.0002179196017095819,15686
21255,0.0002179199509555474,10388
21256,0.00021792954066768289,8696
21257,0.00021793192718178034,19064
21258,0.00021794215717818588,3071
21259,0.000217943248571828,3934
21260,0.00021794615895487368,26291
21261,0.0002179467264795676,5929
21262,0.00021794768690597266,23256
21263,0.00021794946223963052,15900
21264,0.00021795112115796655,16136
21265,0.00021795305656269193,7458
21266,0.00021795435168314725,21322
21267,0.00021795864449813962,9702
21268,0.0002179605362471193,12739
21269,0.00021796174405608326,25413
21270,0.00021796328655909747,23042
21271,0.00021796405781060457,10398
21272,0.0002179654547944665,4685
21273,0.0002179713046643883,25756
21274,0.00021797513181809336,15662
21275,0.00021797572844661772,26377
21276,0.0002179767470806837,13500
21277,0.00021797702356707305,21601
21278,0.00021798248053528368,11165
21279,0.0002179833099944517,1210
21280,0.00021798443049192429,377
21281,0.00021798496891278774,20074
21282,0.00021798626403324306,16546
21283,0.00021798799571115524,19077
21284,0.0002179965376853943,16286
21285,0.0002179965958930552,8687
21286,0.0002179966977564618,18753
21287,0.00021799743990413845,10721
21288,0.00021800528338644654,16900
21289,0.00021800876129418612,15745
21290,0.00021800970716867596,6229
21291,0.00021801119146402925,22613
21292,0.00021801328693982214,3274
21293,0.0002180181472795084,2311
21294,0.00021803034178446978,1170
21295,0.00021804109564982355,21428
21296,0.00021804572315886617,5980
21297,0.00021804800780955702,13981
21298,0.00021805033611599356,15487
21299,0.00021805371216032654,11411
21300,0.00021805634605698287,17342
21301,0.00021805833966936916,19519
21302,0.00021805870346724987,12725
21303,0.00021806628501508385,3357
21304,0.00021806951554026455,15309
21305,0.00021807255689054728,3768
21306,0.0002180744195356965,22663
21307,0.0002180745213991031,25514
21308,0.0002180791925638914,16222
21309,0.00021808028395753354,3044
21310,0.00021808348537888378,17443
21311,0.00021808619203511626,22877
21312,0.00021808907331433147,12478
21313,0.00021809009194839746,1407
21314,0.0002180903247790411,18483
21315,0.0002180919545935467,6631
21316,0.0002180920128012076,6619
21317,0.00021809275494888425,15545
21318,0.00021810164616908878,5664
21319,0.00021810382895637304,13792
21320,0.00021810502221342176,20900
21321,0.0002181097661377862,5561
21322,0.00021811510669067502,9828
21323,0.00021811577607877553,27759
21324,0.00021811861370224506,14430
21325,0.00021812066552229226,5358
21326,0.0002181243762606755,17760
21327,0.00021812912018503994,20518
21328,0.00021813200146425515,14871
21329,0.0002181372110499069,6819
21330,0.0002181422314606607,13363
21331,0.0002181424933951348,19798
21332,0.00021814632054883987,21225
21333,0.0002181509480578825,9418
21334,0.0002181561867473647,6609
21335,0.0002181607997044921,14577
21336,0.0002181639283662662,10549
21337,0.00021816740627400577,13528
21338,0.00021817361994180828,7422
21339,0.00021817559900227934,15678
21340,0.0002181947056669742,17931
21341,0.0002182012831326574,7138
21342,0.00021820180700160563,16330
21343,0.00021820560505148023,15205
21344,0.00021820903930347413,11327
21345,0.00021821280824951828,12278
21346,0.0002182148746214807,7528
21347,0.00021821593691129237,807
21348,0.00021822085545863956,22510
21349,0.0002182226744480431,8396
21350,0.00021822437702212483,12470
21351,0.0002182294410886243,10022
21352,0.0002182380121666938,10754
21353,0.00021824141731485724,8440
21354,0.00021824961004313082,5237
21355,0.00021825214207638055,21382
21356,0.00021826967713423073,13910
21357,0.0002182778698625043,18671
21358,0.0002182797179557383,14893
21359,0.00021828219178132713,11291
21360,0.00021828239550814033,18629
21361,0.00021828348690178245,22362
21362,0.00021829023899044842,887
21363,0.00021829600154887885,7443
21364,0.000218296903767623,11613
21365,0.0002182982861995697,3084
21366,0.0002183030592277646,21925
21367,0.00021830534387845546,24655
21368,0.00021830554760526866,10146
21369,0.00021830636251252145,13582
21370,0.00021831205231137574,18296
21371,0.00021831542835570872,5816
21372,0.0002183173201046884,20004
21373,0.00021831960475537926,16936
21374,0.00021832568745594472,1558
21375,0.00021832740458194166,6571
21376,0.000218331377254799,870
21377,0.00021833936625625938,24393
21378,0.00021833981736563146,15951
21379,0.00021834038489032537,4156
21380,0.0002183410106226802,8542
21381,0.00021834287326782942,20857
21382,0.00021834392100572586,22894
21383,0.00021834729705005884,22356
21384,0.00021834741346538067,22123
21385,0.0002183526084991172,14708
21386,0.00021835710504092276,6633
21387,0.00021835854568053037,8089
21388,0.00021836136875208467,3785
21389,0.00021836206724401563,10993
21390,0.00021836211089976132,6814
21391,0.0002183657925343141,19988
21392,0.00021836762607563287,18654
21393,0.00021837488748133183,1623
21394,0.0002183751348638907,10622
21395,0.00021838002430740744,2991
21396,0.00021838044631294906,773
21397,0.00021839271357748657,9167
21398,0.00021839691908098757,12713
21399,0.00021839802502654493,10698
21400,0.00021839833061676472,25337
21401,0.0002184019540436566,16168
21402,0.00021840451518073678,16240
21403,0.00021840701811015606,17338
21404,0.00021840781846549362,25213
21405,0.00021842075511813164,95
21406,0.00021842162823304534,14293
21407,0.00021842167188879102,23537
21408,0.00021842223941348493,2161
21409,0.00021842282149009407,17776
21410,0.0002184238110203296,13813
21411,0.00021842788555659354,23590
21412,0.00021842891874257475,19038
21413,0.00021843190188519657,17918
21414,0.00021843498689122498,5134
21415,0.0002184382319683209,24024
21416,0.0002184409968322143,19474
21417,0.00021844998991582543,3290
21418,0.00021845080482307822,22586
21419,0.00021845196897629648,2438
21420,0.00021845477749593556,7339
21421,0.00021845569426659495,19025
21422,0.00021845597075298429,3722
21423,0.0002184641343774274,10780
21424,0.0002184642944484949,1929
21425,0.0002184643381042406,13300
21426,0.00021847119205631316,2152
21427,0.00021847174502909184,5981
21428,0.00021847353491466492,24947
21429,0.000218476852751337,18692
21430,0.000218477682210505,8701
21431,0.00021847810421604663,8885
21432,0.0002184793702326715,22755
21433,0.00021848031610716134,16637
21434,0.00021848370670340955,7517
21435,0.00021848530741408467,4280
21436,0.00021849026961717755,16494
21437,0.0002184970217058435,2583
21438,0.0002184972690884024,19022
21439,0.00021849902987014502,23039
21440,0.00021851714700460434,8456
21441,0.0002185197954531759,20144
21442,0.00021852193458471447,12576
21443,0.00021852424833923578,23388
21444,0.00021852910867892206,16525
21445,0.0002185307675972581,25019
21446,0.0002185367775382474,23046
21447,0.00021853680664207786,3708
21448,0.00021854312217328697,17281
21449,0.00021854389342479408,21966
21450,0.00021854967053513974,25577
21451,0.0002185534976888448,9499
21452,0.00021855563682038337,15852
21453,0.00021855880913790315,19233
21454,0.00021856122475583106,19048
21455,0.00021857282263226807,2701
21456,0.000218574728933163,14429
21457,0.00021857532556168735,13260
21458,0.0002185781777370721,23844
21459,0.00021858476975467056,23660
21460,0.00021859265689272434,17840
21461,0.00021859655680600554,17893
21462,0.0002186060737585649,4129
21463,0.00021860768902115524,25166
21464,0.00021861211280338466,14539
21465,0.0002186175697715953,21330
21466,0.00021861788991373032,14629
21467,0.00021862314315512776,19000
21468,0.00021862407447770238,22885
21469,0.00021862438006792217,8063
21470,0.00021862651919946074,25427
21471,0.00021863738948013633,16532
21472,0.00021863813162781298,14955
21473,0.00021864662994630635,13553
21474,0.0002186474739573896,20363
21475,0.00021865048620384187,8901
21476,0.0002186513302149251,13314
21477,0.00021865182498004287,23302
21478,0.00021865330927539617,10902
21479,0.00021865751477889717,16813
21480,0.00021865800954401493,7741
21481,0.0002186717902077362,17073
21482,0.00021867403120268136,5637
21483,0.0002186743513448164,22460
21484,0.00021868100157007575,12655
21485,0.0002186812780564651,16594
21486,0.00021869868214707822,2434
21487,0.00021869895863346756,1056
21488,0.00021869962802156806,10219
21489,0.00021870911587029696,23319
21490,0.00021871562057640404,6320
21491,0.0002187182253692299,7724
21492,0.00021872036450076848,10285
21493,0.00021872356592211872,18012
21494,0.00021872521028853953,21757
21495,0.00021872532670386136,17212
21496,0.00021873069636058062,11188
21497,0.00021873276273254305,3461
21498,0.0002187381178373471,19928
21499,0.00021874040248803794,466
21500,0.00021874552476219833,4583
21501,0.00021874895901419222,18764
21502,0.00021875181118957698,6277
21503,0.00021875210222788155,16609
21504,0.00021875588572584093,16038
21505,0.00021875937818549573,7103
21506,0.00021876499522477388,8340
21507,0.00021876573737245053,8731
21508,0.00021877184917684644,17582
21509,0.00021878133702557534,27373
21510,0.00021878702682442963,16018
21511,0.00021879201813135296,19486
21512,0.00021879654377698898,2147
21513,0.0002187969075748697,19998
21514,0.00021879887208342552,19559
21515,0.00021881016436964273,2720
21516,0.00021881402062717825,13247
21517,0.0002188211219618097,7580
21518,0.00021882304281461984,3991
21519,0.00021882551664020866,16923
21520,0.0002188319485867396,13906
21521,0.00021883552835788578,22624
21522,0.00021884238230995834,3577
21523,0.00021884885791223496,2931
21524,0.00021885182650294155,10565
21525,0.00021885721071157604,13374
21526,0.00021885738533455878,23847
21527,0.00021885748719796538,7237
21528,0.00021886051399633288,16538
21529,0.00021886367176193744,24653
21530,0.00021886378817725927,25827
21531,0.00021886579634156078,19374
21532,0.00021886732429265976,23642
21533,0.000218867338844575,3640
21534,0.00021887871844228357,17019
21535,0.00021888595074415207,18688
21536,0.00021889102936256677,11019
21537,0.00021889538038522005,12735
21538,0.0002188995567848906,17487
21539,0.00021890659991186112,7633
21540,0.0002189090446336195,18689
21541,0.0002189095102949068,14160
21542,0.00021892138465773314,18788
21543,0.0002189228980569169,6312
21544,0.0002189354127040133,7616
21545,0.00021894082601647824,3942
21546,0.0002189428632846102,25103
21547,0.00021895227837376297,8961
21548,0.00021895590180065483,6694
21549,0.00021895590180065483,24063
21550,0.00021895603276789188,14391
21551,0.00021895603276789188,24927
21552,0.00021895916142966598,9494
21553,0.00021895926329307258,26618
21554,0.00021895951067563146,26368
21555,0.00021895985992159694,21989
21556,0.0002189600490964949,17384
21557,0.0002189602528233081,18520
21558,0.00021896218822803348,20879
21559,0.0002189633232774213,22893
21560,0.0002189651713706553,24216
21561,0.0002189689694205299,17403
21562,0.00021897090482525527,9958
21563,0.00021897947590332478,21670
21564,0.00021898155682720244,8443
21565,0.0002189916413044557,23735
21566,0.00021899219427723438,26058
21567,0.0002190026716561988,13384
21568,0.00021900766296312213,11198
21569,0.00021901096624787897,24040
21570,0.00021902492153458297,10742
21571,0.00021903187735006213,6877
21572,0.0002190339146181941,26008
21573,0.00021903641754761338,25190
21574,0.00021903753804508597,3653
21575,0.00021906291658524424,8237
21576,0.00021906358597334474,6735
21577,0.00021906425536144525,7587
21578,0.0002190667437389493,11597
21579,0.0002190727973356843,15615
21580,0.00021907457266934216,20578
21581,0.00021908005874138325,23909
21582,0.0002191038802266121,24114
21583,0.00021910406940151006,16913
21584,0.0002191043458878994,18076
21585,0.00021910437499172986,20306
21586,0.0002191063540522009,17861
21587,0.00021910866780672222,7221
21588,0.0002191100356867537,18682
21589,0.0002191106032114476,13320
21590,0.00021911288786213845,14284
21591,0.000219113688217476,20098
21592,0.00021911805379204452,7723
21593,0.0002191233215853572,12424
21594,0.00021912511147093028,12434
21595,0.00021913003001827747,14419
21596,0.0002191317908000201,11692
21597,0.00021913320233579725,19746
21598,0.00021913365344516933,6983
21599,0.00021913772798143327,4116
21600,0.0002191382518503815,16897
21601,0.00021913868840783834,7312
21602,0.0002191410749219358,23041
21603,0.00021914321405347437,3253
21604,0.00021914455282967538,19187
21605,0.0002191468665841967,5401
21606,0.00021915485558565706,23263
21607,0.00021916086552664638,15479
21608,0.0002191650855820626,10157
21609,0.00021917084814049304,15261
21610,0.00021918019047006965,14171
21611,0.0002192019164795056,13949
21612,0.00021920194558333606,20673
21613,0.00021920513245277107,1213
21614,0.0002192060201196,5472
21615,0.0002192083338741213,13773
21616,0.00021921235020272434,18883
21617,0.00021921501320321113,11841
21618,0.00021921610459685326,13177
21619,0.00021923452732153237,5937
21620,0.00021923487656749785,13427
21621,0.0002192397223552689,24910
21622,0.0002192423853557557,18134
21623,0.00021924366592429578,16166
21624,0.00021924426255282015,24244
21625,0.00021925289183855057,21450
21626,0.0002192593237850815,20265
21627,0.0002192648098571226,5922
21628,0.00021926751651335508,13052
21629,0.000219268404180184,8969
21630,0.0002192685496993363,6038
21631,0.0002192702959291637,13891
21632,0.00021928752539679408,3648
21633,0.00021929798822384328,5484
21634,0.00021929894865024835,16270
21635,0.00021930709772277623,4329
21636,0.00021930791263002902,14342
21637,0.00021931156516075134,22229
21638,0.00021931520313955843,5318
21639,0.00021932112576905638,5489
21640,0.000219322566408664,3131
21641,0.00021932358504272997,21643
21642,0.00021932435629423708,25429
21643,0.00021934045071247965,18921
21644,0.0002193437103414908,27031
21645,0.0002193446271121502,9792
21646,0.00021934669348411262,1133
21647,0.00021934905089437962,16032
21648,0.0002193594555137679,8316
21649,0.00021936203120276332,23933
21650,0.0002193670952692628,27495
21651,0.00021937454584985971,5245
21652,0.0002193798718508333,5612
21653,0.00021938343707006425,4388
21654,0.00021938577992841601,13939
21655,0.0002193911641370505,2069
21656,0.00021939129510428756,27608
21657,0.0002193969557993114,11911
21658,0.0002194007975049317,10220
21659,0.00021940626902505755,5084
21660,0.00021940813167020679,19583
21661,0.0002194095723098144,8630
21662,0.00021941406885161996,13928
21663,0.00021941687737125903,25147
21664,0.00021941987506579608,19571
21665,0.00021943073079455644,1206
21666,0.000219433888560161,11575
21667,0.0002194354747189209,20011
21668,0.00021944088803138584,2521
21669,0.00021945094340480864,19155
21670,0.00021945193293504417,10667
21671,0.0002194543048972264,15699
21672,0.0002194719563703984,4238
21673,0.000219475754420273,651
21674,0.00021948317589703947,2747
21675,0.00021948784706182778,24003
21676,0.0002194938570028171,11849
21677,0.00021949599613435566,10319
21678,0.00021950052177999169,17320
21679,0.0002195032429881394,21632
21680,0.00021951585949864239,5067
21681,0.00021954308613203466,18400
21682,0.00021954308613203466,26430
21683,0.0002195446431869641,3918
21684,0.00021954558906145394,9606
21685,0.000219545720028691,11988
21686,0.00021954650583211333,24098
21687,0.00021955261763650924,11148
21688,0.00021955564443487674,18643
21689,0.00021957646822556853,21870
21690,0.00021958333672955632,25892
21691,0.0002195860433857888,6721
21692,0.00021959087462164462,18579
21693,0.00021959449804853648,18082
21694,0.00021959935838822275,20660
21695,0.0002196050772909075,17352
21696,0.00021960522281005979,11648
21697,0.00021960683807265013,17314
21698,0.00021960792946629226,5845
21699,0.00021961212041787803,19858
21700,0.00021961840684525669,27208
21701,0.0002196192363044247,606
21702,0.0002196192799601704,934
21703,0.00021963025210425258,14597
21704,0.0002196315908804536,14290
21705,0.00021963777544442564,21385
21706,0.00021964500774629414,20274
21707,0.00021964563347864896,12870
21708,0.00021967203065287322,329
21709,0.00021967316570226103,23995
21710,0.0002196739224018529,16853
21711,0.00021967952488921583,15186
21712,0.00021967993234284222,18569
21713,0.00021968036890029907,15096
21714,0.00021968924556858838,20064
21715,0.00021969227236695588,11708
21716,0.0002197000867454335,11223
21717,0.00021970878879074007,15700
21718,0.00021971027308609337,15994
21719,0.00021971474052406847,23500
21720,0.0002197176218032837,20072
21721,0.00021971779642626643,23303
21722,0.00021973002003505826,18687
21723,0.00021973873663228005,4753
21724,0.0002197418361902237,7718
21725,0.00021974531409796327,19910
21726,0.00021974534320179373,26894
21727,0.0002197598514612764,9948
21728,0.00021976808784529567,8031
21729,0.00021977054711896926,12614
21730,0.00021977342839818448,14641
21731,0.00021977951109874994,23653
21732,0.0002197848807554692,11900
21733,0.00021979004668537527,3587
21734,0.00021979399025440216,13765
21735,0.00021979506709612906,8223
21736,0.00021979982557240874,14149
21737,0.00021980122255627066,484
21738,0.00021980146993882954,20159
21739,0.00021980259043630213,8110
21740,0.00021980723249725997,17473
21741,0.00021981264580972493,24454
21742,0.00021982163889333606,18325
21743,0.00021982667385600507,13893
21744,0.0002198269503423944,25315
21745,0.00021983082115184516,1603
21746,0.0002198318688897416,2760
21747,0.0002198349975515157,9757
21748,0.00021983541955705732,19304
21749,0.00021983742772135884,10432
21750,0.00021983800979796797,13214
21751,0.00021983830083627254,23834
21752,0.00021984711929690093,16974
21753,0.0002198504953412339,20831
21754,0.00021985646162647754,7219
21755,0.00021985734929330647,8966
21756,0.0002198584988946095,25212
21757,0.00021986366482451558,16480
21758,0.000219869936699979,21686
21759,0.0002198709116782993,19530
21760,0.0002198774163844064,14465
21761,0.00021988847583997995,18084
21762,0.00021989192464388907,14954
21763,0.00021989336528349668,13788
21764,0.0002198946021962911,4568
21765,0.00021989490778651088,13263
21766,0.0002198969159508124,7404
21767,0.00021990200912114233,26648
21768,0.0002199056325480342,24498
21769,0.00021991311223246157,25772
21770,0.00021991344692651182,15802
21771,0.00021991386893205345,3492
21772,0.0002199176960857585,18845
21773,0.00021991785615682602,16468
21774,0.00021991884568706155,7047
21775,0.00021992326946929097,14630
21776,0.00021992465190123767,7780
21777,0.0002199257432948798,6186
21778,0.00021993249538354576,26202
21779,0.00021993466361891478,7923
21780,0.00021993520203977823,17130
21781,0.00021993614791426808,21041
21782,0.0002199367736466229,2866
21783,0.000219938883674331,15118
21784,0.0002199429873144254,23172
21785,0.0002199462614953518,13546
21786,0.00021995008864905685,3008
21787,0.00021995336282998323,13716
21788,0.0002199556474806741,6348
21789,0.00021996173018123955,19827
21790,0.00021996523719280958,1839
21791,0.0002199744776589796,19767
21792,0.00021998728334438056,21598
21793,0.00021998836018610746,15168
21794,0.00021998837473802269,14382
21795,0.00021999006276018918,14743
21796,0.00021999965247232467,6092
21797,0.0002200000744778663,1179
21798,0.00022000337776262313,17086
21799,0.0002200039307354018,8479
21800,0.00022000909666530788,18052
21801,0.0002200095623265952,3904
21802,0.0002200213639298454,4945
21803,0.0002200230082962662,10552
21804,0.00022002453624736518,15879
21805,0.00022002473997417837,17452
21806,0.0002200256276410073,4199
21807,0.0002200315211666748,1369
21808,0.0002200356248067692,16482
21809,0.0002200383460149169,21842
21810,0.00022003949561621994,18899
21811,0.00022004966740496457,15202
21812,0.00022005109349265695,21766
21813,0.00022006442304700613,6672
21814,0.00022007239749655128,2176
21815,0.00022007567167747766,15012
21816,0.00022007674851920456,1479
21817,0.00022008208907209337,1546
21818,0.0002200831804657355,7715
21819,0.00022008648375049233,14535
21820,0.00022008747328072786,2995
21821,0.00022008869564160705,3792
21822,0.00022009035455994308,7622
21823,0.0002200907765654847,11259
21824,0.00022009228996466845,20181
21825,0.00022009835811331868,5644
21826,0.0002201042661909014,18500
21827,0.00022010624525137246,17313
21828,0.00022010691463947296,2324
21829,0.00022010756947565824,7794
21830,0.000220110421651043,16045
21831,0.00022011274995747954,24350
21832,0.00022011317196302116,11619
21833,0.0002201173483626917,588
21834,0.0002201190945925191,5569
21835,0.00022012089903000742,10495
21836,0.00022012194676790386,17318
21837,0.00022012557019479573,5876
21838,0.00022012587578501552,4182
21839,0.0002201293973485008,18421
21840,0.00022013425768818706,16706
21841,0.00022013526177033782,10075
21842,0.00022013793932273984,2746
21843,0.00022013850684743375,478
21844,0.0002201431052526459,5104
21845,0.0002201446914114058,17045
21846,0.00022015449940226972,21290
21847,0.00022015912691131234,2795
21848,0.00022015989816281945,4367
21849,0.00022016704315319657,12577
21850,0.000220172805711627,19848
21851,0.00022017501760274172,20648
21852,0.00022018046001903713,13223
21853,0.00022018328309059143,27013
21854,0.00022018756135366857,5173
21855,0.0002201894676545635,13087
21856,0.00022018994786776602,2610
21857,0.00022019863536115736,9974
21858,0.0002202025061706081,9175
21859,0.00022020816686563194,4349
21860,0.00022020857431925833,10522
21861,0.00022021595214027911,4789
21862,0.00022023134806659073,2653
21863,0.00022023711062502116,20840
21864,0.00022024135978426784,27212
21865,0.00022024406644050032,23433
21866,0.00022024552163202316,18395
21867,0.0002202509349444881,22067
21868,0.00022026017541065812,27354
21869,0.00022026142687536776,9206
21870,0.0002202717587351799,19451
21871,0.00022027696832083166,1622
21872,0.0002202797040808946,7398
21873,0.00022028038802091032,16247
21874,0.0002202827308792621,20369
21875,0.00022029528918210417,16541
21876,0.00022029959654901177,14101
21877,0.00022030020772945136,16063
21878,0.0002203087497036904,24188
21879,0.0002203087497036904,24512
21880,0.00022030927357263863,1505
21881,0.0002203104377258569,8025
21882,0.00022031052503734827,2022
21883,0.00022031126718502492,21143
21884,0.00022031721891835332,21181
21885,0.00022031883418094367,11560
21886,0.00022033060668036342,12151
21887,0.00022033625282347202,4891
21888,0.00022033881396055222,22150
21889,0.00022034072026144713,23498
21890,0.00022034524590708315,19508
21891,0.00022034764697309583,14554
21892,0.0002203521435149014,14732
21893,0.00022035541769582778,6925
21894,0.0002203555777668953,12503
21895,0.00022036065638531,23027
21896,0.00022036637528799474,7345
21897,0.00022036813606973737,12271
21898,0.00022037937014829367,12150
21899,0.00022038054885342717,9662
21900,0.0002203819458372891,7988
21901,0.00022038207680452615,2081
21902,0.00022038229508325458,17505
21903,0.00022038588940631598,14048
21904,0.0002203885087510571,20088
21905,0.00022039115719962865,24677
21906,0.0002204015472671017,20179
21907,0.00022040943440515548,19277
21908,0.00022041104966774583,13778
21909,0.00022042974887881428,10904
21910,0.00022043705394025892,4828
21911,0.00022044169600121677,8506
21912,0.0002204553020419553,15877
21913,0.00022045811056159437,10646
21914,0.00022046055528335273,23415
21915,0.00022046337835490704,2962
21916,0.00022046547383069992,6704
21917,0.00022046579397283494,7513
21918,0.00022046762751415372,24914
21919,0.00022047082893550396,13603
21920,0.00022047436505090445,21025
21921,0.00022048706887289882,23252
21922,0.00022049722610972822,8290
21923,0.00022050063125789165,26639
21924,0.00022050898405723274,24571
21925,0.0002205091732321307,17627
21926,0.0002205112687079236,1537
21927,0.00022052203712519258,7864
21928,0.00022052213898859918,26389
21929,0.00022052456915844232,5961
21930,0.00022052586427889764,6375
21931,0.0002205283526564017,2894
21932,0.00022053011343814433,13904
21933,0.00022053031716495752,21967
21934,0.00022053193242754787,10666
21935,0.00022053311113268137,22267
21936,0.00022054121654946357,21235
21937,0.00022054131841287017,5887
21938,0.00022054360306356102,6761
21939,0.0002205464115832001,18177
21940,0.0002205548225902021,17781
21941,0.00022055621957406402,10528
21942,0.00022055984300095588,13741
21943,0.0002205617056461051,19189
21944,0.00022056367015466094,8157
21945,0.00022056401940062642,1035
21946,0.00022056706075090915,6331
21947,0.00022057059686630964,11506
21948,0.00022057569003663957,26324
21949,0.00022058082686271518,22496
21950,0.00022058223839849234,23786
21951,0.00022058282047510147,13501
21952,0.00022058445028960705,12506
21953,0.00022058947070036083,4811
21954,0.00022059088223613799,3753
21955,0.00022059112961869687,13681
21956,0.00022060121409595013,23468
21957,0.00022060710762161762,4594
21958,0.00022061118215788156,17295
21959,0.00022061727941036224,8875
21960,0.00022061860363464803,23640
21961,0.00022062401694711298,16451
21962,0.00022062566131353378,26132
21963,0.00022062764037400484,21407
21964,0.00022062903735786676,12171
21965,0.00022063235519453883,14058
21966,0.00022063765209168196,4740
21967,0.00022064795484766364,8955
21968,0.00022064964286983013,22377
21969,0.00022065704979468137,26751
21970,0.00022065915982238948,19518
21971,0.0002206668577855453,7242
21972,0.000220673784497194,17517
21973,0.0002206768695032224,12370
21974,0.0002206799981649965,11243
21975,0.00022068130783736706,15712
21976,0.00022068238467909396,12443
21977,0.00022069101396482438,5611
21978,0.00022070239356253296,9675
21979,0.00022071167768444866,8103
21980,0.0002207141660619527,8951
21981,0.0002207173965871334,14435
21982,0.0002207182114943862,3419
21983,0.00022071937564760447,12463
21984,0.000220730114961043,19157
21985,0.00022073388390708715,21157
21986,0.00022073932632338256,7155
21987,0.00022074583102948964,4820
21988,0.0002207473007729277,8008
21989,0.00022076368622947484,1112
21990,0.00022076746972743422,8382
21991,0.0002207712095696479,19037
21992,0.00022077144240029156,11500
21993,0.00022077668108977377,12191
21994,0.0002207787911174819,8228
21995,0.00022078101756051183,19298
21996,0.00022079088375903666,2570
21997,0.00022079155314713717,24717
21998,0.00022079612244851887,16221
21999,0.00022079696645960212,9838
22000,0.00022079897462390363,7144
22001,0.0002208018850069493,25754
22002,0.0002208026562584564,5600
22003,0.00022080304916016757,15993
22004,0.0002208051591878757,19704
22005,0.00022081421047914773,25184
22006,0.0002208209625678137,16763
22007,0.00022082157374825329,22061
22008,0.0002208237419836223,16261
22009,0.00022083740623202175,3381
22010,0.00022084629745222628,22561
22011,0.0002208464575232938,17275
22012,0.00022084824740886688,8239
22013,0.00022085632372181863,23076
22014,0.0002208598016295582,24464
22015,0.00022087495017331094,2524
22016,0.0002208755468018353,21607
22017,0.00022090942366048694,23523
22018,0.00022091860591899604,10767
22019,0.00022092198196332902,16797
22020,0.0002209348022006452,22837
22021,0.00022093497682362795,4414
22022,0.00022093697043601424,11834
22023,0.00022094215091783553,2958
22024,0.0002209426456829533,20577
22025,0.00022094935411587358,25875
22026,0.00022095807071309537,16714
22027,0.0002209662925451994,5860
22028,0.00022097247710917145,9505
22029,0.0002209763479186222,27632
22030,0.0002209819358540699,27686
22031,0.00022098211047705263,24070
22032,0.00022098263434600085,12418
22033,0.00022098715999163687,18834
22034,0.00022098929912317544,18486
22035,0.00022099503257777542,22527
22036,0.00022099971829447895,12457
22037,0.00022100171190686524,10035
22038,0.00022100558271631598,15417
22039,0.00022100776550360024,21998
22040,0.00022101253853179514,7778
22041,0.0002210130332969129,17932
22042,0.00022101731155999005,27236
22043,0.00022101867944002151,27469
22044,0.0002210210805060342,20038
22045,0.00022102781804278493,21046
22046,0.00022102856019046158,15345
22047,0.00022102986986283213,12251
22048,0.00022103094670455903,16215
22049,0.00022103713126853108,26006
22050,0.0002210413513239473,5783
22051,0.00022104258823674172,15063
22052,0.00022104417439550161,22305
22053,0.00022104526578914374,20346
22054,0.00022105127573013306,10607
22055,0.00022105158132035285,208
22056,0.00022105316747911274,19857
22057,0.00022105938114691526,25838
22058,0.00022106946562416852,9680
22059,0.00022108001576270908,21401
22060,0.00022108008852228522,21459
22061,0.00022108605480752885,22028
22062,0.00022108654957264662,24734
22063,0.0002210945967817679,23427
22064,0.00022110001009423286,19790
22065,0.0002211008541053161,1790
22066,0.00022110159625299275,5287
22067,0.00022111543512437493,819
22068,0.00022112569422461092,11211
22069,0.00022113144223112613,25017
22070,0.0002211353712482378,18401
22071,0.00022114049352239817,16059
22072,0.00022114694002084434,16823
22073,0.00022114746388979256,15363
22074,0.00022114788589533418,9330
22075,0.00022114848252385855,12504
22076,0.00022114903549663723,16065
22077,0.00022115198953542858,13698
22078,0.0002211595856351778,23544
22079,0.00022117167827673256,8182
22080,0.00022117466141935438,3593
22081,0.00022118173365015537,8417
22082,0.00022118566266726702,24841
22083,0.0002211884711869061,21535
22084,0.00022119114873930812,15318
22085,0.00022119349159765989,15941
22086,0.0002212009858340025,19381
22087,0.00022120217909105122,12363
22088,0.00022120558423921466,23211
22089,0.00022120980429463089,23070
22090,0.0002212165854871273,16833
22091,0.00022121907386463135,8926
22092,0.00022121996153146029,22647
22093,0.00022122572408989072,18112
22094,0.00022122632071841508,21215
22095,0.000221226888243109,21938
22096,0.00022123717644717544,6610
22097,0.00022124986571725458,21180
22098,0.00022125236864667386,18513
22099,0.0002212533145211637,4240
22100,0.00022126156545709819,16995
22101,0.00022126350086182356,14727
22102,0.0002212659310316667,26039
22103,0.00022126694966573268,16578
22104,0.0002212700346717611,19270
22105,0.00022127573902253062,27396
22106,0.00022127723786979914,9876
22107,0.0002212777326349169,23950
22108,0.00022128672571852803,11821
22109,0.00022128687123768032,10891
22110,0.0002212957333540544,11677
22111,0.00022130290744826198,10232
22112,0.00022130827710498124,25847
22113,0.00022131222067400813,12126
22114,0.00022131270088721067,3933
22115,0.00022131453442852944,21613
22116,0.0002213160041719675,2284
22117,0.0002213183615822345,3881
22118,0.00022131948207970709,19224
22119,0.0002213208208559081,17373
22120,0.00022132198500912637,10100
22121,0.00022132258163765073,12303
22122,0.00022132392041385174,2259
22123,0.00022133579477667809,17213
22124,0.00022134120808914304,12224
22125,0.00022134165919851512,10121
22126,0.00022135367908049375,20054
22127,0.00022135477047413588,8320
22128,0.00022135690960567445,18700
22129,0.00022135877225082368,2183
22130,0.00022136738698463887,18984
22131,0.00022137368796393275,10653
22132,0.00022137438645586371,12759
22133,0.00022137562336865813,12543
22134,0.000221376889385283,19905
22135,0.00022137744235806167,25904
22136,0.0002213778643636033,41
22137,0.00022137831547297537,16743
22138,0.00022138179338071495,27379
22139,0.00022138562053442,1075
22140,0.00022138823987916112,7141
22141,0.0002213923871750012,2492
22142,0.00022139365319162607,11883
22143,0.00022139518114272505,10147
22144,0.00022139800421427935,21291
22145,0.00022139839711599052,5842
22146,0.00022140036162454635,9460
22147,0.00022140210785437375,2409
22148,0.0002214041887782514,13406
22149,0.00022141096997074783,8304
22150,0.00022141118824947625,187
22151,0.0002214286505477503,15631
22152,0.00022143170644994825,22963
22153,0.0002214373234892264,22864
22154,0.00022143898240756243,15880
22155,0.0002214390115113929,19118
22156,0.00022144457034301013,14836
22157,0.00022144499234855175,3696
22158,0.00022145172988530248,24678
22159,0.0002214688138337806,8983
22160,0.0002214746200479567,6101
22161,0.00022147566778585315,19143
22162,0.00022147936397232115,14909
22163,0.00022148170683067292,14961
22164,0.0002214856503996998,1063
22165,0.0002214894484495744,16360
22166,0.0002214894484495744,16542
22167,0.00022149275173433125,1587
22168,0.00022149394499137998,3974
22169,0.00022150076983962208,13710
22170,0.00022150189033709466,12830
22171,0.00022150487347971648,17172
22172,0.00022150676522869617,25863
22173,0.0002215090935351327,12619
22174,0.00022151984740048647,20237
22175,0.0002215219137724489,14231
22176,0.00022152466408442706,14259
22177,0.00022152779274620116,7115
22178,0.00022153885220177472,1360
22179,0.00022154395992401987,236
22180,0.00022154606995172799,2942
22181,0.0002215512649854645,2
22182,0.00022155953047331423,12361
22183,0.00022157076455187052,15022
22184,0.0002215763961430639,5652
22185,0.00022157779312692583,15532
22186,0.0002215800923295319,27171
22187,0.0002215815184172243,48
22188,0.00022158180945552886,19128
22189,0.00022159020591061562,5492
22190,0.00022159038053359836,17819
22191,0.0002215927088400349,8278
22192,0.00022160165826790035,9768
22193,0.0002216064021922648,17203
22194,0.00022160769731272012,13050
22195,0.00022160947264637798,22756
22196,0.0002216096327174455,25933
22197,0.00022161203378345817,27479
22198,0.00022162547975312918,26984
22199,0.00022163217363413423,19909
22200,0.00022163249377626926,21952
22201,0.00022163490939419717,23717
22202,0.0002216418070020154,18620
22203,0.000221641908865422,20699
22204,0.000221644266275689,25525
22205,0.00022165050904732198,17477
22206,0.0002216530847363174,25610
22207,0.00022165659174788743,15141
22208,0.0002216632419731468,22662
22209,0.000221676382352598,24157
22210,0.0002217000292148441,2312
22211,0.0002217082801507786,18277
22212,0.00022170912416186184,11557
22213,0.00022171276214066893,10591
22214,0.0002217134606325999,401
22215,0.00022171539603732526,13864
22216,0.00022171591990627348,21752
22217,0.00022171651653479785,13786
22218,0.00022171651653479785,17668
22219,0.00022172825993038714,16837
22220,0.0002217379806097597,14146
22221,0.00022173819888848811,21302
22222,0.00022174170590005815,24378
22223,0.0002217453729826957,27189
22224,0.00022174885089043528,16660
22225,0.0002217559376731515,18897
22226,0.000221757945837453,19582
22227,0.00022175988124217838,1506
22228,0.00022176110360305756,9774
22229,0.00022177465143613517,12516
22230,0.00022177949722390622,11942
22231,0.00022178050130605698,13057
22232,0.00022178050130605698,16123
22233,0.0002217829751316458,11899
22234,0.00022178434301167727,11798
22235,0.00022179618827067316,8208
22236,0.00022179970983415842,21058
22237,0.0002218051376985386,10638
22238,0.00022181536769494414,4255
22239,0.00022182131942827255,18664
22240,0.0002218221197836101,26361
22241,0.00022182454995345324,16346
22242,0.00022182472457643598,1922
22243,0.0002218270383309573,8194
22244,0.00022183098189998418,24134
22245,0.00022183902910910547,7480
22246,0.00022184471890795976,12485
22247,0.000221845562919043,2009
22248,0.0002218543813796714,19011
22249,0.00022185927082318813,6626
22250,0.00022186781279742718,18900
22251,0.00022187719878274947,21553
22252,0.00022187958529684693,5106
22253,0.00022188134607858956,3265
22254,0.0002218839363195002,19699
22255,0.00022188569710124284,18652
22256,0.0002218910667579621,19979
22257,0.0002218911104137078,22729
22258,0.0002218912122771144,3376
22259,0.0002219036250608042,5624
22260,0.00022190427989698946,12688
22261,0.00022190590971149504,21976
22262,0.00022190611343830824,19491
22263,0.00022190988238435239,24995
22264,0.00022191068273968995,20394
22265,0.00022191078460309654,22346
22266,0.00022191100288182497,19569
22267,0.00022191545576788485,15866
22268,0.000221915528527461,14848
22269,0.00022191771131474525,9658
22270,0.0002219186571892351,26019
22271,0.0002219253801740706,14028
22272,0.00022194279881659895,26646
22273,0.00022195553174242377,7953
22274,0.000221966314711608,4113
22275,0.00022196762438397855,10344
22276,0.00022197056387085468,25883
22277,0.00022198374790605158,20371
22278,0.00022198660008143634,1890
22279,0.00022199840168468654,22707
22280,0.000222000788198784,4586
22281,0.00022200898092705756,5473
22282,0.0002220100723206997,2922
22283,0.0002220101741841063,17071
22284,0.0002220116148237139,22154
22285,0.00022202174295671284,20990
22286,0.0002220238238805905,16105
22287,0.00022202754917088896,14513
22288,0.00022202845138963312,4376
22289,0.00022203632397577167,11839
22290,0.00022203681874088943,21973
22291,0.00022203994740266353,3125
22292,0.00022204339620657265,4363
22293,0.00022204483684618026,3375
22294,0.00022204786364454776,462
22295,0.00022204831475391984,12102
22296,0.00022205621644388884,8280
22297,0.00022205726418178529,2708
22298,0.000222059985389933,26619
22299,0.0002220848691649735,8727
22300,0.0002220898459199816,16863
22301,0.00022209699091035873,15453
22302,0.0002221070317318663,11010
22303,0.000222110262257047,11711
22304,0.00022211030591279268,21331
22305,0.00022212270414456725,13840
22306,0.00022212906333152205,706
22307,0.00022213342890609056,188
22308,0.00022213434567674994,640
22309,0.00022213516058400273,13184
22310,0.00022213708143681288,26606
22311,0.00022214127238839865,23147
22312,0.00022214387718122452,5262
22313,0.00022214777709450573,4531
22314,0.00022214974160306156,19368
22315,0.00022215454373508692,14016
22316,0.00022215810895431787,14764
22317,0.0002221596078015864,11710
22318,0.0002221705362899229,26741
22319,0.00022217682271730155,24599
22320,0.00022218277445062995,13737
22321,0.00022218709636945277,4866
22322,0.00022218769299797714,6009
22323,0.00022219429956749082,9308
22324,0.0002221959875896573,12772
22325,0.0002221962931798771,6060
22326,0.00022221531253308058,3958
22327,0.00022222407278604805,6343
22328,0.0002222243492724374,23416
22329,0.0002222249167971313,5746
22330,0.0002222341572633013,11621
22331,0.00022223597625270486,17098
22332,0.00022224357235245407,17302
22333,0.00022224655549507588,3809
22334,0.00022224873828236014,18929
22335,0.00022225211432669312,19936
22336,0.00022225224529393017,7316
22337,0.00022225802240427583,9537
22338,0.00022225931752473116,24381
22339,0.0002222727343905717,10561
22340,0.00022228019952308387,7349
22341,0.00022229582828003913,10619
22342,0.00022229763271752745,9312
22343,0.00022230322065297514,25760
22344,0.0002223056071670726,27584
22345,0.00022230754257179797,26104
22346,0.00022230805188883096,26383
22347,0.0002223115152446553,22445
22348,0.00022231228649616241,17559
22349,0.0002223165356554091,6889
22350,0.00022232219635043293,1990
22351,0.0002223245392087847,19505
22352,0.00022232458286453038,11754
22353,0.00022232483024708927,18388
22354,0.00022232565970625728,16969
22355,0.0002223403862444684,6669
22356,0.00022234792413655668,20323
22357,0.00022235237702261657,17815
22358,0.00022235416690818965,11865
22359,0.00022235421056393534,7735
22360,0.00022236282529775053,19323
22361,0.00022236576478462666,15610
22362,0.00022237110533751547,12193
22363,0.00022237181838136166,21152
22364,0.00022237269149627537,26567
22365,0.0002223747578682378,7361
22366,0.00022238348901737481,26175
22367,0.00022238808742258698,4796
22368,0.00022239465033635497,879
22369,0.0002223950723418966,12200
22370,0.00022239863756112754,24987
22371,0.00022239873942453414,15416
22372,0.00022240130056161433,3821
22373,0.0002224022027803585,27426
22374,0.00022241701663006097,14923
22375,0.00022242360864765942,17376
22376,0.00022242387058213353,19830
22377,0.00022242506383918226,14948
22378,0.00022244255524128675,4303
22379,0.00022244505817070603,26290
22380,0.00022244516003411263,11743
22381,0.00022244536376092583,8
22382,0.00022245060245040804,10064
22383,0.00022245464788284153,22875
22384,0.00022245605941861868,16720
22385,0.00022245830041356385,21730
22386,0.00022246172011364251,26320
22387,0.00022246393200475723,6414
22388,0.00022246644948609173,24689
22389,0.00022246898151934147,9105
22390,0.0002224715572083369,14215
22391,0.0002224793570348993,6963
22392,0.00022247974993661046,12139
22393,0.00022248047753237188,12642
22394,0.00022248442110139877,20818
22395,0.0002224894124083221,1034
22396,0.00022250066103879362,2469
22397,0.0002225045464001596,9824
22398,0.00022250751499086618,1769
22399,0.00022251390328165144,26330
22400,0.0002225151692982763,508
22401,0.00022251700283959508,26660
22402,0.000222519418457523,25431
22403,0.00022252251801546663,10968
22404,0.00022252817871049047,20642
22405,0.00022252828057389706,22739
22406,0.00022252982307691127,9292
22407,0.00022253165661823004,25855
22408,0.00022253392671700567,26397
22409,0.00022253593488130718,3515
22410,0.00022253618226386607,18653
22411,0.00022253731731325388,11842
22412,0.00022253789938986301,5475
22413,0.0002225563657702878,13618
22414,0.0002225619537057355,27470
22415,0.00022257051023188978,25346
22416,0.00022258148237597197,14488
22417,0.00022258707031141967,6574
22418,0.00022258833632804453,21742
22419,0.00022261157573666424,19074
22420,0.00022261307458393276,11219
22421,0.00022261630510911345,22816
22422,0.0002226179203717038,12629
22423,0.000222635775571689,9778
22424,0.00022263627033680677,1989
22425,0.00022263680875767022,22815
22426,0.00022264639846980572,13575
22427,0.0002226498763775453,12696
22428,0.00022265574079938233,6268
22429,0.00022265789448283613,19478
22430,0.0002226652723038569,26199
22431,0.00022266780433710665,26304
22432,0.0002226779906777665,15412
22433,0.0002226795331807807,17785
22434,0.0002226811193395406,13805
22435,0.0002226812212029472,25934
22436,0.00022268718748819083,1358
22437,0.00022268905013334006,10095
22438,0.00022269085457082838,14849
22439,0.00022270575573202223,22670
22440,0.00022271816851571202,20791
22441,0.00022273218201007694,9399
22442,0.00022274679213296622,24988
22443,0.00022274874208960682,21102
22444,0.00022274932416621596,4223
22445,0.00022275428636930883,18825
22446,0.00022275559604167938,25273
22447,0.0002227566874353215,24606
22448,0.0002227623772341758,13986
22449,0.00022278190590441227,21663
22450,0.0002227883815066889,25859
22451,0.0002227884397143498,15912
22452,0.00022279255790635943,6930
22453,0.00022279290715232491,27628
22454,0.00022280114353634417,1887
22455,0.00022280492703430355,17620
22456,0.00022280612029135227,22933
22457,0.00022280876873992383,26994
22458,0.00022281684505287558,4895
22459,0.00022282238933257759,10852
22460,0.00022282966529019177,22404
22461,0.00022286003513727337,3297
22462,0.00022286946477834135,25015
22463,0.00022287150204647332,12667
22464,0.00022287391766440123,581
22465,0.00022287419415079057,12618
22466,0.000222879956709221,24227
22467,0.00022288464242592454,17273
22468,0.00022289202024694532,14795
22469,0.00022289433400146663,19192
22470,0.00022290383640211076,22446
22471,0.00022291528875939548,5604
22472,0.0002229183737654239,22090
22473,0.0002229207311756909,123
22474,0.00022293203801382333,185
22475,0.00022293483198154718,23824
22476,0.0002229348901892081,17166
22477,0.00022294050722848624,14240
22478,0.00022294360678642988,18809
22479,0.00022294653172139078,22998
22480,0.00022295232338365167,12568
22481,0.00022295460803434253,1730
22482,0.0002229565434390679,20764
22483,0.00022296138922683895,6540
22484,0.00022296217503026128,15357
22485,0.00022296933457255363,24527
22486,0.00022297183750197291,4615
22487,0.00022298448311630636,21609
22488,0.00022299242846202105,24150
22489,0.00022299295233096927,26435
22490,0.00022299474221654236,16205
22491,0.000222997841774486,20645
22492,0.0002230018435511738,7521
22493,0.0002230020909337327,3066
22494,0.0002230024110758677,11221
22495,0.00022300427372101694,19799
22496,0.00022301172430161387,22388
22497,0.0002230125683126971,18389
22498,0.00022301734134089202,25335
22499,0.00022302198340184987,20740
22500,0.0002230240497738123,10440
22501,0.00022303216974250972,15828
22502,0.00022303413425106555,20009
22503,0.00022304063895717263,22260
22504,0.00022304693993646652,5368
22505,0.00022305230959318578,16622
22506,0.0002230565733043477,26711
22507,0.0002230567333754152,19216
22508,0.00022306253958959132,15511
22509,0.00022307356994133443,19303
22510,0.0002230873506050557,23888
22511,0.00022308871848508716,24697
22512,0.0002230940299341455,22226
22513,0.00022309656196739525,15640
22514,0.00022309723135549575,24670
22515,0.00022310622443910688,19047
22516,0.0002231116668554023,16490
22517,0.0002231120888609439,14502
22518,0.00022312304645311087,13292
22519,0.00022313299996312708,717
22520,0.00022313336376100779,25288
22521,0.0002231395337730646,10532
22522,0.00022314206580631435,15858
22523,0.0002231437829323113,3501
22524,0.00022314389934763312,18884
22525,0.00022314582020044327,5152
22526,0.00022314779926091433,11763
22527,0.00022314966190606356,5105
22528,0.0002231531689176336,5061
22529,0.00022315500245895237,1231
22530,0.00022316061949823052,2116
22531,0.00022316689137369394,12831
22532,0.00022318035189528018,26702
22533,0.00022318055562209338,3123
22534,0.00022318105038721114,17053
22535,0.00022318358242046088,1391
22536,0.0002231864636996761,27018
22537,0.00022318688570521772,18800
22538,0.00022318711853586137,16613
22539,0.00022318716219160706,26963
22540,0.00022319183335639536,23107
22541,0.00022319429263006896,25255
22542,0.0002231956023024395,3707
22543,0.00022320434800349176,12168
22544,0.00022321607684716582,11307
22545,0.000223216469748877,7412
22546,0.00022321651340462267,2888
22547,0.0002232250408269465,19904
22548,0.00022323122539091855,6324
22549,0.0002232401311630383,12416
22550,0.00022324445308186114,14824
22551,0.00022325267491396517,3032
22552,0.00022325280588120222,24002
22553,0.00022326088219415396,25733
22554,0.0002232617262052372,17287
22555,0.00022328240447677672,24755
22556,0.00022329094645101577,19579
22557,0.0002232913248008117,26332
22558,0.0002232916740467772,469
22559,0.00022330011415760964,5315
22560,0.0002233015839010477,19926
22561,0.0002233023988083005,2604
22562,0.00022330612409859896,11111
22563,0.00022331986110657454,10804
22564,0.0002233242994407192,16810
22565,0.00022332802473101765,16989
22566,0.0002233331761090085,19129
22567,0.0002233339473605156,10556
22568,0.00022333463130053133,17322
22569,0.00022333674132823944,20842
22570,0.000223338880459778,9846
22571,0.00022334280947688967,3970
22572,0.000223344613914378,21206
22573,0.00022334657842293382,14362
22574,0.00022335162793751806,10129
22575,0.00022335443645715714,17364
22576,0.00022335676476359367,8494
22577,0.00022337322297971696,18521
22578,0.00022337536211125553,9999
22579,0.0002233756094938144,18106
22580,0.00022338202688843012,5997
22581,0.00022338333656080067,6126
22582,0.0002233862178400159,26532
22583,0.00022338917187880725,15306
22584,0.0002233964769402519,14801
22585,0.00022340216673910618,27375
22586,0.00022340302530210465,23405
22587,0.00022340650320984423,3213
22588,0.0002234167914139107,23122
22589,0.00022341858129948378,19570
22590,0.00022342122974805534,9172
22591,0.00022342235024552792,7305
22592,0.00022342657030094415,17475
22593,0.00022342860756907612,19785
22594,0.00022342950978782028,17987
22595,0.00022343576711136848,11529
22596,0.00022344005992636085,406
22597,0.00022344206809066236,19177
22598,0.00022344384342432022,3133
22599,0.00022344723402056843,18502
22600,0.0002234551648143679,11179
22601,0.0002234588173450902,6892
22602,0.0002234617859357968,9885
22603,0.00022348244965542108,25546
22604,0.00022348623315338045,22379
22605,0.00022349203936755657,22929
22606,0.0002234962594229728,5541
22607,0.0002234963612863794,3558
22608,0.0002234987186966464,17536
22609,0.00022350212384480983,5391
22610,0.00022350471408572048,2800
22611,0.00022350817744154483,9672
22612,0.00022350957442540675,593
22613,0.00022351111692842096,3295
22614,0.00022351225197780877,17185
22615,0.00022351351799443364,12354
22616,0.00022351782536134124,16625
22617,0.00022351808729581535,10069
22618,0.0002235212450614199,293
22619,0.0002235226857010275,14351
22620,0.00022353736858349293,16842
22621,0.00022353915846906602,14997
22622,0.00022354086104314774,7871
22623,0.00022354106476996094,18894
22624,0.00022354538668878376,23665
22625,0.00022355782857630402,2867
22626,0.00022355979308485985,1280
22627,0.00022357206034939736,26678
22628,0.00022358236310537905,12259
22629,0.00022358614660333842,26421
22630,0.00022358949354384094,9622
22631,0.00022359522699844092,4907
22632,0.00022359605645760894,15897
22633,0.00022359855938702822,15888
22634,0.0002236074797110632,17821
22635,0.00022360892035067081,3182
22636,0.00022361324226949364,2058
22637,0.00022361452283803374,13355
22638,0.0002236187574453652,18631
22639,0.00022363036987371743,7507
22640,0.00022363598691299558,3279
22641,0.00022363926109392196,8833
22642,0.00022363936295732856,12784
22643,0.0002236413274658844,17580
22644,0.00022364221513271332,509
22645,0.0002236702130176127,13387
22646,0.00022367641213349998,16719
22647,0.00022368096688296646,19940
22648,0.00022368153440766037,19900
22649,0.00022368290228769183,9896
22650,0.0002236919099232182,4690
22651,0.00022369320504367352,20278
22652,0.00022370113583747298,25005
22653,0.00022370173246599734,2682
22654,0.00022370574879460037,19522
22655,0.00022370595252141356,1439
22656,0.00022370732040144503,18326
22657,0.00022371101658791304,4722
22658,0.00022371126397047192,8599
22659,0.00022371245722752064,23589
22660,0.00022371466911863536,1510
22661,0.00022371485829353333,7675
22662,0.0002237184380646795,11694
22663,0.00022373393585439771,15560
22664,0.0002237357257399708,18816
22665,0.00022374138643499464,11517
22666,0.00022374905529432,12842
22667,0.00022375227126758546,26388
22668,0.00022375976550392807,12415
22669,0.00022376145352609456,16262
22670,0.00022376232664100826,19501
22671,0.00022376285050995648,14129
22672,0.0002237649605376646,7036
22673,0.00022377853747457266,27621
22674,0.0002237809239886701,13661
22675,0.00022378833091352135,11720
22676,0.0002238056913483888,16066
22677,0.00022380833979696035,12934
22678,0.00022380889276973903,264
22679,0.00022381043527275324,16820
22680,0.00022383454779628664,20042
22681,0.00022384067415259778,20772
22682,0.0002238408342236653,21983
22683,0.00022384390467777848,26247
22684,0.00022384649491868913,13780
22685,0.00022384701878763735,22547
22686,0.00022384797921404243,6521
22687,0.00022385014744941145,2512
22688,0.00022385497868526727,24694
22689,0.00022385672491509467,26274
22690,0.00022385742340702564,1367
22691,0.00022386352065950632,22418
22692,0.00022386973432730883,15870
22693,0.00022387241187971085,10086
22694,0.00022387994977179915,23619
22695,0.0002238870511064306,12961
22696,0.00022390212689060718,25981
22697,0.0002239061432192102,14236
22698,0.00022391517995856702,22848
22699,0.00022392338723875582,24765
22700,0.00022393152175936848,1352
22701,0.00022393562539946288,3975
22702,0.0002239376917714253,21238
22703,0.00022394880943465978,16543
22704,0.00022395653650164604,22644
22705,0.00022395917039830238,8954
22706,0.00022396455460693687,8145
22707,0.00022396545682568103,5742
22708,0.00022397116117645055,15800
22709,0.00022397165594156832,15580
22710,0.00022398696455638856,25364
22711,0.00022398933651857078,14515
22712,0.00022398981673177332,25220
22713,0.00022399230510927737,2458
22714,0.0002240003232145682,22095
22715,0.00022400864691007882,4844
22716,0.00022401072783395648,15931
22717,0.00022401916794478893,25784
22718,0.00022405800700653344,16382
22719,0.00022405944764614105,22251
22720,0.00022406091738957912,13736
22721,0.00022406436619348824,12017
22722,0.0002240645990241319,1707
22723,0.0002240660833194852,27579
22724,0.0002240752219222486,5621
22725,0.00022407877258956432,6250
22726,0.0002240811154479161,4672
22727,0.00022408502991311252,6198
22728,0.00022408863878808916,25216
22729,0.0002240908652311191,17735
22730,0.00022409422672353685,15732
22731,0.00022409725352190435,2776
22732,0.00022410115343518555,21972
22733,0.0002241111360490322,9631
22734,0.00022412481484934688,25921
22735,0.00022412986436393112,2044
22736,0.00022413099941331893,2424
22737,0.00022413284750655293,27437
22738,0.00022413961414713413,13190
22739,0.00022414255363401026,22045
22740,0.000224146424443461,23729
22741,0.00022415384592022747,20000
22742,0.00022415486455429345,26041
22743,0.00022416887804865837,17176
22744,0.00022417312720790505,5144
22745,0.0002241846959805116,7548
22746,0.00022419000742956996,1599
22747,0.00022419235028792173,8037
22748,0.00022419277229346335,24573
22749,0.00022420124150812626,27771
22750,0.0002242016780655831,13695
22751,0.00022421455651056021,1318
22752,0.00022421708854380995,3081
22753,0.00022422125039156526,11349
22754,0.00022425726638175547,12738
22755,0.0002242630289401859,10793
22756,0.00022427424846682698,10513
22757,0.00022427648946177214,25958
22758,0.00022427669318858534,9623
22759,0.00022428813099395484,17023
22760,0.00022429054661188275,26584
22761,0.00022429233649745584,270
22762,0.00022429476666729897,5274
22763,0.00022430549142882228,11160
22764,0.0002243099152110517,14519
22765,0.00022431359684560448,26474
22766,0.00022431672550737858,15321
22767,0.00022432580590248108,14073
22768,0.00022433004050981253,14207
22769,0.00022434073616750538,6805
22770,0.00022434779384639114,26091
22771,0.00022434825950767845,17479
22772,0.00022435432765632868,4442
22773,0.00022435924620367587,20996
22774,0.00022436051222030073,12377
22775,0.000224360846914351,13987
22776,0.00022436589642893523,14192
22777,0.0002243683993583545,25956
22778,0.0002243703929707408,20325
22779,0.00022437759616877884,5452
22780,0.00022438094310928136,8373
22781,0.00022438119049184024,5270
22782,0.00022438839368987828,21187
22783,0.00022439008171204478,23802
22784,0.00022440335305873305,2902
22785,0.00022440617613028735,17695
22786,0.0002244102506665513,10112
22787,0.0002244178467663005,8329
22788,0.00022441834153141826,22180
22789,0.00022442641784437,174
22790,0.0002244280040031299,8073
22791,0.00022442902263719589,4660
22792,0.00022443059424404055,6858
22793,0.00022443204943556339,1395
22794,0.00022443784109782428,18068
22795,0.00022443801572080702,8055
22796,0.0002244451898150146,5346
22797,0.00022444661590270698,22740
22798,0.00022444904607255012,6516
22799,0.0002244514471385628,23123
22800,0.000224458533921279,10032
22801,0.00022445899958256632,27568
22802,0.0002244626812171191,6452
22803,0.00022446982620749623,3114
22804,0.00022447209630627185,5297
22805,0.00022447228548116982,12468
22806,0.00022447611263487488,26461
22807,0.00022447804803960025,1209
22808,0.0002244836650788784,21586
22809,0.00022448594972956926,10105
22810,0.00022450549295172095,17497
22811,0.0002245078794658184,18718
22812,0.00022450840333476663,20786
22813,0.00022450964024756104,22762
22814,0.00022451020777225494,15110
22815,0.00022451038239523768,26259
22816,0.0002245216310257092,20193
22817,0.0002245220384793356,24700
22818,0.000224535571760498,17080
22819,0.00022454133431892842,10577
22820,0.00022454466670751572,433
22821,0.00022454626741819084,19180
22822,0.00022454689315054566,23744
22823,0.00022454808640759438,16769
22824,0.00022454923600889742,25719
22825,0.0002245497307740152,5779
22826,0.00022455424186773598,26216
22827,0.00022456653823610395,11818
22828,0.0002245668147224933,3761
22829,0.0002245683572255075,27562
22830,0.0002245807700091973,6122
22831,0.00022458139574155211,11992
22832,0.00022458685270976275,15687
22833,0.0002245906798634678,18381
22834,0.00022459089814219624,9759
22835,0.00022459500178229064,10749
22836,0.00022459847969003022,14994
22837,0.00022460290347225964,8414
22838,0.00022460376203525811,25852
22839,0.00022460655600298196,3837
22840,0.00022461476328317076,4786
22841,0.0002246217045467347,13198
22842,0.0002246348885819316,21891
22843,0.00022463650384452194,6401
22844,0.0002246431540697813,26442
22845,0.00022464498761110008,8133
22846,0.000224645045818761,8319
22847,0.00022465405345428735,318
22848,0.0002246582298539579,14338
22849,0.0002246652584290132,26570
22850,0.00022466835798695683,16764
22851,0.0002246696240035817,9911
22852,0.0002246696240035817,20459
22853,0.00022468194947578013,24809
22854,0.00022468627139460295,19615
22855,0.0002246879885205999,24698
22856,0.0002246946096420288,279
22857,0.00022469744726549834,2781
22858,0.00022470325347967446,27610
22859,0.0002247059892397374,14278
22860,0.00022472722048405558,4591
22861,0.00022472873388323933,15815
22862,0.0002247293887194246,1964
22863,0.00022473459830507636,23328
22864,0.0002247370866825804,23829
22865,0.0002247403172077611,3985
22866,0.00022474507568404078,12097
22867,0.00022474843717645854,4972
22868,0.0002247552911285311,9143
22869,0.00022476189769804478,1080
22870,0.0002247631346108392,10445
22871,0.00022476403682958335,1649
22872,0.00022476633603218943,7663
22873,0.00022477438324131072,24859
22874,0.00022479701146949083,3314
22875,0.00022480220650322735,17969
22876,0.00022480245388578624,22319
22877,0.00022480552433989942,26588
22878,0.0002248085365863517,16940
22879,0.0002248123346362263,19968
22880,0.0002248140226583928,17943
22881,0.00022483764041680843,9879
22882,0.00022484688088297844,860
22883,0.00022484923829324543,27002
22884,0.00022485961380880326,22600
22885,0.00022486023954115808,6507
22886,0.00022486639500129968,9802
22887,0.0002248673263238743,14528
22888,0.00022486757370643318,11909
22889,0.00022487218666356057,21397
22890,0.0002248749224236235,24083
22891,0.0002248795935884118,23034
22892,0.0002249262761324644,26505
22893,0.00022492712014354765,26699
22894,0.00022494507720693946,2678
22895,0.00022495235316455364,17182
22896,0.0002249577664770186,26582
22897,0.00022495804296340793,15628
22898,0.00022495906159747392,26602
22899,0.00022496121528092772,15682
22900,0.0002249674580525607,8611
22901,0.00022497093596030027,7392
22902,0.00022497738245874643,9387
22903,0.00022498330508824438,1484
22904,0.00022498359612654895,27766
22905,0.00022498935868497938,18895
22906,0.0002249905955977738,21970
22907,0.0002249954704893753,5849
22908,0.00022500386694446206,18168
22909,0.000225004754611291,10869
22910,0.00022500980412587523,17717
22911,0.00022501057537738234,24199
22912,0.0002250194811495021,4206
22913,0.00022502013598568738,27081
22914,0.00022502636420540512,27609
22915,0.0002250280522275716,11050
22916,0.00022503381478600204,3414
22917,0.00022504122171085328,23294
22918,0.00022504762455355376,24259
22919,0.00022504854132421315,20309
22920,0.00022506290406454355,14982
22921,0.00022506501409225166,7666
22922,0.00022506804089061916,22799
22923,0.0002250683173770085,2822
22924,0.0002250768302474171,21606
22925,0.00022507777612190694,22598
22926,0.00022508465917780995,26081
22927,0.0002250877587357536,23259
22928,0.00022510737471748143,12533
22929,0.00022511011047754437,6354
22930,0.00022511299175675958,13038
22931,0.00022512399300467223,14816
22932,0.00022512691793963313,1515
22933,0.00022514061129186302,19199
22934,0.00022516923490911722,24422
22935,0.0002251696860184893,16181
22936,0.00022517867910210043,13393
22937,0.0002251892874483019,17118
22938,0.000225191077333875,15060
22939,0.00022519305639434606,22855
22940,0.00022519395861309022,17066
22941,0.0002252027188660577,266
22942,0.00022520875791087747,6918
22943,0.00022521351638715714,156
22944,0.00022521386563312262,15609
22945,0.0002252162084914744,19094
22946,0.00022521635401062667,8345
22947,0.00022522012295667082,13229
22948,0.00022523156076204032,6322
22949,0.00022524077212437987,10854
22950,0.0002252456033602357,16185
22951,0.0002252513513667509,234
22952,0.00022527588589582592,16988
22953,0.00022527803957927972,13828
22954,0.000225278694415465,5601
22955,0.00022527988767251372,7295
22956,0.00022528224508278072,4676
22957,0.00022529219859279692,10466
22958,0.0002252941922051832,14008
22959,0.0002252965932711959,5553
22960,0.00022529729176312685,2738
22961,0.00022529975103680044,15901
22962,0.00022530555725097656,7650
22963,0.00022530663409270346,15670
22964,0.00022530766727868468,14968
22965,0.00022530961723532528,20117
22966,0.0002253270213259384,17869
22967,0.00022532713774126023,14306
22968,0.00022532731236424297,25464
22969,0.00022533556330017745,8174
22970,0.00022533847368322313,18914
22971,0.00022534388699568808,5764
22972,0.00022534701565746218,11147
22973,0.00022535173047799617,1379
22974,0.0002253522543469444,24946
22975,0.00022536936739925295,25878
22976,0.00022537253971677274,25728
22977,0.00022537520271725953,5034
22978,0.00022538547636941075,9891
22979,0.00022538572375196964,9587
22980,0.00022538613120559603,3695
22981,0.00022538744087796658,15943
22982,0.00022538923076353967,8048
22983,0.00022539077326655388,282
22984,0.00022539141355082393,5436
22985,0.00022540197824127972,15895
22986,0.0002254020655527711,7576
22987,0.00022540440841112286,13236
22988,0.0002254046848975122,23479
22989,0.00022540570353157818,26031
22990,0.0002254060236737132,12908
22991,0.00022540803183801472,5066
22992,0.00022541011276189238,8596
22993,0.0002254138235002756,27069
22994,0.0002254180726595223,11324
22995,0.0002254287974210456,26249
22996,0.00022543706290889531,15739
22997,0.00022544374223798513,6237
22998,0.0002254449063912034,9220
22999,0.0002254501305287704,15773
23000,0.0002254506543977186,15304
23001,0.00022545635874848813,22333
23002,0.00022546212130691856,8251
23003,0.00022546669060830027,18606
23004,0.00022546734544448555,10444
23005,0.0002254688588436693,10564
23006,0.00022547051776200533,20365
23007,0.00022547315165866166,13346
23008,0.00022547632397618145,26927
23009,0.0002254835271742195,23207
23010,0.00022548723791260272,15194
23011,0.00022548725246451795,25049
23012,0.00022548960987478495,27279
23013,0.00022549254936166108,15601
23014,0.00022549336426891387,18406
23015,0.00022549823916051537,17592
23016,0.00022550273570232093,21688
23017,0.00022550566063728184,5837
23018,0.00022550667927134782,22353
23019,0.0002255071303807199,6782
23020,0.00022551156871486455,15174
23021,0.00022552043083123863,23499
23022,0.00022552371956408024,26712
23023,0.00022552403970621526,13748
23024,0.0002255334984511137,19784
23025,0.00022553627786692232,26734
23026,0.00022553880990017205,20574
23027,0.00022555173200089484,16014
23028,0.0002255556610180065,4999
23029,0.00022555749455932528,5054
23030,0.0002255603758385405,16981
23031,0.00022556759358849376,12072
23032,0.00022556906333193183,3386
23033,0.00022557748889084905,27521
23034,0.0002255827421322465,7234
23035,0.00022558883938472718,473
23036,0.0002255891595268622,17762
23037,0.0002255898725707084,23900
23038,0.00022559841454494745,20650
23039,0.00022560045181307942,1579
23040,0.0002256032603327185,21508
23041,0.00022560512297786772,10952
23042,0.00022560599609278142,23932
23043,0.00022560733486898243,7191
23044,0.00022560975048691034,1722
23045,0.0002256135194329545,19614
23046,0.00022561918012797832,9285
23047,0.00022563309175893664,19333
23048,0.0002256367151858285,2198
23049,0.00022564180835615844,14855
23050,0.00022564396203961223,10731
23051,0.0002256452280562371,4721
23052,0.0002256587176816538,21806
23053,0.00022566124971490353,22470
23054,0.00022566219558939338,451
23055,0.00022566865663975477,701
23056,0.00022567511769011617,17470
23057,0.00022568121494259685,9061
23058,0.0002256837033201009,27365
23059,0.00022569157590623945,16652
23060,0.00022569202701561153,9960
23061,0.00022570064174942672,2381
23062,0.00022571002773474902,332
23063,0.00022571023146156222,14887
23064,0.00022571758017875254,13859
23065,0.00022573118621949106,11479
23066,0.00022574137256015092,16080
23067,0.00022574157628696412,6717
23068,0.0002257422893308103,5425
23069,0.00022574981267098337,3154
23070,0.00022575215552933514,11745
23071,0.0002257542364532128,6167
23072,0.00022575641924049705,14466
23073,0.0002257564483443275,22921
23074,0.00022575697221327573,5579
23075,0.00022578980133403093,19284
23076,0.000225793628487736,11331
23077,0.00022579437063541263,9968
23078,0.00022580474615097046,17547
23079,0.0002258074819110334,10399
23080,0.00022580895165447146,8523
23081,0.00022581141092814505,10755
23082,0.00022581193479709327,16708
23083,0.0002258128661196679,21582
23084,0.00022581472876481712,2959
23085,0.0002258151798741892,10331
23086,0.00022583013924304396,5653
23087,0.00022583182726521045,12988
23088,0.00022583345707971603,6061
23089,0.00022583699319511652,14155
23090,0.00022585983970202506,9263
23091,0.00022586259001400322,1096
23092,0.00022586269187740982,17518
23093,0.00022586544218938798,12882
23094,0.00022587284911423922,9677
23095,0.00022588377760257572,13201
23096,0.0002258840249851346,7376
23097,0.0002258870517835021,8763
23098,0.0002258980821352452,23232
23099,0.0002259061293443665,18510
23100,0.00022590975277125835,26739
23101,0.00022591360902879387,26374
23102,0.00022591713059227914,20770
23103,0.00022591944434680045,21372
23104,0.00022592733148485422,889
23105,0.00022594591428060085,19472
23106,0.00022595170594286174,13227
23107,0.00022595649352297187,14767
23108,0.00022596766939386725,14393
23109,0.0002259817556478083,27222
23110,0.00022598735813517123,16281
23111,0.00022599261137656868,6867
23112,0.00022599613294005394,6861
23113,0.00022600151714868844,17740
23114,0.00022600224474444985,408
23115,0.00022600327793043107,3345
23116,0.00022600361262448132,1493
23117,0.0002260044711874798,23462
23118,0.00022601131058763713,212
23119,0.00022601423552259803,9359
23120,0.00022602052194997668,18749
23121,0.00022602106037084013,26211
23122,0.00022602439275942743,1932
23123,0.00022602512035518885,342
23124,0.00022603214893024415,13540
23125,0.00022604425612371415,7228
23126,0.00022604699188377708,13559
23127,0.00022605271078646183,21294
23128,0.00022605486446991563,19773
23129,0.00022605509730055928,23368
23130,0.0002260601322632283,3158
23131,0.0002260703913634643,3634
23132,0.00022607123537454754,2379
23133,0.00022607669234275818,13366
23134,0.0002260790643049404,19652
23135,0.00022608364815823734,13255
23136,0.0002260858891531825,26482
23137,0.00022608879953622818,12248
23138,0.00022609278676100075,19040
23139,0.0002260953187942505,12722
23140,0.00022609556617680937,10414
23141,0.00022610205633100122,25111
23142,0.00022610242012888193,25471
23143,0.00022610518499277532,25641
23144,0.00022611141321249306,16128
23145,0.0002261225163238123,17720
23146,0.00022612536849919707,14611
23147,0.00022612791508436203,9355
23148,0.00022613245528191328,15944
23149,0.00022614609042648226,16414
23150,0.00022615041234530509,25874
23151,0.00022616058413404971,15507
23152,0.00022616819478571415,9730
23153,0.0002261750487377867,23689
23154,0.00022617544163949788,27313
23155,0.00022618351795244962,24275
23156,0.00022618572984356433,13370
23157,0.0002261861227452755,19287
23158,0.00022618830553255975,5757
23159,0.00022619968513026834,2785
23160,0.0002262001798953861,12834
23161,0.00022620102390646935,15374
23162,0.00022620648087467998,15473
23163,0.00022620703384745866,27790
23164,0.00022620742674916983,8245
23165,0.00022621343669015914,9135
23166,0.00022621810785494745,21922
23167,0.00022622273536399007,14451
23168,0.0002262283960590139,5693
23169,0.0002262318885186687,18307
23170,0.0002262358902953565,20874
23171,0.00022623728727921844,10896
23172,0.00022623877157457173,24817
23173,0.00022623971744906157,6362
23174,0.00022624143457505852,1466
23175,0.00022624438861384988,295
23176,0.00022625146084465086,6133
23177,0.0002262568596052006,6158
23178,0.00022626460122410208,7088
23179,0.00022627222642768174,13386
23180,0.00022627905127592385,14840
23181,0.00022629127488471568,3859
23182,0.00022629207524005324,17394
23183,0.00022629743034485728,10156
23184,0.00022630424064118415,27681
23185,0.00022630438616033643,21050
23186,0.00022631084721069783,14753
23187,0.00022631106548942626,13446
23188,0.00022632192121818662,250
23189,0.0002263244823552668,8688
23190,0.00022633855405729264,22096
23191,0.00022634616470895708,25397
23192,0.0002263579808641225,4865
23193,0.0002263584319734946,17993
23194,0.00022635937784798443,3109
23195,0.0002263594651594758,9338
23196,0.0002263616624986753,6790
23197,0.00022636694484390318,9141
23198,0.0002263723436044529,8363
23199,0.00022638528025709093,16135
23200,0.000226389107410796,20271
23201,0.00022639046073891222,8606
23202,0.00022639277449343354,14011
23203,0.00022639299277216196,20354
23204,0.00022640005045104772,719
23205,0.00022640015231445432,24385
23206,0.00022640243696514517,10604
23207,0.00022641966643277556,20602
23208,0.0002264223585370928,14901
23209,0.0002264304057462141,15405
23210,0.00022643129341304302,11461
23211,0.00022645191347692162,12234
23212,0.00022645884018857032,27210
23213,0.00022649264428764582,16888
23214,0.0002264934591948986,1005
23215,0.00022650414030067623,6957
23216,0.00022650416940450668,9207
23217,0.00022650937899015844,10706
23218,0.00022651191102340817,16963
23219,0.0002265154616907239,2857
23220,0.0002265180228278041,9735
23221,0.0002265208458993584,18030
23222,0.00022652241750620306,26766
23223,0.0002265259245177731,15269
23224,0.00022652751067653298,13676
23225,0.00022653007181361318,12892
23226,0.0002265311049995944,14998
23227,0.00022653282212559134,27741
23228,0.00022653302585240453,11012
23229,0.0002265360817546025,6536
23230,0.0002265371149405837,23475
23231,0.000226538089918904,16715
23232,0.00022654353233519942,23003
23233,0.00022655380598735064,14357
23234,0.00022655689099337906,26205
23235,0.00022656023793388158,18592
23236,0.00022656709188595414,26947
23237,0.00022657141380477697,501
23238,0.00022658149828203022,762
23239,0.00022658314264845103,23948
23240,0.00022658472880721092,1275
23241,0.00022658688249066472,17321
23242,0.00022659530804958194,6425
23243,0.00022660184185951948,653
23244,0.0002266021620016545,3023
23245,0.00022661502589471638,23425
23246,0.00022661600087303668,11389
23247,0.00022661896946374327,364
23248,0.00022663241543341428,1350
23249,0.00022663449635729194,8976
23250,0.00022663817799184471,23214
23251,0.0002266414085170254,11827
23252,0.00022664587595500052,10065
23253,0.00022664833522867411,13248
23254,0.0002266568480990827,6885
23255,0.00022666275617666543,6691
23256,0.00022666460426989943,15990
23257,0.00022666482254862785,22925
23258,0.00022666707809548825,6068
23259,0.00022667195298708975,973
23260,0.00022669305326417089,24579
23261,0.0002266982482979074,16651
23262,0.00022670924954582006,7902
23263,0.00022671057377010584,1414
23264,0.00022671472106594592,18586
23265,0.0002267155359731987,12040
23266,0.00022671652550343424,15644
23267,0.0002267257368657738,25054
23268,0.0002267258969368413,12778
23269,0.00022673208150081336,5683
23270,0.00022673259081784636,20176
23271,0.00022673448256682605,20582
23272,0.00022673454077448696,4807
23273,0.0002267358504468575,3172
23274,0.00022673631610814482,20600
23275,0.00022674469801131636,3655
23276,0.00022674901993013918,7857
23277,0.00022675075160805136,6836
23278,0.0002267518430016935,13985
23279,0.00022675363288726658,1351
23280,0.00022675475338473916,9385
23281,0.00022675629588775337,3077
23282,0.00022675648506265134,10526
23283,0.00022675788204651326,23369
23284,0.0002267584204673767,13557
23285,0.00022676958178635687,16076
23286,0.00022677320521324873,4699
23287,0.0002267798117827624,19083
23288,0.00022678037930745631,10816
23289,0.00022682272538077086,11137
23290,0.00022682642156723887,18507
23291,0.00022683032148052007,8680
23292,0.00022683032148052007,18356
23293,0.00022683189308736473,14042
23294,0.00022683334827888757,11406
23295,0.00022683435236103833,15592
23296,0.00022683960560243577,20313
23297,0.0002268450043629855,7150
23298,0.00022684661962557584,7776
23299,0.00022684756550006568,9211
23300,0.00022685801377519965,27173
23301,0.00022686251031700522,13730
23302,0.0002268664538860321,21440
23303,0.0002268665557494387,19603
23304,0.0002268684474984184,18194
23305,0.0002268711250508204,2473
23306,0.00022687118325848132,10451
23307,0.0002268884563818574,14457
23308,0.0002269058459205553,6632
23309,0.0002269061515107751,14379
23310,0.00022690666082780808,3778
23311,0.00022690929472446442,2234
23312,0.00022691623598802835,1851
23313,0.00022691849153488874,9036
23314,0.0002269230899401009,15128
23315,0.00022692412312608212,5625
23316,0.0002269291435368359,21523
23317,0.00022693838400300592,14522
23318,0.00022694295330438763,22329
23319,0.00022694836661685258,2338
23320,0.00022695318330079317,23663
23321,0.00022695398365613073,12225
23322,0.00022696169617120177,3709
23323,0.00022696485393680632,22966
23324,0.00022696724045090377,17466
23325,0.0002269710967084393,16323
23326,0.00022697693202644587,25580
23327,0.00022698537213727832,12022
23328,0.0002269923425046727,5978
23329,0.0002270006953040138,16904
23330,0.00022700181580148637,14446
23331,0.00022701309353578836,4821
23332,0.00022701668785884976,10096
23333,0.00022702118440065533,12087
23334,0.00022702182468492538,18424
23335,0.0002270226541440934,9015
23336,0.0002270275872433558,20337
23337,0.0002270312688779086,6779
23338,0.0002270447730552405,2881
23339,0.00022704567527398467,23417
23340,0.00022704961884301156,21837
23341,0.00022705465380568057,19781
23342,0.00022705731680616736,26633
23343,0.0002270583645440638,21077
23344,0.00022706012532580644,17161
23345,0.0002270607656100765,13980
23346,0.00022706296294927597,14925
23347,0.00022706380696035922,10107
23348,0.00022707885364070535,10497
23349,0.00022708121105097234,18124
23350,0.00022708610049448907,14108
23351,0.00022708876349497586,8740
23352,0.00022709295444656163,16003
23353,0.0002270962140755728,4927
23354,0.00022714163060300052,20470
23355,0.00022715322847943753,6838
23356,0.00022715509112458676,14336
23357,0.00022715539671480656,16404
23358,0.00022716492821928114,12700
23359,0.00022717237879987806,10683
23360,0.00022717536194249988,5906
23361,0.00022718643594998866,9811
23362,0.00022719269327353686,9956
23363,0.0002271972334710881,15224
23364,0.00022720074048265815,27749
23365,0.00022721807181369513,27763
23366,0.0002272250276291743,19235
23367,0.00022722721041645855,7263
23368,0.00022722793801221997,11402
23369,0.00022723412257619202,20249
23370,0.00022724445443600416,16596
23371,0.00022725225426256657,283
23372,0.00022725416056346148,26764
23373,0.00022725661983713508,18152
23374,0.0002272591518703848,11283
23375,0.00022726332827005535,13008
23376,0.0002272670972160995,2983
23377,0.00022726794122718275,27677
23378,0.00022727419855073094,369
23379,0.00022727430041413754,12594
23380,0.0002272752026328817,10435
23381,0.00022728498151991516,20506
23382,0.00022728691692464054,21233
23383,0.0002272915153298527,1888
23384,0.00022729461488779634,12477
23385,0.00022730052296537906,1532
23386,0.00022730400087311864,10098
23387,0.0002273093705298379,12480
23388,0.0002273158315801993,23826
23389,0.00022731826175004244,27388
23390,0.00022732933575753123,15885
23391,0.00022733063087798655,17515
23392,0.00022733495279680938,16871
23393,0.00022733674268238246,15183
23394,0.00022733885271009058,10459
23395,0.0002273415884701535,4282
23396,0.00022734235972166061,3209
23397,0.00022735590755473822,18013
23398,0.00022735600941814482,5348
23399,0.00022735698439646512,10493
23400,0.0002273576974403113,9581
23401,0.00022736209211871028,11105
23402,0.00022737622202839702,17277
23403,0.00022737895778845996,14523
23404,0.00022740558779332787,7371
23405,0.00022741558495908976,20418
23406,0.00022742091096006334,15342
23407,0.00022742421424482018,17178
23408,0.00022742498549632728,24376
23409,0.00022742777946405113,12767
23410,0.00022745097521692514,16696
23411,0.00022745142632629722,10934
23412,0.00022745436581317335,13293
23413,0.00022746181639377028,17797
23414,0.00022746821923647076,3938
23415,0.00022746851027477533,8837
23416,0.00022747159528080374,15302
23417,0.0002274800353916362,26069
23418,0.0002274821454193443,6243
23419,0.00022750100470148027,19971
23420,0.00022751746291760355,14199
23421,0.00022753899975214154,8049
23422,0.0002275443694088608,3549
23423,0.000227554322918877,23381
23424,0.000227558019105345,22889
23425,0.0002275647275382653,2486
23426,0.00022757337137591094,20856
23427,0.00022757779515814036,14733
23428,0.00022758074919693172,3360
23429,0.00022758539125788957,17895
23430,0.00022761231230106205,26270
23431,0.00022761318541597575,7691
23432,0.0002276148006785661,3813
23433,0.00022761576110497117,9155
23434,0.00022762140724807978,20052
23435,0.00022762200387660414,25517
23436,0.00022762791195418686,26187
23437,0.00022763898596167564,10576
23438,0.0002276457380503416,21049
23439,0.00022764815366826952,13532
23440,0.00022764956520404667,18447
23441,0.00022765796165913343,8556
23442,0.00022765919857192785,739
23443,0.0002276645682286471,9925
23444,0.00022766563051845878,21584
23445,0.00022766704205423594,22309
23446,0.00022766963229514658,12494
23447,0.0002276773302583024,2600
23448,0.00022767824702896178,11445
23449,0.0002276835439261049,17870
23450,0.00022768639610148966,16848
23451,0.00022768691997043788,14456
23452,0.0002277082239743322,5426
23453,0.00022771197836846113,22011
23454,0.000227724842261523,20869
23455,0.00022772677766624838,23112
23456,0.0002277303719893098,22899
23457,0.00022773236560169607,23066
23458,0.00022773251112084836,8184
23459,0.000227739816182293,19807
23460,0.0002277429011883214,1030
23461,0.0002277476596646011,7522
23462,0.00022775081743020564,2071
23463,0.00022775928664486855,647
23464,0.0002277662861160934,6335
23465,0.0002277720341226086,17
23466,0.00022777482809033245,20212
23467,0.00022777706908527762,9598
23468,0.0002277775201946497,22873
23469,0.00022777826234232634,10322
23470,0.00022778409766033292,231
23471,0.0002277994208270684,6969
23472,0.00022780300059821457,11320
23473,0.00022780880681239069,27501
23474,0.00022781203733757138,37
23475,0.00022781675215810537,27292
23476,0.00022782037558499724,10492
23477,0.00022782167070545256,12540
23478,0.00022782247106079012,4141
23479,0.00022782401356380433,9033
23480,0.00022782680753152817,20012
23481,0.00022783632448408753,11520
23482,0.0002278382598888129,12304
23483,0.00022784942120779306,12606
23484,0.00022788344358559698,11732
23485,0.00022788460773881525,23286
23486,0.00022789444483350962,14916
23487,0.0002279023901792243,10752
23488,0.00022790256480220705,21439
23489,0.0002279035106766969,26693
23490,0.00022790646471548826,8637
23491,0.00022791062656324357,17688
23492,0.00022792337404098362,8869
23493,0.00022792359231971204,24884
23494,0.0002279359905514866,7612
23495,0.00022794256801716983,4956
23496,0.00022794758842792362,13848
23497,0.00022796863049734384,20471
23498,0.000227980301133357,22967
23499,0.000227981639909558,9160
23500,0.0002279860054841265,3398
23501,0.00022798657300882041,13422
23502,0.0002279899053974077,23025
23503,0.00022799614816904068,8794
23504,0.00022800614533480257,18637
23505,0.00022801235900260508,19634
23506,0.0002280217013321817,24260
23507,0.00022802423336543143,24311
23508,0.00022802497551310807,10404
23509,0.0002280315529787913,18379
23510,0.0002280349872307852,6831
23511,0.0002280386397615075,23290
23512,0.00022804272884968668,20458
23513,0.00022804290347266942,25400
23514,0.0002280432527186349,11761
23515,0.0002280574117321521,16398
23516,0.000228057979256846,23815
23517,0.00022806540073361248,13686
23518,0.00022806759807281196,20743
23519,0.00022809217625763267,6563
23520,0.0002281059860251844,12748
23521,0.0002281103515997529,13850
23522,0.00022811339295003563,25658
23523,0.00022811544477008283,15684
23524,0.00022812088718637824,16934
23525,0.00022812210954725742,8602
23526,0.00022812496172264218,18907
23527,0.00022813663235865533,21685
23528,0.00022814162366557866,16513
23529,0.00022814387921243906,24957
23530,0.000228145596338436,7399
23531,0.000228148463065736,24829
23532,0.00022815202828496695,1354
23533,0.00022815381817054003,645
23534,0.00022815866395831108,26531
23535,0.00022816832643002272,2972
23536,0.00022817876015324146,15090
23537,0.0002281905326526612,16138
23538,0.00022819265723228455,5800
23539,0.0002281980268890038,24487
23540,0.00022820259619038552,2854
23541,0.0002282107889186591,22538
23542,0.00022821528546046466,198
23543,0.00022822509345132858,16175
23544,0.00022823011386208236,15977
23545,0.0002282314089825377,17371
23546,0.0002282344357809052,9910
23547,0.00022823781182523817,9182
23548,0.00022824734332971275,13783
23549,0.00022825266933068633,22057
23550,0.00022825728228781372,12481
23551,0.00022826582426205277,24574
23552,0.00022826982603874058,27707
23553,0.00022827928478363901,10483
23554,0.00022828405781183392,15625
23555,0.00022828693909104913,12903
23556,0.00022829319641459733,5570
23557,0.00022829468070995063,13975
23558,0.00022829508816357702,9687
23559,0.00022829730005469173,9654
23560,0.00022829952649772167,1850
23561,0.00022830262605566531,12360
23562,0.00022830834495835006,10943
23563,0.00022831062960904092,12414
23564,0.00022831470414530486,13795
23565,0.00022833276307210326,4618
23566,0.00022833926777821034,10841
23567,0.00022834123228676617,6583
23568,0.00022834172705188394,5002
23569,0.00022834226547274739,22128
23570,0.00022836256539449096,15335
23571,0.0002283641224494204,379
23572,0.00022836537391413003,2906
23573,0.00022837019059807062,16789
23574,0.00022837110736873,11018
23575,0.00022837262076791376,9331
23576,0.0002283765934407711,24802
23577,0.00022838865697849542,10282
23578,0.00022839462326373905,26255
23579,0.00022839561279397458,27376
23580,0.00022839821758680046,20123
23581,0.0002284015208715573,25752
23582,0.00022840284509584308,9058
23583,0.00022840745805297047,6539
23584,0.00022840812744107097,18192
23585,0.00022841215832158923,3175
23586,0.00022842129692435265,17383
23587,0.00022842735052108765,23571
23588,0.0002284280490130186,26829
23589,0.00022843155602458864,19737
23590,0.0002284439979121089,5289
23591,0.00022844888735562563,25487
23592,0.00022845075000077486,22833
23593,0.000228453180170618,11825
23594,0.0002284566144226119,13909
23595,0.00022845767671242356,4566
23596,0.00022846028150524944,24338
23597,0.00022846460342407227,14782
23598,0.00022847752552479506,23775
23599,0.000228486314881593,21936
23600,0.00022848705702926964,11846
23601,0.00022848814842291176,16896
23602,0.00022849076776765287,25896
23603,0.00022850814275443554,22960
23604,0.00022851460380479693,20693
23605,0.00022851488029118627,2729
23606,0.0002285325899720192,26062
23607,0.0002285415248479694,16946
23608,0.00022854693816043437,22856
23609,0.00022854852431919426,14210
23610,0.0002285511582158506,19139
23611,0.00022855857969261706,9487
23612,0.00022855948191136122,15380
23613,0.00022856282885186374,12061
23614,0.00022856461873743683,15042
23615,0.00022857495059724897,17744
23616,0.0002285797381773591,27339
23617,0.00022860478202346712,1017
23618,0.00022861424076836556,9783
23619,0.00022861803881824017,27760
23620,0.00022862112382426858,5371
23621,0.000228621342102997,20863
23622,0.00022862335026729852,5082
23623,0.0002286268281750381,22708
23624,0.00022864893253427,2466
23625,0.0002286539092892781,27658
23626,0.00022865610662847757,17506
23627,0.00022866213112138212,21823
23628,0.0002286689996253699,18462
23629,0.00022867195366416126,11612
23630,0.00022869548411108553,17601
23631,0.00022870030079502612,9421
23632,0.0002287003444507718,13640
23633,0.00022870097018312663,20533
23634,0.00022870581597089767,9739
23635,0.0002287079259986058,21337
23636,0.0002287108509335667,6876
23637,0.000228713164688088,5184
23638,0.0002287230163346976,5099
23639,0.00022872402041684836,22339
23640,0.00022872684348840266,17432
23641,0.00022874778369441628,4338
23642,0.00022874792921356857,13072
23643,0.0002287572860950604,10554
23644,0.0002287706738570705,25070
23645,0.00022877582523506135,25291
23646,0.0002287819515913725,23780
23647,0.00022878208255860955,14895
23648,0.00022879921016283333,13967
23649,0.00022880197502672672,27765
23650,0.00022880373580846936,6477
23651,0.0002288051473442465,18995
23652,0.00022880936739966273,24282
23653,0.000228834236622788,9034
23654,0.00022883579367771745,13669
23655,0.0002288653195137158,14395
23656,0.00022887175146024674,708
23657,0.0002288741379743442,5092
23658,0.00022887447266839445,5963
23659,0.00022887514205649495,19044
23660,0.0002288780960952863,15679
23661,0.00022888818057253957,2529
23662,0.00022889181855134666,18285
23663,0.00022889202227815986,2471
23664,0.00022889529645908624,6586
23665,0.00022890257241670042,21946
23666,0.0002289087133249268,25991
23667,0.00022891131811775267,2734
23668,0.00022891172557137907,14543
23669,0.0002289319527335465,9586
23670,0.00022893767163623124,16450
23671,0.0002289377007400617,15430
23672,0.00022893960704095662,13062
23673,0.00022894673747941852,12123
23674,0.00022894871653988957,4576
23675,0.00022896641166880727,20158
23676,0.00022897706367075443,5087
23677,0.00022899158648215234,2239
23678,0.0002289929543621838,19986
23679,0.00022899791656527668,3289
23680,0.00022900283511262387,25828
23681,0.00022900728799868375,19183
23682,0.00022901277407072484,14648
23683,0.00022901379270479083,10899
23684,0.0002290369156980887,3917
23685,0.00022903895296622068,12419
23686,0.00022905673540662974,18411
23687,0.0002290586126036942,16710
23688,0.0002290648262714967,12486
23689,0.00022907140373717993,14468
23690,0.00022907565289642662,26979
23691,0.00022911877022124827,17871
23692,0.00022912202985025942,21429
23693,0.00022912271379027516,20761
23694,0.00022912990243639797,8619
23695,0.00022913908469490707,8077
23696,0.0002291393611812964,22977
23697,0.00022914727742318064,21318
23698,0.00022914877627044916,17539
23699,0.00022915651788935065,14295
23700,0.00022915865702088922,15813
23701,0.00022916238231118768,16672
23702,0.00022917857859283686,14628
23703,0.00022918095055501908,21142
23704,0.00022918314789421856,5592
23705,0.00022918441391084343,22068
23706,0.00022918867762200534,1274
23707,0.00022920177434571087,3468
23708,0.00022920554329175502,8700
23709,0.0002292160497745499,26690
23710,0.0002292199933435768,4088
23711,0.00022922044445294887,20386
23712,0.00022924314544070512,14233
23713,0.0002292473945999518,20789
23714,0.00022925181838218123,8339
23715,0.0002292524150107056,426
23716,0.00022926197561901063,21193
23717,0.00022926805831957608,27238
23718,0.00022927179816178977,16422
23719,0.00022927304962649941,8390
23720,0.00022928669932298362,19935
23721,0.00022929441183805466,7284
23722,0.00022929614351596683,11562
23723,0.00022929628903511912,20125
23724,0.00022930795967113227,2535
23725,0.00022930942941457033,20876
23726,0.00022931768035050482,17682
23727,0.00022932594583835453,16549
23728,0.00022932724095880985,4704
23729,0.00022933031141292304,23236
23730,0.00022933504078537226,18009
23731,0.0002293439320055768,5035
23732,0.00022934541630093008,4744
23733,0.00022935564629733562,1001
23734,0.0002293772849952802,18644
23735,0.00022939515474718064,9750
23736,0.00022940193593967706,4060
23737,0.00022942066425457597,16741
23738,0.00022942107170820236,15475
23739,0.00022942322539165616,26565
23740,0.00022942607756704092,10477
23741,0.00022942930809222162,15152
23742,0.00022943690419197083,12575
23743,0.0002294455043738708,6076
23744,0.0002294481819262728,6965
23745,0.00022944957891013473,11107
23746,0.00022945467208046466,14729
23747,0.00022945794626139104,4267
23748,0.0002294609003001824,7239
23749,0.00022946263197809458,22368
23750,0.00022946517856325954,27346
23751,0.00022947053366806358,24796
23752,0.00022948483820073307,21098
23753,0.00022949530102778226,875
23754,0.000229495475650765,15719
23755,0.00022950302809476852,10164
23756,0.00022950682614464313,18634
23757,0.00022951191931497306,540
23758,0.00022951369464863092,18404
23759,0.00022951787104830146,19033
23760,0.0002295255399076268,2836
23761,0.00022953054576646537,16483
23762,0.00022953147708903998,18061
23763,0.00022953639563638717,11436
23764,0.00022953719599172473,16446
23765,0.00022954668384045362,22163
23766,0.00022955737949814647,24654
23767,0.00022956126485951245,27244
23768,0.00022956542670726776,10174
23769,0.00022956921020522714,25316
23770,0.00022958285990171134,6376
23771,0.0002295837039127946,6614
23772,0.00022958626504987478,1342
23773,0.00022959665511734784,27580
23774,0.00022959666966926306,13504
23775,0.00022960295609664172,10744
23776,0.00022960737987887114,17509
23777,0.00022961244394537061,21051
23778,0.00022961574723012745,8242
23779,0.00022962783987168223,21314
23780,0.00022963082301430404,25983
23781,0.00022963230730965734,8311
23782,0.0002296345483046025,24671
23783,0.00022963638184592128,14017
23784,0.00022965401876717806,9262
23785,0.00022965816606301814,23503
23786,0.00022966087271925062,22485
23787,0.00022966544202063233,9293
23788,0.00022967388213146478,11838
23789,0.00022967896074987948,15783
23790,0.00022968131816014647,12441
23791,0.0002296852326253429,10551
23792,0.00022968786652199924,14664
23793,0.00022969052952248603,6487
23794,0.00022969520068727434,1163
23795,0.00022969867859501392,16114
23796,0.00022970732243265957,27739
23797,0.00022970870486460626,14639
23798,0.00022971586440689862,11485
23799,0.00022971948783379048,5022
23800,0.00022972025908529758,25876
23801,0.0002297210303368047,19742
23802,0.00022972146689426154,11216
23803,0.00022972944134380668,26520
23804,0.00022974859166424721,16308
23805,0.00022975800675339997,16335
23806,0.00022976701438892633,3105
23807,0.0002297707396792248,20255
23808,0.0002297722385264933,7696
23809,0.00022978140623308718,16590
23810,0.00022979399363975972,27001
23811,0.00022979694767855108,16119
23812,0.00022979990171734244,22292
23813,0.0002298037288710475,7640
23814,0.00022980426729191095,19609
23815,0.0002298076287843287,9722
23816,0.00022980963694863021,23923
23817,0.0002298210165463388,334
23818,0.0002298231265740469,20824
23819,0.0002298271283507347,15827
23820,0.0002298308681929484,103
23821,0.00022983209055382758,11253
23822,0.0002298343024449423,18368
23823,0.00022983725648373365,148
23824,0.0002298482577316463,17988
23825,0.0002298722683917731,9210
23826,0.000229881756240502,7859
23827,0.00022988453565631062,3145
23828,0.0002298950421391055,24636
23829,0.00022990013530943543,6364
23830,0.00022990332217887044,5135
23831,0.0002299136685905978,17372
23832,0.00022991813602857292,19620
23833,0.00022992462618276477,26649
23834,0.00022992596495896578,10097
23835,0.0002299303887411952,7539
23836,0.00022993108723312616,10973
23837,0.00022993411403149366,4917
23838,0.0002299344341736287,24682
23839,0.0002299383340869099,2731
23840,0.00022994138998910785,18284
23841,0.00022994463506620377,19880
23842,0.00022995073231868446,22959
23843,0.0002299556217622012,19739
23844,0.0002299593761563301,16704
23845,0.0002299598854733631,1108
23846,0.00022996508050709963,14202
23847,0.00022996749612502754,24706
23848,0.00022997752239461988,1519
23849,0.0002299803018104285,10144
23850,0.00022998398344498128,8321
23851,0.00022998408530838788,2571
23852,0.0002299900952493772,21610
23853,0.00022999034263193607,25098
23854,0.00023001135559752584,7328
23855,0.00023004208924248815,18063
23856,0.0002300538180861622,21661
23857,0.00023005687398836017,17248
23858,0.00023006534320302308,17543
23859,0.00023008478456176817,1791
23860,0.00023008481366559863,16685
23861,0.00023009102733340114,15579
23862,0.0002300914202351123,538
23863,0.00023009422875475138,10427
23864,0.00023012643214315176,17356
23865,0.00023013073951005936,7213
23866,0.00023013462487142533,6682
23867,0.00023013711324892938,25843
23868,0.00023017327475827187,10417
23869,0.00023018484353087842,5748
23870,0.00023018711362965405,17657
23871,0.00023019214859232306,25097
23872,0.00023019264335744083,15907
23873,0.00023020613298285753,17632
23874,0.00023020946537144482,21441
23875,0.00023021092056296766,10310
23876,0.00023022011737339199,8947
23877,0.0002302384382346645,25720
23878,0.0002302415232406929,22393
23879,0.00023024383699521422,17829
23880,0.00023025677364785224,23387
23881,0.00023026349663268775,19575
23882,0.0002302645443705842,18073
23883,0.00023026601411402225,17420
23884,0.00023026943381410092,6144
23885,0.000230280144023709,7781
23886,0.00023028739087749273,165
23887,0.00023028746363706887,11736
23888,0.00023029340081848204,12681
23889,0.00023030088050290942,25667
23890,0.00023030278680380434,15913
23891,0.00023030793818179518,1124
23892,0.0002303164073964581,21367
23893,0.00023033055185806006,3838
23894,0.00023033229808788747,4500
23895,0.00023034695186652243,12349
23896,0.00023034885816741735,20773
23897,0.00023034916375763714,4849
23898,0.0002303515502717346,899
23899,0.00023035166668705642,16563
23900,0.00023035306367091835,13245
23901,0.00023035943740978837,18473
23902,0.00023036527272779495,3951
23903,0.00023036955099087209,27176
23904,0.00023037454229779541,2156
23905,0.00023038857034407556,12204
23906,0.0002303895162185654,11538
23907,0.0002303916699020192,19751
23908,0.00023040230735205114,17465
23909,0.00023042430984787643,20122
23910,0.0002304375229869038,7704
23911,0.00023045972920954227,15643
23912,0.00023046712158247828,27307
23913,0.00023046782007440925,21466
23914,0.00023046848946250975,2404
23915,0.0002304764639120549,15017
23916,0.0002304767695022747,5733
23917,0.00023049829178489745,1793
23918,0.00023050872550811619,14312
23919,0.000230509351240471,20747
23920,0.0002305133966729045,15619
23921,0.00023051354219205678,27178
23922,0.0002305140224052593,26555
23923,0.00023051614698488265,12978
23924,0.00023051726748235524,25530
23925,0.00023051901371218264,25570
23926,0.0002305283269379288,15910
23927,0.00023053825134411454,19647
23928,0.00023054098710417747,21570
23929,0.0002305437665199861,1849
23930,0.00023054963094182312,10047
23931,0.00023056165082380176,23308
23932,0.00023056512873154134,23078
23933,0.00023057173530105501,12544
23934,0.00023057195357978344,23825
23935,0.00023057483485899866,26301
23936,0.00023057514044921845,21162
23937,0.00023057582438923419,9404
23938,0.00023058186343405396,18963
23939,0.00023058956139720976,24055
23940,0.0002305951784364879,25820
23941,0.00023059731756802648,13333
23942,0.00023060610692482442,10585
23943,0.00023061037063598633,2146
23944,0.00023061166575644165,26956
23945,0.00023062080435920507,16214
23946,0.00023062473337631673,432
23947,0.0002306250826222822,8415
23948,0.00023063697153702378,23182
23949,0.0002306392416357994,27775
23950,0.00023063988192006946,27785
23951,0.00023064490233082324,17393
23952,0.00023064702691044658,23372
23953,0.00023064947163220495,9559
23954,0.0002306659589521587,7377
23955,0.0002306688838871196,16754
23956,0.00023067102301865816,12444
23957,0.00023067281290423125,19212
23958,0.00023067428264766932,5332
23959,0.00023069814778864384,3309
23960,0.00023070837778504938,7058
23961,0.00023070968745741993,16112
23962,0.00023071354371495545,17300
23963,0.00023071646864991635,23759
23964,0.00023071646864991635,27499
23965,0.0002307218819623813,10054
23966,0.0002307243412360549,13666
23967,0.00023072584008332342,10672
23968,0.00023072973999660462,16700
23969,0.00023073000193107873,26666
23970,0.00023073852935340255,22777
23971,0.00023075575882103294,20218
23972,0.00023075698118191212,11486
23973,0.00023076361685525626,21426
23974,0.00023076862271409482,7093
23975,0.0002307766699232161,16557
23976,0.00023077885271050036,22487
23977,0.00023079152742866427,25662
23978,0.0002307969843968749,12537
23979,0.0002308015536982566,6709
23980,0.000230808014748618,15236
23981,0.00023080984828993678,25405
23982,0.00023081002291291952,6556
23983,0.0002308112889295444,22069
23984,0.00023082336701918393,15129
23985,0.0002308296534465626,20613
23986,0.00023083121050149202,16170
23987,0.00023083557607606053,10524
23988,0.00023084929853212088,17759
23989,0.00023084954591467977,23632
23990,0.00023085513385012746,12246
23991,0.00023085775319486856,16337
23992,0.000230863515753299,1739
23993,0.00023086881265044212,14988
23994,0.00023087539011612535,27748
23995,0.00023087640875019133,3184
23996,0.00023087840236257762,9294
23997,0.00023088828311301768,20975
23998,0.00023090196191333234,21602
23999,0.00023090606555342674,6117
24000,0.00023091540788300335,9834
24001,0.0002309274423168972,9357
24002,0.0002309342526132241,11965
24003,0.00023094582138583064,22768
24004,0.0002309526753379032,8446
24005,0.00023095568758435547,23374
24006,0.0002309645205968991,27190
24007,0.00023096638324204832,4004
24008,0.00023098516976460814,15158
24009,0.0002309860137756914,10932
24010,0.00023098857491277158,17007
24011,0.0002309887349838391,18322
24012,0.0002309931442141533,650
24013,0.00023099507961887866,18539
24014,0.00023099636018741876,18479
24015,0.00023100306862033904,9369
24016,0.00023101456463336945,18578
24017,0.00023102108389139175,22525
24018,0.00023102313571143895,20722
24019,0.00023103209969121963,16847
24020,0.0002310403942828998,23363
24021,0.00023104189313016832,14667
24022,0.00023105547006707639,24122
24023,0.0002310701966052875,11582
24024,0.0002310771233169362,14025
24025,0.00023108634923119098,21274
24026,0.0002310872368980199,7740
24027,0.00023108751338440925,13337
24028,0.00023108762979973108,6622
24029,0.00023108965251594782,19987
24030,0.0002310920535819605,20716
24031,0.00023110966139938682,19918
24032,0.00023111219343263656,4785
24033,0.0002311184798600152,22408
24034,0.00023112153576221317,23030
24035,0.0002311234420631081,24033
24036,0.0002311244170414284,4687
24037,0.00023112741473596543,902
24038,0.0002311373536940664,11000
24039,0.00023115814838092774,14569
24040,0.00023115995281841606,4948
24041,0.00023116693773772568,14875
24042,0.00023116922238841653,2139
24043,0.00023117568343877792,5065
24044,0.00023117646924220026,24903
24045,0.00023117706587072462,23795
24046,0.00023118029639590532,23204
24047,0.0002311907010152936,19297
24048,0.0002311913704033941,15597
24049,0.00023119611432775855,23484
24050,0.00023120490368455648,6828
24051,0.00023121022968553007,18980
24052,0.00023122159473132342,12411
24053,0.00023122862330637872,20056
24054,0.00023122910351958126,11075
24055,0.00023123587016016245,25410
24056,0.00023123915889300406,24711
24057,0.00023124208382796496,11807
24058,0.00023124468862079084,22892
24059,0.00023124566359911114,6547
24060,0.00023124700237531215,23573
24061,0.00023124901053961366,2554
24062,0.00023125321604311466,25743
24063,0.00023126653104554862,15026
24064,0.00023127059102989733,805
24065,0.0002312789874849841,12732
24066,0.00023128397879190743,13577
24067,0.0002312964788870886,11136
24068,0.00023129793407861143,5081
24069,0.00023131004127208143,6356
24070,0.00023131418856792152,24425
24071,0.00023131554189603776,12111
24072,0.0002313158183824271,25387
24073,0.00023131852503865957,24182
24074,0.00023132245405577123,9715
24075,0.00023132572823669761,20393
24076,0.00023133461945690215,21200
24077,0.0002313371078344062,9276
24078,0.00023135056835599244,20890
24079,0.00023135686933528632,26982
24080,0.00023136146774049848,10367
24081,0.00023136174422688782,11467
24082,0.00023136279196478426,12795
24083,0.0002313698932994157,15530
24084,0.00023137113021221012,3524
24085,0.00023138336837291718,16289
24086,0.00023138498363550752,4444
24087,0.0002314030862180516,12376
24088,0.0002314097946509719,16528
24089,0.00023141239944379777,26282
24090,0.00023141411656979471,13095
24091,0.00023141891870182008,14559
24092,0.00023142476857174188,17279
24093,0.0002314293960807845,8502
24094,0.00023143249563872814,3124
24095,0.00023145010345615447,5132
24096,0.00023145508021116257,18625
24097,0.00023146008607000113,6869
24098,0.0002314677112735808,12878
24099,0.00023147769388742745,18621
24100,0.00023147945466917008,25248
24101,0.00023148614855017513,20503
24102,0.00023149530170485377,11751
24103,0.00023149729531724006,14103
24104,0.00023150171909946948,9110
24105,0.00023153772053774446,20267
24106,0.0002315464662387967,5871
24107,0.00023155346571002156,24126
24108,0.00023155834060162306,27663
24109,0.00023158019757829607,2403
24110,0.0002315823221579194,10685
24111,0.00023159127158578485,24724
24112,0.00023159236297942698,13060
24113,0.000231597397942096,10416
24114,0.00023162206343840808,17979
24115,0.0002316256141057238,7832
24116,0.00023163235164247453,18455
24117,0.0002316345344297588,21510
24118,0.0002316364407306537,20113
24119,0.00023165505263023078,20013
24120,0.00023168290499597788,3097
24121,0.0002316960017196834,726
24122,0.00023169959604274482,9393
24123,0.0002317093894816935,22996
24124,0.00023170998611021787,14791
24125,0.00023172592045739293,13347
24126,0.00023173983208835125,26815
24127,0.0002317674516234547,11554
24128,0.00023177241382654756,23867
24129,0.00023178895935416222,16831
24130,0.00023180199787020683,22810
24131,0.00023180882271844894,17103
24132,0.0002318310725968331,1966
24133,0.00023184582823887467,3451
24134,0.00023184593010228127,9001
24135,0.00023184852034319192,6748
24136,0.00023186655016615987,12601
24137,0.00023186775797512382,304
24138,0.00023187289480119944,7160
24139,0.0002318765764357522,22291
24140,0.00023188097111415118,17587
24141,0.00023188145132735372,15843
24142,0.00023188631166704,17734
24143,0.00023188782506622374,22764
24144,0.00023189527564682066,5916
24145,0.000231913203606382,4552
24146,0.00023191420768853277,4013
24147,0.00023191839864011854,20644
24148,0.00023191867512650788,1608
24149,0.00023192117805592716,7172
24150,0.00023193327069748193,13131
24151,0.00023193491506390274,3288
24152,0.00023194435925688595,27183
24153,0.0002319473132956773,6387
24154,0.00023194815730676055,21492
24155,0.0002319485938642174,17358
24156,0.00023196569236461073,24032
24157,0.00023198232520371675,22336
24158,0.00023198720009531826,16213
24159,0.00023199380666483194,18294
24160,0.00023199489805847406,27253
24161,0.00023199821589514613,15477
24162,0.00023200632131192833,15791
24163,0.0002320113271707669,9585
24164,0.0002320288185728714,10792
24165,0.00023204874014481902,5613
24166,0.0002320767962373793,24458
24167,0.0002320770436199382,4530
24168,0.00023209246865008026,16394
24169,0.0002320938656339422,12152
24170,0.000232097358093597,14174
24171,0.00023209738719742745,19479
24172,0.00023209820210468024,14699
24173,0.0002321007923455909,26954
24174,0.00023210227664094418,8029
24175,0.00023210472136270255,4449
24176,0.00023210530343931168,17481
24177,0.00023210888321045786,26441
24178,0.00023212852829601616,6590
24179,0.00023213180247694254,23541
24180,0.00023213510576169938,11420
24181,0.00023213723034132272,10826
24182,0.00023214687826111913,4623
24183,0.00023215031251311302,14275
24184,0.00023215443070512265,10215
24185,0.00023218644491862506,7602
24186,0.00023218774003908038,14364
24187,0.00023218803107738495,8550
24188,0.00023219402646645904,9008
24189,0.00023219428840093315,19649
24190,0.00023219444847200066,10233
24191,0.00023219827562570572,19215
24192,0.00023220162256620824,8770
24193,0.00023220671573653817,21532
24194,0.00023220812727231532,7174
24195,0.00023221259471029043,21292
24196,0.00023222327581606805,2270
24197,0.0002322282234672457,17944
24198,0.0002322314539924264,1921
24199,0.00023223315656650811,21937
24200,0.0002322507934877649,11650
24201,0.0002322637301404029,6513
24202,0.00023226744087878615,11729
24203,0.00023227585188578814,19741
24204,0.0002322775253560394,14374
24205,0.00023228253121487796,21565
24206,0.00023228273494169116,18608
24207,0.00023228411737363786,7790
24208,0.00023228618374560028,17876
24209,0.0002322867076145485,22692
24210,0.00023228846839629114,16309
24211,0.00023229401267599314,17175
24212,0.00023229402722790837,15878
24213,0.00023229444923345,21444
24214,0.00023230002261698246,26445
24215,0.00023231070372276008,1390
24216,0.00023231285740621388,115
24217,0.00023231447266880423,20847
24218,0.00023231683007907122,23237
24219,0.0002323182998225093,12551
24220,0.00023232797684613615,15242
24221,0.00023232807870954275,15225
24222,0.0002323367225471884,20121
24223,0.00023234040418174118,21085
24224,0.0002323436492588371,19317
24225,0.00023234676336869597,11462
24226,0.00023236082051880658,4083
24227,0.00023237241839524359,4830
24228,0.00023237928689923137,180
24229,0.00023238197900354862,15454
24230,0.00023238225548993796,19951
24231,0.00023238229914568365,4873
24232,0.00023238286667037755,24602
24233,0.0002323851513210684,21137
24234,0.00023238560243044049,14803
24235,0.00023239231086336076,11979
24236,0.00023240075097419322,11936
24237,0.0002324072120245546,27136
24238,0.0002324085944565013,15898
24239,0.00023241098097059876,7903
24240,0.00023243718896992505,14135
24241,0.00023244212206918746,1598
24242,0.00023244289332069457,751
24243,0.00023244447947945446,22556
24244,0.0002324542438145727,21805
24245,0.0002324573724763468,26609
24246,0.00023245926422532648,14133
24247,0.00023245943884830922,22273
24248,0.00023246656928677112,26135
24249,0.0002324726665392518,11342
24250,0.00023248280922416598,15325
24251,0.0002324924716958776,6202
24252,0.00023249324294738472,9425
24253,0.0002324950764887035,12552
24254,0.0002325120149180293,15433
24255,0.00023251854872796685,5125
24256,0.00023252195387613028,18789
24257,0.00023252435494214296,7755
24258,0.0002325306850252673,1307
24259,0.00023254030384123325,24242
24260,0.00023254593543242663,23990
24261,0.00023255826090462506,14496
24262,0.00023255939595401287,950
24263,0.00023256188433151692,12265
24264,0.0002325620298506692,24236
24265,0.00023257207067217678,11365
24266,0.00023257681459654123,17094
24267,0.00023258011788129807,19797
24268,0.00023258107830770314,1919
24269,0.00023258895089384168,3372
24270,0.00023259797308128327,11394
24271,0.00023260114539880306,10898
24272,0.00023261398018803447,12664
24273,0.00023261530441232026,12851
24274,0.00023261902970261872,19853
24275,0.00023263326147571206,8864
24276,0.00023263494949787855,20508
24277,0.0002326419053133577,19045
24278,0.00023264418996404856,4297
24279,0.00023264711489900947,13151
24280,0.00023265719937626272,3737
24281,0.00023266366042662412,16510
24282,0.00023266430071089417,6772
24283,0.00023267020878847688,8887
24284,0.00023268935910891742,17105
24285,0.00023269459779839963,24104
24286,0.0002327008405700326,657
24287,0.0002327055553905666,24762
24288,0.00023273851547855884,10041
24289,0.00023274144041351974,16778
24290,0.00023274292470887303,21147
24291,0.00023275971761904657,11407
24292,0.00023277501168195158,15811
24293,0.00023278314620256424,18017
24294,0.00023278880689758807,19343
24295,0.00023279422021005303,22749
24296,0.0002328287373529747,8423
24297,0.00023283027985598892,19844
24298,0.00023283281188923866,17083
24299,0.00023283343762159348,4451
24300,0.00023283380141947418,14035
24301,0.0002328593545826152,15344
24302,0.00023286696523427963,5680
24303,0.00023287540534511209,23585
24304,0.0002328914706595242,24861
24305,0.0002328923874301836,3108
24306,0.00023289944510906935,12131
24307,0.00023291523393709213,15283
24308,0.00023292636615224183,8645
24309,0.00023293550475500524,5676
24310,0.00023293821141123772,9673
24311,0.0002329452836420387,22187
24312,0.00023295283608604223,21562
24313,0.0002329532289877534,22711
24314,0.0002329609851585701,27496
24315,0.00023296737344935536,26921
24316,0.0002329722628928721,83
24317,0.00023297849111258984,26742
24318,0.00023297866573557258,24438
24319,0.00023298204177990556,8235
24320,0.00023298368614632636,12531
24321,0.00023298485029954463,10625
24322,0.00023298509768210351,10450
24323,0.00023298998712562025,19456
24324,0.0002329927810933441,24312
24325,0.00023299669555854052,26491
24326,0.00023300445172935724,16385
24327,0.00023300667817238718,6736
24328,0.0002330182760488242,20502
24329,0.00023301944020204246,24370
24330,0.00023302709450945258,191
24331,0.00023303984198719263,20127
24332,0.0002330485003767535,23376
24333,0.00023305611102841794,1060
24334,0.00023307390802074224,21357
24335,0.00023309966491069645,20830
24336,0.00023310580581892282,4051
24337,0.00023311747645493597,17764
24338,0.00023314173449762166,25810
24339,0.00023315413272939622,13809
24340,0.00023316236911341548,25568
24341,0.00023319006140809506,16031
24342,0.00023319396132137626,3903
24343,0.00023319954925682396,3692
24344,0.00023319975298363715,2980
24345,0.00023320004402194172,313
24346,0.00023322498600464314,18390
24347,0.00023323128698393703,25846
24348,0.00023323704954236746,1410
24349,0.00023324157518800348,13054
24350,0.00023324877838604152,27055
24351,0.00023326354857999831,5564
24352,0.00023326909285970032,14276
24353,0.00023327778035309166,22143
24354,0.00023328930546995252,19818
24355,0.0002333078591618687,5536
24356,0.0002333083830308169,19796
24357,0.0002333146403543651,13185
24358,0.0002333232550881803,16417
24359,0.00023332616547122598,404
24360,0.00023332616547122598,22098
24361,0.00023332645650953054,23240
24362,0.00023333980061579496,7468
24363,0.0002333421289222315,26794
24364,0.00023337546736001968,8085
24365,0.0002333802985958755,12971
24366,0.00023338795290328562,18016
24367,0.0002333919983357191,922
24368,0.0002333926677238196,239
24369,0.0002333991724299267,18498
24370,0.0002334037417313084,11614
24371,0.00023340419284068048,19473
24372,0.0002334133896511048,17448
24373,0.00023342781059909612,20862
24374,0.0002334289310965687,14477
24375,0.00023342967324424535,18261
24376,0.0002334351884201169,21573
24377,0.00023344243527390063,858
24378,0.00023344889632426202,6043
24379,0.00023347487149294466,11505
24380,0.0002334773598704487,16278
24381,0.00023348104150500149,20439
24382,0.00023350361152552068,17905
24383,0.00023350687115453184,14408
24384,0.00023352354764938354,16324
24385,0.0002335289609618485,11321
24386,0.00023352996504399925,10691
24387,0.00023353565484285355,6587
24388,0.0002335449098609388,25633
24389,0.00023354796576313674,3076
24390,0.00023355710436590016,25115
24391,0.00023356862948276103,8136
24392,0.00023357024474535137,16020
24393,0.00023357252939604223,17841
24394,0.00023358248290605843,21505
24395,0.00023359277111012489,1713
24396,0.00023359373153652996,9023
24397,0.00023360166233032942,19291
24398,0.00023360346676781774,9981
24399,0.00023361069906968623,10214
24400,0.00023361558851320297,17164
24401,0.00023362666252069175,18116
24402,0.00023362826323136687,7008
24403,0.00023364333901554346,16506
24404,0.00023364537628367543,10389
24405,0.00023364574008155614,25818
24406,0.00023364594380836934,23553
24407,0.00023365578090306371,20312
24408,0.00023366273671854287,15775
24409,0.00023366899404209107,17899
24410,0.0002336696779821068,12436
24411,0.00023367023095488548,1302
24412,0.0002336799370823428,12300
24413,0.00023368523397948593,16679
24414,0.000233685685088858,2816
24415,0.00023368601978290826,25311
24416,0.00023368762049358338,3956
24417,0.00023370236158370972,17263
24418,0.00023370534472633153,11028
24419,0.00023371096176560968,7348
24420,0.00023371816496364772,23473
24421,0.0002337186597287655,15278
24422,0.0002337226615054533,15642
24423,0.00023372670693788677,9563
24424,0.00023372695432044566,4736
24425,0.0002337355399504304,21166
24426,0.00023373622389044613,12005
24427,0.00023374885495286435,9065
24428,0.00023375773162115365,18723
24429,0.0002337582700420171,12964
24430,0.00023376326134894043,12325
24431,0.0002337641635676846,8813
24432,0.00023377379693556577,10246
24433,0.00023377541219815612,15245
24434,0.00023377654724754393,24982
24435,0.0002337840269319713,21054
24436,0.00023380234779324383,16115
24437,0.0002338062331546098,18713
24438,0.00023381158825941384,26097
24439,0.00023382232757285237,6352
24440,0.00023384005180560052,5316
24441,0.00023384795349556953,23555
24442,0.00023385063104797155,16588
24443,0.00023385428357869387,16095
24444,0.00023386633256450295,11384
24445,0.00023390099522657692,23458
24446,0.00023390208662021905,2661
24447,0.000233903803746216,17756
24448,0.00023390429851133376,5399
24449,0.00023390974092762917,26140
24450,0.00023391167633235455,23411
24451,0.00023391451395582408,8896
24452,0.00023391479044221342,3053
24453,0.00023391758440993726,20259
24454,0.00023392548609990627,3234
24455,0.0002339264319743961,22406
24456,0.00023392826551571488,5069
24457,0.00023393768060486764,6914
24458,0.00023394687741529197,6039
24459,0.00023395191237796098,14784
24460,0.00023395697644446045,26046
24461,0.00023396214237436652,13055
24462,0.00023397784389089793,2624
24463,0.00023397801851388067,25929
24464,0.00023398397024720907,18231
24465,0.00023398399935103953,25351
24466,0.00023398509074468166,12450
24467,0.00023398581834044307,834
24468,0.00023400023928843439,2531
24469,0.00023400125792250037,15259
24470,0.0002340128121431917,308
24471,0.0002340181526960805,19489
24472,0.00023403526574838907,474
24473,0.00023404101375490427,18470
24474,0.00023404142120853066,11326
24475,0.00023404680541716516,22173
24476,0.00023406041145790368,18340
24477,0.00023406100808642805,3579
24478,0.00023406269610859454,17239
24479,0.00023408033302985132,16158
24480,0.00023408081324305385,12915
24481,0.0002340891514904797,22236
24482,0.0002341002254979685,19916
24483,0.00023411140136886388,17510
24484,0.0002341198269277811,14294
24485,0.00023412873269990087,7167
24486,0.00023413062444888055,20444
24487,0.00023413877352140844,22918
24488,0.00023415715259034187,6143
24489,0.00023416217300109565,23264
24490,0.00023416499607264996,2740
24491,0.0002341677318327129,25882
24492,0.00023417433840222657,12571
24493,0.00023418407363351434,20882
24494,0.00023419388162437826,15251
24495,0.00023419711214955896,24395
24496,0.00023420692014042288,9052
24497,0.0002342082152608782,5789
24498,0.0002342097577638924,23528
24499,0.0002342348307138309,27453
24500,0.00023425123072229326,23407
24501,0.00023425999097526073,11569
24502,0.00023426821280736476,12686
24503,0.0002342786465305835,21797
24504,0.00023430159490089864,6270
24505,0.0002343067608308047,10887
24506,0.00023430919100064784,11543
24507,0.00023431600129697472,22462
24508,0.00023431674344465137,13466
24509,0.00023433909518644214,8729
24510,0.00023434100148733705,15379
24511,0.0002343428204767406,19338
24512,0.0002343472879147157,8642
24513,0.00023435699404217303,1388
24514,0.00023435996263287961,19390
24515,0.00023436368792317808,15296
24516,0.0002343754458706826,23445
24517,0.00023437832714989781,1912
24518,0.00023438486095983535,14518
24519,0.000234397710300982,8921
24520,0.0002344029926462099,15927
24521,0.00023440552467945963,20550
24522,0.0002344225358683616,782
24523,0.00023443004465661943,26651
24524,0.0002344320237170905,15896
24525,0.0002344326494494453,15649
24526,0.00023443733516614884,10347
24527,0.00023443768441211432,4219
24528,0.00023444119142368436,18358
24529,0.00023444165708497167,23943
24530,0.00023444554244633764,13692
24531,0.0002344475797144696,1374
24532,0.00023445313854608685,15714
24533,0.00023445334227290004,1700
24534,0.00023445689294021577,12497
24535,0.00023446058912668377,491
24536,0.00023446680279448628,20678
24537,0.0002344793319934979,12513
24538,0.00023449229774996638,26481
24539,0.00023451018205378205,15077
24540,0.00023451363085769117,1626
24541,0.0002345139073440805,9114
24542,0.00023452061577700078,13394
24543,0.0002345298562431708,8709
24544,0.0002345468383282423,10486
24545,0.00023457547649741173,9254
24546,0.00023458014766220003,10028
24547,0.00023458270879928023,16047
24548,0.00023458441137336195,8975
24549,0.00023458752548322082,21909
24550,0.0002345902321394533,10470
24551,0.00023459298245143145,26385
24552,0.00023460236843675375,21516
24553,0.00023460524971596897,7251
24554,0.00023461497039534152,12182
24555,0.00023461859382223338,14804
24556,0.00023462151875719428,17460
24557,0.00023462236276827753,5666
24558,0.00023462784884031862,14343
24559,0.0002346323017263785,22148
24560,0.00023463244724553078,9128
24561,0.00023463249090127647,22048
24562,0.00023463508114218712,18393
24563,0.00023466878337785602,11346
24564,0.00023467325081583112,16219
24565,0.00023468439758289605,14041
24566,0.0002347027329960838,18130
24567,0.0002347049448871985,14761
24568,0.00023471619351767004,23487
24569,0.00023473647888749838,4611
24570,0.00023475175839848816,7643
24571,0.00023475558555219322,15088
24572,0.0002347578847547993,4962
24573,0.00023477277136407793,4014
24574,0.00023478771618101746,10916
24575,0.0002347967092646286,22579
24576,0.00023481021344196051,4497
24577,0.0002348131238250062,18334
24578,0.00023481508833356202,23630
24579,0.00023482817050535232,11056
24580,0.00023483645054511726,7700
24581,0.00023485430574510247,5528
24582,0.00023486331338062882,8527
24583,0.00023486361897084862,17681
24584,0.00023486794088967144,6338
24585,0.00023487349972128868,15398
24586,0.0002348745911149308,2636
24587,0.00023487588623538613,23644
24588,0.00023487613361794502,17664
24589,0.00023488429724238813,5349
24590,0.00023489574959967285,17708
24591,0.00023490077001042664,1517
24592,0.0002349210117245093,27694
24593,0.00023492354375775903,12706
24594,0.00023492780746892095,871
24595,0.0002349364076508209,1852
24596,0.00023494308697991073,23348
24597,0.00023494592460338026,10976
24598,0.0002349569695070386,504
24599,0.0002349810383748263,6458
24600,0.00023498180962633342,23718
24601,0.00023498600057791919,11885
24602,0.00023499969393014908,7262
24603,0.00023502206022385508,1120
24604,0.00023502255498897284,1422
24605,0.00023503006377723068,1116
24606,0.00023503364354837686,21268
24607,0.00023504302953369915,20232
24608,0.00023504784621763974,11555
24609,0.00023505554418079555,15767
24610,0.0002350597205804661,26214
24611,0.00023507048899773508,26726
24612,0.0002350734721403569,26533
24613,0.00023507396690547466,23460
24614,0.00023507459263782948,26206
24615,0.00023507526202593,19133
24616,0.0002350851718802005,19499
24617,0.00023508854792453349,12023
24618,0.00023509340826421976,5098
24619,0.00023509340826421976,12697
24620,0.00023511340259574354,24186
24621,0.00023511500330641866,7084
24622,0.0002351156872464344,18773
24623,0.00023513245105277747,20299
24624,0.00023513312044087797,22883
24625,0.00023513704945798963,14136
24626,0.0002351501170778647,12959
24627,0.0002351517032366246,23976
24628,0.00023515205248259008,5148
24629,0.00023515289649367332,16691
24630,0.00023517564113717526,12810
24631,0.00023517862427979708,17011
24632,0.00023517946829088032,12636
24633,0.00023520065587945282,26254
24634,0.00023520395916420966,13918
24635,0.00023521180264651775,7916
24636,0.00023521461116615683,1867
24637,0.00023522462288383394,24803
24638,0.0002352285955566913,5197
24639,0.00023523755953647196,11502
24640,0.0002352376322960481,3541
24641,0.00023525359574705362,21493
24642,0.0002352690789848566,3507
24643,0.00023527213488705456,23543
24644,0.00023527459416072816,13238
24645,0.00023527705343440175,4432
24646,0.0002352861629333347,16643
24647,0.00023528725432697684,16835
24648,0.00023529182362835854,10216
24649,0.00023530327598564327,22590
24650,0.00023530703037977219,6774
24651,0.00023530871840193868,15725
24652,0.00023531989427283406,17538
24653,0.00023532607883680612,14190
24654,0.00023533536295872182,9493
24655,0.00023533635248895735,296
24656,0.00023533652711194009,13606
24657,0.00023533737112302333,16705
24658,0.0002353385352762416,19820
24659,0.00023534735373687,16949
24660,0.00023534790670964867,26743
24661,0.0002353598247282207,26419
24662,0.00023536010121461004,942
24663,0.00023536091612186283,3476
24664,0.00023537062224932015,7005
24665,0.00023537350352853537,20691
24666,0.00023538857931271195,12098
24667,0.00023540365509688854,500
24668,0.00023540551774203777,23470
24669,0.00023541535483673215,18041
24670,0.00023541714472230524,839
24671,0.00023541766859125346,17102
24672,0.0002354209718760103,25254
24673,0.00023542290728073567,20946
24674,0.000235428917221725,13992
24675,0.00023543467978015542,6531
24676,0.00023543601855635643,644
24677,0.00023544044233858585,27042
24678,0.00023544096620753407,3227
24679,0.000235452112974599,5251
24680,0.00023546171723864973,4335
24681,0.00023546662123408169,14308
24682,0.0002355030446778983,11069
24683,0.00023550835612695664,5031
24684,0.0002355122851440683,27431
24685,0.00023551681078970432,1464
24686,0.00023553171195089817,8858
24687,0.00023553610662929714,6110
24688,0.00023553734354209155,9390
24689,0.00023553910432383418,11641
24690,0.00023554300423711538,23227
24691,0.00023555477673653513,8626
24692,0.00023556523956358433,17132
24693,0.00023557884560432285,20148
24694,0.00023557899112347513,5415
24695,0.00023560112458653748,1810
24696,0.00023561820853501558,11945
24697,0.00023562461137771606,15481
24698,0.0002356313489144668,27274
24699,0.0002356457698624581,18616
24700,0.00023564803996123374,675
24701,0.00023564840375911444,189
24702,0.00023566067102365196,9820
24703,0.00023566775780636817,15213
24704,0.00023568332835566252,25886
24705,0.00023568488541059196,17445
24706,0.00023570185294374824,11226
24707,0.00023570290068164468,21716
24708,0.00023573172802571207,18321
24709,0.00023573731596115977,20896
24710,0.00023575157683808357,8570
24711,0.0002357759076403454,4428
24712,0.00023578056425321847,14766
24713,0.00023578366381116211,23344
24714,0.0002357920748181641,12358
24715,0.00023580934794154018,26632
24716,0.0002358244964852929,17290
24717,0.00023582461290061474,25474
24718,0.00023583517759107053,27275
24719,0.000235841260291636,22868
24720,0.000235842599067837,17315
24721,0.0002358533238293603,27078
24722,0.00023585448798257858,11322
24723,0.00023585846065543592,4188
24724,0.0002358594792895019,4882
24725,0.00023586914176121354,10989
24726,0.00023587683972436935,19617
24727,0.0002358787605771795,24978
24728,0.00023588114709127694,10108
24729,0.00023590073396917433,8093
24730,0.00023591665376443416,20475
24731,0.0002359211939619854,7184
24732,0.00023592656361870468,22467
24733,0.00023593855439685285,9453
24734,0.00023594040249008685,16902
24735,0.00023594846425112337,22468
24736,0.00023595057427883148,10469
24737,0.00023597368272021413,11489
24738,0.00023597509425599128,3752
24739,0.00023597879044245929,12192
24740,0.00023598328698426485,3004
24741,0.00023599431733600795,6124
24742,0.00023601150314789265,3830
24743,0.00023601164866704494,11126
24744,0.00023601308930665255,12462
24745,0.00023601902648806572,2051
24746,0.000236021529417485,1768
24747,0.00023602237342856824,17700
24748,0.00023603261797688901,8359
24749,0.00023604562738910317,14241
24750,0.00023604781017638743,6003
24751,0.00023605054593645036,20243
24752,0.00023605547903571278,7722
24753,0.00023606032482348382,14841
24754,0.0002360725193284452,20929
24755,0.00023607433831784874,841
24756,0.0002360872458666563,10800
24757,0.00023608854098711163,10295
24758,0.00023609086929354817,6159
24759,0.000236095191212371,15109
24760,0.00023610533389728516,14590
24761,0.0002361140213906765,6433
24762,0.00023611898359376937,9600
24763,0.00023612157383468002,1581
24764,0.00023612388758920133,26668
24765,0.000236128646065481,27243
24766,0.00023612969380337745,11064
24767,0.0002361334190936759,26485
24768,0.0002361467049922794,16903
24769,0.00023614784004166722,19414
24770,0.00023615117243025452,5151
24771,0.00023615256941411644,21965
24772,0.00023615303507540375,6212
24773,0.0002361538354307413,19771
24774,0.00023616114049218595,20977
24775,0.00023616272665094584,19050
24776,0.0002361718361498788,19641
24777,0.000236177074839361,19017
24778,0.00023618708655703813,19264
24779,0.00023618729028385133,1916
24780,0.0002361923543503508,21498
24781,0.0002361994847888127,753
24782,0.00023620972933713347,5562
24783,0.0002362108789384365,3850
24784,0.00023621252330485731,13309
24785,0.00023621642321813852,24575
24786,0.00023623077140655369,9427
24787,0.00023623146989848465,17824
24788,0.00023624117602594197,13203
24789,0.00023624609457328916,6701
24790,0.00023625702306162566,2579
24791,0.00023627090558875352,26185
24792,0.00023627177870366722,15685
24793,0.00023627695918548852,15932
24794,0.00023628024791833013,15516
24795,0.0002362858795095235,3840
24796,0.00023629202041774988,12272
24797,0.00023631250951439142,5117
24798,0.00023631364456377923,24340
24799,0.00023631518706679344,18930
24800,0.0002363191160839051,25650
24801,0.00023633292585145682,11593
24802,0.00023635341494809836,19055
24803,0.00023636186961084604,14616
24804,0.00023636291734874249,21364
24805,0.0002363676903769374,26020
24806,0.00023637464619241655,8910
24807,0.0002363755920669064,8324
24808,0.00023637752747163177,2989
24809,0.00023638301354367286,20228
24810,0.00023638829588890076,12933
24811,0.00023638864513486624,16776
24812,0.00023640782455913723,16288
24813,0.00023641229199711233,19721
24814,0.00023641959705855697,20165
24815,0.000236425461480394,19257
24816,0.00023643240274395794,5390
24817,0.00023643250460736454,23510
24818,0.00023644001339562237,12180
24819,0.00023644641623832285,24632
24820,0.00023645635519642383,12673
24821,0.00023646466434001923,12350
24822,0.0002364765969105065,12940
24823,0.00023648366914130747,11013
24824,0.00023648510978091508,24107
24825,0.00023648918431717902,15748
24826,0.0002364997344557196,13183
24827,0.0002365404216106981,26009
24828,0.00023658112331759185,26938
24829,0.00023658238933421671,26655
24830,0.00023659293947275728,15180
24831,0.00023660021543037146,14550
24832,0.00023661117302253842,11271
24833,0.0002366143453400582,9842
24834,0.00023662066087126732,3531
24835,0.00023662115563638508,19068
24836,0.00023662441526539624,19031
24837,0.00023663010506425053,27371
24838,0.0002366355329286307,26201
24839,0.00023663879255764186,13051
24840,0.00023664628679398447,21600
24841,0.00023664651962462813,15420
24842,0.00023665172921027988,390
24843,0.00023665187472943217,7929
24844,0.00023666091146878898,23268
24845,0.00023667632194701582,4006
24846,0.00023667952336836606,17042
24847,0.00023669327492825687,16731
24848,0.00023669571965001523,25819
24849,0.00023669959045946598,10739
24850,0.00023670522205065936,3331
24851,0.00023671294911764562,9917
24852,0.00023672039969824255,14091
24853,0.0002367235574638471,3148
24854,0.00023673982650507241,22776
24855,0.00023676932323724031,3846
24856,0.0002367820852668956,8669
24857,0.00023678524303250015,7710
24858,0.000236789885093458,6924
24859,0.00023680439335294068,13007
24860,0.0002368102577747777,2965
24861,0.000236811742070131,23326
24862,0.0002368126151850447,256
24863,0.00023682860773988068,955
24864,0.00023683124163653702,24556
24865,0.00023683591280132532,7739
24866,0.0002368430868955329,15159
24867,0.00023685138148721308,18143
24868,0.00023685386986471713,13231
24869,0.0002368704735999927,18409
24870,0.00023687216162215918,25957
24871,0.00023687792418058962,25393
24872,0.00023688528744969517,17392
24873,0.00023690273519605398,26223
24874,0.00023691102978773415,20705
24875,0.00023691161186434329,24060
24876,0.00023692919057793915,9653
24877,0.00023694564879406244,24384
24878,0.00023694997071288526,5638
24879,0.0002369590220041573,4270
24880,0.00023696859716437757,7168
24881,0.00023697272990830243,16808
24882,0.00023697699361946434,19891
24883,0.00023697818687651306,3979
24884,0.00023698144650552422,4606
24885,0.00023699775920249522,17879
24886,0.00023700819292571396,7278
24887,0.00023700992460362613,11867
24888,0.00023701455211266875,17873
24889,0.0002370186266489327,9679
24890,0.00023702361795585603,5306
24891,0.000237061976804398,23517
24892,0.0002370682923356071,11574
24893,0.00023706963111180812,21155
24894,0.00023707673244643956,3827
24895,0.00023708358639851213,5158
24896,0.00023709212837275118,17812
24897,0.0002371121518081054,10860
24898,0.00023714062990620732,17970
24899,0.0002371579030295834,25281
24900,0.00023715822317171842,21876
24901,0.0002371608279645443,23189
24902,0.00023717351723462343,7078
24903,0.00023717618023511022,8607
24904,0.00023720676836092025,6793
24905,0.00023721835168544203,4364
24906,0.00023722098558209836,10352
24907,0.00023722604964859784,23169
24908,0.00023722992045804858,26524
24909,0.00023723571212030947,16794
24910,0.0002372407034272328,22380
24911,0.00023724412312731147,3799
24912,0.00023725535720586777,5639
24913,0.00023725611390545964,18542
24914,0.00023725800565443933,6823
24915,0.00023728400992695242,11249
24916,0.00023729290114715695,6174
24917,0.00023729325039312243,688
24918,0.00023730027896817774,15963
24919,0.0002373071329202503,24017
24920,0.0002373092429479584,2199
24921,0.00023730931570753455,12855
24922,0.00023732573026791215,5650
24923,0.0002373343741055578,10766
24924,0.00023733671696390957,5441
24925,0.00023733732814434916,4496
24926,0.00023735559079796076,26428
24927,0.0002373639290453866,18658
24928,0.00023736532602924854,12967
24929,0.0002373735624132678,17653
24930,0.00023738174058962613,7199
24931,0.00023740508186165243,4189
24932,0.00023740743927191943,25844
24933,0.0002374157920712605,22999
24934,0.00023742437770124525,20079
24935,0.00023742477060295641,10999
24936,0.0002374251780565828,6279
24937,0.00023742651683278382,15121
24938,0.00023743404017295688,11665
24939,0.00023743411293253303,22081
24940,0.00023743468045722693,13124
24941,0.0002374369214521721,1958
24942,0.00023744638019707054,1801
24943,0.00023744668578729033,2690
24944,0.00023744712234474719,15563
24945,0.00023744819918647408,22225
24946,0.0002374549221713096,7801
24947,0.0002374666801188141,23719
24948,0.00023747111845295876,24750
24949,0.00023747568775434047,25718
24950,0.00023749723914079368,27175
24951,0.00023751019034534693,18911
24952,0.00023751384287606925,15032
24953,0.00023751796106807888,3758
24954,0.00023752078413963318,23125
24955,0.00023752868582960218,17368
24956,0.00023754076391924173,23289
24957,0.0002375410549575463,14580
24958,0.00023755873553454876,9916
24959,0.00023755898291710764,27025
24960,0.00023755915754009038,7029
24961,0.00023757349117659032,2348
24962,0.00023759598843753338,8185
24963,0.00023759745818097144,13450
24964,0.0002375980548094958,10426
24965,0.00023760023759678006,18238
24966,0.0002376018965151161,3358
24967,0.00023760490876156837,8394
24968,0.00023760540352668613,6005
24969,0.00023761233023833483,26635
24970,0.00023761265038046986,1644
24971,0.00023761401826050133,12024
24972,0.00023763274657540023,5895
24973,0.0002376360062044114,11199
24974,0.000237644839216955,8853
24975,0.00023764964134898037,25043
24976,0.0002376549964537844,17887
24977,0.00023765793594066054,5282
24978,0.00023766141384840012,7861
24979,0.00023766419326420873,19214
24980,0.00023766900994814932,5223
24981,0.0002376703778281808,3228
24982,0.00023767355014570057,20224
24983,0.00023767775564920157,22695
24984,0.00023768145183566958,26886
24985,0.00023768757819198072,25660
24986,0.00023768887331243604,11287
24987,0.00023769881227053702,13883
24988,0.00023770509869791567,11123
24989,0.0002377471828367561,17743
24990,0.00023774878354743123,22847
24991,0.00023774911824148148,9115
24992,0.00023775786394253373,15094
24993,0.00023775940644554794,14821
24994,0.00023776193847879767,7050
24995,0.0002377640048507601,6217
24996,0.00023777525348123163,12992
24997,0.00023779462208040059,5278
24998,0.00023781722120475024,27515
24999,0.00023782462812960148,13597
25000,0.00023782593780197203,22220
25001,0.00023783286451362073,5663
25002,0.0002378444914938882,12032
25003,0.00023784677614457905,22043
25004,0.0002378532662987709,17638
25005,0.00023787871759850532,987
25006,0.00023788314138073474,7153
25007,0.00023788535327184945,11644
25008,0.00023788711405359209,12446
25009,0.00023788890393916517,20520
25010,0.0002378912759013474,26198
25011,0.00023789727129042149,21868
25012,0.0002379022043896839,19664
25013,0.0002379057405050844,15122
25014,0.00023794537992216647,11180
25015,0.00023794696608092636,23071
25016,0.00023795300512574613,15369
25017,0.00023795326706022024,24590
25018,0.0002379565266892314,17959
25019,0.00023796703317202628,16703
25020,0.00023797924222890288,27134
25021,0.0002379998186370358,5192
25022,0.00023799999326001853,26371
25023,0.00023800766211934388,5603
25024,0.00023801015049684793,27654
25025,0.00023801575298421085,3780
25026,0.0002380190562689677,26392
25027,0.0002380369114689529,10366
25028,0.00023805172531865537,9470
25029,0.00023805320961400867,6294
25030,0.00023806639364920557,4869
25031,0.0002380886726314202,4312
25032,0.0002381003141636029,1774
25033,0.00023810491256881505,2000
25034,0.00023811271239537746,10314
25035,0.00023811921710148454,2975
25036,0.0002381459198659286,13010
25037,0.00023814733140170574,4215
25038,0.00023815565509721637,19990
25039,0.0002381557278567925,27074
25040,0.00023817579494789243,18720
25041,0.00023819407215341926,4892
25042,0.00023823967785574496,3311
25043,0.00023824399977456778,19051
25044,0.00023824781237635761,9450
25045,0.00023826421238481998,10113
25046,0.00023826812685001642,19496
25047,0.00023827655240893364,24906
25048,0.0002382780221523717,4588
25049,0.00023827928816899657,4592
25050,0.00023830143618397415,9710
25051,0.00023831978614907712,1078
25052,0.00023832530132494867,1906
25053,0.00023833007435314357,9305
25054,0.00023833882005419582,14601
25055,0.000238342909142375,4697
25056,0.00023835428874008358,15375
25057,0.00023835833417251706,4191
25058,0.00023837604385334998,2217
25059,0.00023840536596253514,25997
25060,0.0002384280669502914,17139
25061,0.00023843372764531523,10701
25062,0.00023844257520977408,10269
25063,0.00023844806128181517,26063
25064,0.00023845340183470398,23596
25065,0.00023845427494961768,21640
25066,0.00023845596297178417,27113
25067,0.00023845909163355827,4923
25068,0.0002384671097388491,8660
25069,0.00023847421107348055,17244
25070,0.00023848636192269623,2860
25071,0.00023848902492318302,223
25072,0.0002384956751484424,18958
25073,0.00023850396974012256,20481
25074,0.00023851120204199106,8492
25075,0.00023851510195527226,13089
25076,0.00023852361482568085,11496
25077,0.00023852601589169353,14218
25078,0.00023853096354287118,21488
25079,0.00023854142636992037,23526
25080,0.00023854305618442595,14992
25081,0.0002385501575190574,27393
25082,0.00023855840845499188,3629
25083,0.00023856459301896393,22505
25084,0.0002385671978117898,17123
25085,0.0002385877160122618,17770
25086,0.0002385955594945699,12734
25087,0.00023859675275161862,16315
25088,0.0002386128035141155,1512
25089,0.00023864649119786918,11478
25090,0.00023864708782639354,9003
25091,0.00023865779803600162,24373
25092,0.00023868067364674062,4968
25093,0.00023869048163760453,12836
25094,0.00023869455617386848,16711
25095,0.00023871343000791967,27057
25096,0.0002387159620411694,12459
25097,0.00023872312158346176,5622
25098,0.00023872507154010236,10365
25099,0.00023872523161116987,22730
25100,0.0002387261192779988,18060
25101,0.00023873230384197086,23636
25102,0.0002387334534432739,3221
25103,0.00023874074395280331,3545
25104,0.0002387427375651896,4825
25105,0.00023875306942500174,21090
25106,0.00023876791237853467,13508
25107,0.0002387801359873265,10906
25108,0.00023878589854575694,3637
25109,0.00023878666979726404,18593
25110,0.0002387876302236691,7865
25111,0.00023878997308202088,23266
25112,0.00023879337823018432,16374
25113,0.0002388021384831518,3996
25114,0.00023880765365902334,16212
25115,0.00023881006927695125,10460
25116,0.0002388150751357898,22062
25117,0.00023882198729552329,12663
25118,0.00023882354435045272,19851
25119,0.00023883201356511563,13959
25120,0.00023883981339167804,60
25121,0.00023884690017439425,15505
25122,0.00023885130940470845,6351
25123,0.0002388618013355881,23219
25124,0.0002388662105659023,23557
25125,0.00023886747658252716,1232
25126,0.00023888429859653115,24058
25127,0.00023892472381703556,10296
25128,0.00023893381876405329,24610
25129,0.00023894739570096135,4239
25130,0.00023897364735603333,16204
25131,0.00023898734070826322,19321
25132,0.00023899093503132463,16655
25133,0.00023899227380752563,14751
25134,0.00023899436928331852,1952
25135,0.00023900167434476316,11058
25136,0.00023900695668999106,23491
25137,0.00023901100212242454,7435
25138,0.00023901183158159256,12573
25139,0.00023902709654066712,26931
25140,0.0002390336012467742,11255
25141,0.00023903489636722952,24788
25142,0.00023903959663584828,17226
25143,0.0002390669542364776,15207
25144,0.00023907081049401313,17628
25145,0.00023908421280793846,25233
25146,0.0002390878216829151,27757
25147,0.00023908796720206738,19411
25148,0.00023909291485324502,25308
25149,0.00023909882293082774,17108
25150,0.00023910652089398354,18244
25151,0.00023911571770440787,9860
25152,0.0002391203015577048,1686
25153,0.00023912268807180226,17534
25154,0.00023912549659144133,26356
25155,0.00023912877077236772,10827
25156,0.0002391296875430271,15241
25157,0.00023913502809591591,17489
25158,0.0002391367161180824,24644
25159,0.00023913772020023316,25082
25160,0.00023914437042549253,12052
25161,0.00023915361089166254,2336
25162,0.0002391564630670473,12929
25163,0.00023915931524243206,11157
25164,0.00023916787176858634,9630
25165,0.00023918479564599693,16958
25166,0.0002391917078057304,18222
25167,0.00023920077364891768,24972
25168,0.00023921107640489936,15576
25169,0.00023921282263472676,12931
25170,0.00023922741820570081,25197
25171,0.00023925011919345707,10927
25172,0.00023925247660372406,3465
25173,0.00023925493587739766,11439
25174,0.0002392570168012753,5769
25175,0.00023925714776851237,11559
25176,0.00023926395806483924,5776
25177,0.00023926894937176257,26795
25178,0.00023927169968374074,915
25179,0.0002392726019024849,17414
25180,0.00023927351867314428,21196
25181,0.00023927759320940822,14670
25182,0.00023928642622195184,17334
25183,0.0002392888127360493,5626
25184,0.00023929725284688175,14524
25185,0.00023930426687002182,15457
25186,0.0002393043105257675,15784
25187,0.00023931317264214158,22665
25188,0.00023931665054988116,25527
25189,0.00023933516058605164,1776
25190,0.00023933562624733895,23430
25191,0.0002393360045971349,16783
25192,0.00023933991906233132,11659
25193,0.0002393410395598039,59
25194,0.0002393559698248282,42
25195,0.00023935643548611552,15604
25196,0.00023938184313010424,23881
25197,0.00023938390950206667,27708
25198,0.00023940349637996405,9785
25199,0.00023940802202560008,26628
25200,0.00023942207917571068,5762
25201,0.00023942461120896041,17227
25202,0.00023942779807839543,18581
25203,0.0002394279872532934,7031
25204,0.00023943062114994973,11360
25205,0.00023943294945638627,14289
25206,0.00023943377891555429,24153
25207,0.00023944021086208522,18617
25208,0.00023944534768816084,24681
25209,0.0002394508192082867,4385
25210,0.00023945244902279228,26123
25211,0.00023945403518155217,27392
25212,0.0002394543116679415,18229
25213,0.00023945690190885216,24230
25214,0.0002394648763583973,8234
25215,0.000239489134401083,6878
25216,0.0002395026240264997,1364
25217,0.0002395234623691067,25936
25218,0.0002395437186351046,15826
25219,0.00023956473160069436,5737
25220,0.00023956723453011364,25359
25221,0.0002395798801444471,7116
25222,0.000239579938352108,86
25223,0.00023958213569130749,8702
25224,0.0002395874325884506,10359
25225,0.00023958877136465162,18451
25226,0.00023959140526130795,17499
25227,0.00023961611441336572,17818
25228,0.00023961701663210988,12757
25229,0.0002396308263996616,18901
25230,0.00023963494459167123,19221
25231,0.00023963884450495243,4949
25232,0.00023965076252352446,4713
25233,0.00023965979926288128,27726
25234,0.000239666536799632,16852
25235,0.00023967814922798425,21545
25236,0.00023969767789822072,25075
25237,0.00023970098118297756,17410
25238,0.00023970937763806432,10786
25239,0.00023971739574335515,17336
25240,0.00023972119379322976,3553
25241,0.0002397297357674688,23483
25242,0.00023974108626134694,8705
25243,0.0002397456846665591,20657
25244,0.00023974642681423575,25635
25245,0.000239757529925555,4990
25246,0.00023976957891136408,17691
25247,0.00023977247474249452,2372
25248,0.0002397745120106265,20403
25249,0.00023980184050742537,20646
25250,0.0002398047363385558,7079
25251,0.00023981471895240247,15493
25252,0.00023982132552191615,18973
25253,0.00023982497805263847,15053
25254,0.00023982698621693999,12607
25255,0.0002398298674961552,9864
25256,0.0002398362848907709,22407
25257,0.0002398426877334714,2759
25258,0.00023984395375009626,18169
25259,0.00023985188454389572,12340
25260,0.00023985873849596828,15418
25261,0.00023986752785276622,245
25262,0.00023987040913198143,7169
25263,0.00023987294116523117,8712
25264,0.00023987663735169917,24229
25265,0.00023988138127606362,6692
25266,0.00023989990586414933,27204
25267,0.0002399073855485767,16331
25268,0.0002399098448222503,20311
25269,0.00023991528723854572,19810
25270,0.00023991570924408734,11967
25271,0.00023991665511857718,22931
25272,0.0002399316435912624,6230
25273,0.000239949906244874,22588
25274,0.00023995511583052576,7754
25275,0.0002399593940936029,18328
25276,0.00023996348318178207,2966
25277,0.0002400084340479225,5121
25278,0.00024001904239412397,25890
25279,0.00024003154248930514,24050
25280,0.0002400506054982543,25044
25281,0.00024005721206776798,3334
25282,0.00024005805607885122,13819
25283,0.00024005865270737559,13104
25284,0.00024007867614272982,22192
25285,0.00024007952015381306,2477
25286,0.000240085952100344,4853
25287,0.00024009983462747186,17142
25288,0.0002401086239842698,4596
25289,0.00024011885398067534,12556
25290,0.00024012623180169612,9247
25291,0.00024012869107536972,20147
25292,0.00024014274822548032,5655
25293,0.0002401446836302057,5616
25294,0.00024014548398554325,1
25295,0.00024014651717152447,15583
25296,0.00024015730014070868,14898
25297,0.0002401660749455914,10856
25298,0.0002401784877292812,23068
25299,0.0002401836245553568,3668
25300,0.00024020063574425876,20701
25301,0.00024022172146942466,27767
25302,0.000240225694142282,11908
25303,0.00024023053993005306,26065
25304,0.00024024797312449664,7060
25305,0.0002402508835075423,12947
25306,0.0002402589307166636,8442
25307,0.00024026300525292754,9219
25308,0.00024026479513850063,18215
25309,0.00024026620667427778,27657
25310,0.00024026758910622448,13927
25311,0.00024027049948927015,18864
25312,0.00024027949257288128,25637
25313,0.0002402916579740122,27696
25314,0.00024029762425925583,9132
25315,0.00024030712665989995,11239
25316,0.00024031483917497098,27152
25317,0.00024032349756453186,15751
25318,0.00024033487716224045,15198
25319,0.00024034443777054548,23044
25320,0.00024035375099629164,16827
25321,0.000240354347624816,26517
25322,0.0002403614780632779,26014
25323,0.00024036713875830173,8356
25324,0.00024037164985202253,15519
25325,0.00024038161791395396,8201
25326,0.00024038228730205446,4086
25327,0.00024039142590481788,17981
25328,0.00024039357958827168,9901
25329,0.00024040337302722037,14069
25330,0.00024041347205638885,5307
25331,0.00024041743017733097,17919
25332,0.00024044101883191615,6902
25333,0.00024044141173362732,6431
25334,0.00024045666214078665,9524
25335,0.0002404729020781815,18053
25336,0.00024047728220466524,7841
25337,0.00024048586783464998,16507
25338,0.0002404883853159845,11926
25339,0.0002404911065241322,16124
25340,0.0002404912083875388,9454
25341,0.00024050068168435246,18872
25342,0.00024050171487033367,22616
25343,0.0002405029081273824,2699
25344,0.00024051067885011435,12650
25345,0.00024052521621342748,23968
25346,0.0002405283594271168,23554
25347,0.00024055804533418268,23659
25348,0.00024056219263002276,2613
25349,0.00024057220434769988,3271
25350,0.00024057741393335164,5546
25351,0.00024058451526798308,18394
25352,0.00024059820862021297,26722
25353,0.00024059828137978911,17259
25354,0.00024061054864432663,17794
25355,0.00024062275770120323,2838
25356,0.00024063314776867628,9688
25357,0.00024063354067038745,14130
25358,0.00024063503951765597,21097
25359,0.00024063575256150216,22691
25360,0.000240645618760027,13487
25361,0.00024064566241577268,4774
25362,0.00024064660829026252,3889
25363,0.00024067128833848983,10657
25364,0.00024068097991403192,26173
25365,0.00024068298807833344,2644
25366,0.00024070084327831864,20032
25367,0.0002407164720352739,4193
25368,0.00024071942607406527,16389
25369,0.0002407494466751814,16746
25370,0.00024076578847598284,13118
25371,0.00024077871057670563,22765
25372,0.00024078511341940612,22736
25373,0.0002407851570751518,6103
25374,0.0002407880238024518,8555
25375,0.0002408051077509299,20308
25376,0.00024081006995402277,17772
25377,0.00024081520678009838,5796
25378,0.00024081759329419583,4643
25379,0.0002408361033303663,5382
25380,0.00024083729658741504,22634
25381,0.00024083744210656732,7449
25382,0.0002408586733508855,25426
25383,0.00024086239864118397,11508
25384,0.000240876674070023,15793
25385,0.00024088032660074532,20005
25386,0.00024088140344247222,5602
25387,0.00024088157806545496,17589
25388,0.00024090189253911376,2308
25389,0.00024090561782941222,26286
25390,0.00024090717488434166,21603
25391,0.00024090836814139038,14119
25392,0.0002409149456070736,24345
25393,0.0002409246371826157,20739
25394,0.00024092562671285123,11197
25395,0.00024094420950859785,3929
25396,0.00024095458502415568,24692
25397,0.0002409576700301841,11316
25398,0.00024097194545902312,20283
25399,0.00024097661662381142,21170
25400,0.0002409771695965901,5005
25401,0.0002409850130788982,26071
25402,0.000241007684962824,14566
25403,0.00024107265926431865,16658
25404,0.00024107337230816483,13678
25405,0.00024108226352836937,2321
25406,0.0002411005407338962,25814
25407,0.00024112145183607936,4940
25408,0.00024112313985824585,20230
25409,0.00024113185645546764,11602
25410,0.00024114428379107267,18310
25411,0.0002411465102341026,13635
25412,0.00024115029373206198,2787
25413,0.00024115711858030409,25332
25414,0.00024115940323099494,7337
25415,0.0002411719469819218,7204
25416,0.00024121449678204954,17458
25417,0.00024121871683746576,22916
25418,0.00024122532340697944,8548
25419,0.00024124501214828342,16709
25420,0.00024125140043906868,8450
25421,0.00024126451171468943,8393
25422,0.0002412865578662604,20464
25423,0.00024129262601491064,26001
25424,0.0002412940375506878,6865
25425,0.00024130508245434612,3948
25426,0.00024132788530550897,337
25427,0.00024132957332767546,15766
25428,0.00024135356943588704,15352
25429,0.00024138200387824327,9222
25430,0.0002413894544588402,23392
25431,0.00024139742890838534,18790
25432,0.00024140144523698837,16581
25433,0.00024140661116689444,20156
25434,0.00024142488837242126,11733
25435,0.00024145549105014652,14787
25436,0.00024145569477695972,10267
25437,0.00024146721989382058,15566
25438,0.0002414846239844337,26929
25439,0.0002414910268271342,13078
25440,0.00024149245291482657,9245
25441,0.00024149396631401032,6251
25442,0.00024150789249688387,23143
25443,0.0002415183262201026,23944
25444,0.00024152497644536197,20883
25445,0.00024152691185008734,23329
25446,0.00024152841069735587,8501
25447,0.00024152905098162591,7362
25448,0.0002415322815068066,9797
25449,0.00024153536651283503,12740
25450,0.00024154102720785886,11310
25451,0.00024154444690793753,2997
25452,0.00024154588754754514,12117
25453,0.00024158277665264904,7112
25454,0.00024159943859558553,18488
25455,0.00024160977045539767,17421
25456,0.00024162561749108136,20943
25457,0.00024162893532775342,14935
25458,0.00024163624038919806,6629
25459,0.000241643690969795,23365
25460,0.00024164424394257367,4503
25461,0.00024165591457858682,25565
25462,0.00024167084484361112,15621
25463,0.0002416715578874573,1419
25464,0.00024167342053260654,874
25465,0.0002416786301182583,22735
25466,0.00024169005337171257,2337
25467,0.00024169862444978207,20986
25468,0.00024170080723706633,13834
25469,0.00024170224787667394,8912
25470,0.00024170734104700387,23093
25471,0.00024171698896680027,698
25472,0.00024172087432816625,11747
25473,0.00024173832207452506,20899
25474,0.00024173960264306515,2845
25475,0.00024177379964385182,16106
25476,0.00024180756008718163,27191
25477,0.00024180820037145168,3654
25478,0.0002418141666566953,14447
25479,0.00024181803746614605,9900
25480,0.00024181853223126382,24626
25481,0.00024182265042327344,15206
25482,0.00024182419292628765,6176
25483,0.00024182797642424703,16131
25484,0.00024182876222766936,25139
25485,0.00024182938796002418,23310
25486,0.00024182998458854854,9084
25487,0.00024184421636164188,2120
25488,0.00024184619542211294,19113
25489,0.00024184942594729364,19228
25490,0.00024185205984394997,27463
25491,0.0002418660733383149,10283
25492,0.0002418686490273103,16730
25493,0.00024187089002225548,13527
25494,0.00024187707458622754,11850
25495,0.00024188747920561582,19632
25496,0.00024188851239159703,8685
25497,0.00024188861425500363,15252
25498,0.0002418956282781437,14125
25499,0.0002419102529529482,26375
25500,0.0002419175289105624,15641
25501,0.0002419251250103116,2194
25502,0.0002419264637865126,7026
25503,0.00024193915305659175,21368
25504,0.00024194842262659222,2151
25505,0.0002419598022243008,24076
25506,0.000241972113144584,9156
25507,0.00024197236052714288,7547
25508,0.00024197956372518092,2687
25509,0.00024198731989599764,17100
25510,0.0002420022210571915,20203
25511,0.0002420486562186852,11540
25512,0.0002420706587145105,17631
25513,0.0002420745586277917,5516
25514,0.0002421005192445591,2153
25515,0.00024210527772083879,3508
25516,0.00024211739946622401,23720
25517,0.00024212207063101232,14335
25518,0.00024213292635977268,2513
25519,0.0002421551471343264,13982
25520,0.00024218529870267957,23191
25521,0.00024218743783421814,16565
25522,0.00024218842736445367,7180
25523,0.0002421927056275308,2322
25524,0.0002421943354420364,15001
25525,0.00024220338673330843,22338
25526,0.00024221930652856827,17685
25527,0.00024222258070949465,19395
25528,0.00024223218497354537,9826
25529,0.00024223844229709357,22499
25530,0.00024225407105404884,11203
25531,0.00024225491506513208,19681
25532,0.00024228128313552588,7613
25533,0.0002423072437522933,21964
25534,0.00024230900453403592,18333
25535,0.00024232800933532417,26347
25536,0.0002423280820949003,21282
25537,0.00024233174917753786,23309
25538,0.00024233979638665915,2990
25539,0.00024236874014604837,3319
25540,0.00024238150217570364,3826
25541,0.00024238174955826253,24985
25542,0.0002423851692583412,16760
25543,0.00024241134815383703,10158
25544,0.00024241182836703956,5340
25545,0.0002424260601401329,16025
25546,0.00024242627841886133,20066
25547,0.00024244403175543994,25567
25548,0.00024244975065812469,10061
25549,0.00024245923850685358,7508
25550,0.000242470734519884,6654
25551,0.00024248364206869155,15956
25552,0.00024249835405498743,9458
25553,0.00024250046408269554,23678
25554,0.00024252606090158224,13111
25555,0.00024252985895145684,17280
25556,0.00024253195442724973,26913
25557,0.0002425553248031065,22488
25558,0.0002425618004053831,4157
25559,0.00024256567121483386,6707
25560,0.00024259609926957637,4899
25561,0.00024259831116069108,6211
25562,0.00024261813086923212,11509
25563,0.00024261900398414582,22014
25564,0.0002426222781650722,17444
25565,0.00024262748775072396,15231
25566,0.00024263349769171327,15740
25567,0.00024263482191599905,6436
25568,0.0002426393621135503,11048
25569,0.0002426519786240533,21369
25570,0.00024265363754238933,14702
25571,0.00024268071865662932,23701
25572,0.00024268269771710038,3542
25573,0.0002427027648082003,17857
25574,0.00024270356516353786,21340
25575,0.00024272332666441798,21583
25576,0.00024273629242088646,4994
25577,0.0002427460567560047,17712
25578,0.0002427467261441052,7090
25579,0.00024275931355077773,6170
25580,0.00024277101329062134,22060
25581,0.00024277287593577057,15391
25582,0.000242813111981377,1557
25583,0.00024282754748128355,8378
25584,0.00024283961101900786,126
25585,0.00024283981474582106,21605
25586,0.0002428647130727768,18859
25587,0.00024288486747536808,12835
25588,0.00024289070279337466,3495
25589,0.0002428923617117107,26647
25590,0.0002428973966743797,19824
25591,0.0002429104206385091,25144
25592,0.0002429234591545537,2111
25593,0.0002429329906590283,10159
25594,0.0002429451560601592,10039
25595,0.00024294784816447645,23002
25596,0.00024295752518810332,10441
25597,0.00024295877665281296,1507
25598,0.00024295973707921803,12296
25599,0.00024298109929077327,2063
25600,0.00024298933567479253,19595
25601,0.0002429970627417788,24976
25602,0.00024300777295138687,16826
25603,0.00024301395751535892,7992
25604,0.0002430188178550452,11096
25605,0.0002430204040138051,17285
25606,0.00024306181876454502,17724
25607,0.00024306612613145262,11966
25608,0.00024307648709509522,18533
25609,0.00024307753483299166,24921
25610,0.00024309313448611647,3755
25611,0.00024309543368872255,11727
25612,0.00024310052685905248,15886
25613,0.0002431095635984093,6017
25614,0.00024312178720720112,1757
25615,0.00024312442110385746,16603
25616,0.00024314156325999647,9067
25617,0.00024316350754816085,26864
25618,0.00024317330098710954,13600
25619,0.0002431801549391821,3143
25620,0.00024319147632922977,21412
25621,0.0002431987813906744,27320
25622,0.00024321074306499213,6929
25623,0.00024321080127265304,600
25624,0.00024324866535607725,15131
25625,0.00024326345010194927,9915
25626,0.00024327047867700458,26727
25627,0.00024327979190275073,9258
25628,0.00024329638108611107,382
25629,0.00024329693405888975,3189
25630,0.00024330122687388211,27318
25631,0.00024332031898666173,21234
25632,0.00024332889006473124,17527
25633,0.00024333644250873476,17816
25634,0.00024334694899152964,15909
25635,0.00024335432681255043,21240
25636,0.00024335601483471692,19747
25637,0.000243358823354356,2165
25638,0.00024336291244253516,11901
25639,0.00024337999639101326,16884
25640,0.00024339793890248984,7080
25641,0.00024340275558643043,11213
25642,0.00024340978416148573,12258
25643,0.000243424903601408,14924
25644,0.00024342873075511307,23870
25645,0.00024344156554434448,21463
25646,0.00024346215650439262,24979
25647,0.000243468297412619,20333
25648,0.00024348418810404837,5948
25649,0.0002434891212033108,16037
25650,0.0002434959023958072,24116
25651,0.0002434980997350067,23029
25652,0.00024350348394364119,11784
25653,0.00024352910986635834,566
25654,0.00024353992193937302,12049
25655,0.0002435400092508644,8420
25656,0.00024355525965802372,26321
25657,0.00024357029178645462,27673
25658,0.0002435854112263769,10480
25659,0.00024359025701414794,13802
25660,0.00024359738745260984,5935
25661,0.00024360079260077327,1781
25662,0.00024362832482438534,21615
25663,0.0002436885260976851,17553
25664,0.00024369359016418457,18299
25665,0.0002437180810375139,22564
25666,0.00024372201005462557,7964
25667,0.00024372297048103064,5959
25668,0.0002437309449305758,17666
25669,0.0002437322837067768,14983
25670,0.0002437416260363534,11269
25671,0.00024374396889470518,9704
25672,0.00024374514759983867,20264
25673,0.00024375697830691934,3431
25674,0.00024376288638450205,7712
25675,0.00024376767396461219,7635
25676,0.00024378299713134766,2963
25677,0.0002437938383081928,22020
25678,0.00024380197282880545,25052
25679,0.0002438193332636729,23300
25680,0.00024383848358411342,14619
25681,0.00024383999698329717,12782
25682,0.00024385395227000117,5333
25683,0.00024386604491155595,24279
25684,0.00024392092018388212,26571
25685,0.00024392401974182576,5286
25686,0.00024393456988036633,17575
25687,0.00024393470084760338,14214
25688,0.00024396419757977128,13365
25689,0.00024397560628131032,14709
25690,0.00024397920060437173,11756
25691,0.0002439899544697255,27165
25692,0.00024401202972512692,25862
25693,0.0002440546959405765,19898
25694,0.000244078240939416,12372
25695,0.00024408104945905507,15099
25696,0.0002441118995193392,5265
25697,0.00024412863422185183,16659
25698,0.00024413724895566702,25448
25699,0.00024414746440015733,9830
25700,0.00024416111409664154,23822
25701,0.00024416501400992274,3487
25702,0.00024416507221758366,22240
25703,0.000244165858021006,22266
25704,0.000244173250393942,6766
25705,0.0002441752003505826,13672
25706,0.00024417618988081813,2367
25707,0.0002441841643303633,4885
25708,0.0002442006370984018,13671
25709,0.0002442190598230809,12668
25710,0.00024422508431598544,15527
25711,0.0002442520926706493,20908
25712,0.0002442593686282635,8518
25713,0.0002442771219648421,20706
25714,0.00024431481142528355,2444
25715,0.00024431810015812516,25668
25716,0.0002443185949232429,26144
25717,0.0002443247940391302,22038
25718,0.0002443252014927566,5498
25719,0.0002443363191559911,5491
25720,0.00024434219812974334,25783
25721,0.0002443717385176569,15199
25722,0.00024437697720713913,27096
25723,0.0002443919365759939,17648
25724,0.00024439868866465986,26106
25725,0.0002444131241645664,18151
25726,0.000244427181314677,19623
25727,0.00024442962603643537,1262
25728,0.00024448271142318845,10088
25729,0.00024448364274576306,8572
25730,0.00024449240299873054,19290
25731,0.0002444943238515407,5141
25732,0.0002444945275783539,7017
25733,0.00024451411445625126,27534
25734,0.00024451728677377105,13372
25735,0.00024452741490677,16968
25736,0.00024453268270008266,627
25737,0.0002445344580337405,21944
25738,0.0002445420832373202,2082
25739,0.00024454231606796384,25187
25740,0.0002445475838612765,14235
25741,0.0002445812860969454,17258
25742,0.00024458346888422966,11027
25743,0.0002445870195515454,24507
25744,0.0002445872814860195,3136
25745,0.0002445952268317342,4638
25746,0.00024460250278934836,23062
25747,0.00024461050634272397,25354
25748,0.0002446314611006528,4710
25749,0.0002446343132760376,25310
25750,0.0002446383296046406,25432
25751,0.0002446396101731807,26398
25752,0.0002446538710501045,25484
25753,0.0002447089646011591,21680
25754,0.00024472878430970013,18159
25755,0.0002447482547722757,14829
25756,0.00024481856962665915,1013
25757,0.0002448187442496419,4766
25758,0.00024482281878590584,22005
25759,0.00024482503067702055,26228
25760,0.0002448373124934733,20108
25761,0.00024487386690452695,17246
25762,0.0002448739542160183,6880
25763,0.0002448792802169919,16817
25764,0.0002448873419780284,23810
25765,0.00024490593932569027,25269
25766,0.00024490978103131056,11726
25767,0.00024492552620358765,13152
25768,0.00024494112585671246,15149
25769,0.0002449417661409825,22987
25770,0.0002449425228405744,10434
25771,0.00024495302932336926,15985
25772,0.0002449631574563682,1281
25773,0.00024496333207935095,3992
25774,0.0002449646999593824,27730
25775,0.00024497712729498744,24201
25776,0.00024498323909938335,16661
25777,0.0002450345200486481,17032
25778,0.00024505009059794247,21928
25779,0.00024505515466444194,9168
25780,0.00024507229682058096,721
25781,0.00024508312344551086,3554
25782,0.00024508830392733216,5885
25783,0.0002450886822771281,15735
25784,0.0002451004693284631,17177
25785,0.00024512092932127416,16447
25786,0.0002451604523230344,18996
25787,0.00024516653502359986,14825
25788,0.00024517616839148104,7208
25789,0.0002451823675073683,1817
25790,0.0002452043700031936,17404
25791,0.00024521167506463826,18967
25792,0.0002452154003549367,23985
25793,0.0002452419721521437,24680
25794,0.00024526039487682283,23477
25795,0.0002452628395985812,3426
25796,0.0002452649350743741,16322
25797,0.0002452733169775456,12445
25798,0.000245287170400843,20651
25799,0.0002453050692565739,2601
25800,0.0002453059714753181,16883
25801,0.0002453173219691962,11916
25802,0.000245320814428851,15075
25803,0.0002453294291626662,26018
25804,0.00024533001123927534,25523
25805,0.00024533216492272913,20724
25806,0.0002453362103551626,11879
25807,0.00024536644923500717,25135
25808,0.00024536839919164777,3170
25809,0.0002453783235978335,13042
25810,0.0002453816996421665,18694
25811,0.0002453837951179594,18176
25812,0.0002453902561683208,9528
25813,0.00024541065795347095,16333
25814,0.0002454191562719643,13421
25815,0.00024541938910260797,18072
25816,0.00024542241590097547,24539
25817,0.0002454329514876008,14976
25818,0.00024544046027585864,3320
25819,0.0002454754139762372,15427
25820,0.0002454769564792514,24286
25821,0.00024548586225137115,20618
25822,0.00024550064699724317,22508
25823,0.0002455121430102736,16768
25824,0.0002455174981150776,12179
25825,0.00024552291142754257,4933
25826,0.0002455437497701496,26972
25827,0.0002455518115311861,9995
25828,0.00024555245181545615,20592
25829,0.000245590548729524,22779
25830,0.00024560000747442245,11087
25831,0.0002456021902617067,2703
25832,0.00024560559540987015,25256
25833,0.0002456617366988212,16555
25834,0.00024569398374296725,10890
25835,0.00024569747620262206,10794
25836,0.00024570937966927886,26105
25837,0.00024570946698077023,14958
25838,0.00024571784888394177,23873
25839,0.0002457238151691854,24383
25840,0.0002457307418808341,23742
25841,0.00024574543931521475,21201
25842,0.0002457833325024694,4256
25843,0.00024579139426350594,25690
25844,0.000245796050876379,7197
25845,0.000245800765696913,1267
25846,0.00024580437457188964,19482
25847,0.00024581069010309875,23520
25848,0.0002458122035022825,7585
25849,0.00024582628975622356,22288
25850,0.00024583557387813926,15769
25851,0.0002458547241985798,24623
25852,0.00024586429935880005,17014
25853,0.0002458843227941543,10819
25854,0.0002458847884554416,8560
25855,0.0002458957314956933,20385
25856,0.0002459028037264943,1967
25857,0.0002459118259139359,24688
25858,0.00024592297268100083,18844
25859,0.00024593021953478456,11564
25860,0.0002459485549479723,20656
25861,0.000245977018494159,20684
25862,0.0002459856041241437,22992
25863,0.0002459904062561691,13706
25864,0.00024599299649707973,10563
25865,0.00024600402684882283,4759
25866,0.00024603368365205824,16785
25867,0.00024603542988188565,20837
25868,0.0002460442192386836,8289
25869,0.0002460480900481343,18412
25870,0.00024606884107925,15929
25871,0.00024607585510239005,19497
25872,0.00024608339299447834,25247
25873,0.0002460856921970844,22033
25874,0.0002460914256516844,7281
25875,0.0002460998948663473,20115
25876,0.0002461013791617006,13432
25877,0.00024610667605884373,13127
25878,0.0002461309195496142,21179
25879,0.0002461452386341989,6247
25880,0.0002461613912601024,20037
25881,0.00024616526206955314,22808
25882,0.00024617722374387085,9134
25883,0.0002462053671479225,8154
25884,0.0002462170959915966,18433
25885,0.00024623482022434473,7589
25886,0.0002462374104652554,15717
25887,0.00024627690436318517,16492
25888,0.00024630181724205613,19538
25889,0.00024630309781059623,20289
25890,0.00024630408734083176,13767
25891,0.0002463128184899688,14903
25892,0.0002463174459990114,9497
25893,0.00024631808628328145,23796
25894,0.0002463342680130154,11455
25895,0.0002463379059918225,15165
25896,0.000246351701207459,4247
25897,0.000246382609475404,4389
25898,0.00024638912873342633,15655
25899,0.0002463898854330182,20339
25900,0.00024639556067995727,20469
25901,0.00024639573530294,9758
25902,0.0002464026038069278,3242
25903,0.0002464121498633176,16519
25904,0.00024641735944896936,26871
25905,0.00024642079370096326,26697
25906,0.0002464317949488759,20884
25907,0.00024644951918162405,4022
25908,0.0002464882854837924,18129
25909,0.00024651625426486135,13757
25910,0.00024653456057421863,11928
25911,0.0002465379366185516,7032
25912,0.000246572308242321,4294
25913,0.0002465868601575494,27538
25914,0.0002465936995577067,8171
25915,0.00024659454356878996,19669
25916,0.0002466001024004072,7736
25917,0.00024660147028043866,21003
25918,0.00024660458439029753,9531
25919,0.00024663531803525984,15275
25920,0.0002466360165271908,13679
25921,0.00024664244847372174,1693
25922,0.00024665455566719174,3298
25923,0.00024667190155014396,10334
25924,0.0002466879377607256,23486
25925,0.00024669020785950124,7815
25926,0.0002466979203745723,11728
25927,0.0002467067097313702,980
25928,0.0002467069134581834,12094
25929,0.0002467272861395031,15480
25930,0.0002467371814418584,9051
25931,0.0002467595913913101,15759
25932,0.0002467630838509649,23004
25933,0.00024676675093360245,12227
25934,0.0002467704762239009,9436
25935,0.00024678633781149983,20465
25936,0.0002467867743689567,26510
25937,0.00024679829948581755,27337
25938,0.00024680650676600635,20551
25939,0.0002468066813889891,211
25940,0.00024680973729118705,15591
25941,0.0002468505990691483,13194
25942,0.00024685298558324575,23634
25943,0.000246878043981269,8991
25944,0.0002468876773491502,7024
25945,0.00024689026759006083,13121
25946,0.000246899580815807,13414
25947,0.0002469183236826211,24858
25948,0.0002469213795848191,12845
25949,0.00024696049513295293,1564
25950,0.00024697332992218435,21794
25951,0.00024698060587979853,25012
25952,0.0002469967876095325,3012
25953,0.00024699754430912435,11758
25954,0.00024700682843104005,13437
25955,0.0002470166073180735,24314
25956,0.0002470204490236938,10462
25957,0.00024702944210730493,14369
25958,0.0002470331091899425,10118
25959,0.0002470422477927059,21192
25960,0.00024705633404664695,15135
25961,0.0002470664621796459,12547
25962,0.0002470678591635078,9101
25963,0.0002470844192430377,12060
25964,0.00024709245190024376,19073
25965,0.0002471041807439178,8343
25966,0.0002471056068316102,10324
25967,0.0002471166371833533,580
25968,0.0002471167244948447,22715
25969,0.0002471230400260538,2180
25970,0.0002471412008162588,24121
25971,0.0002471457119099796,25072
25972,0.0002471643383614719,25257
25973,0.0002471842453815043,8692
25974,0.00024719888460822403,11707
25975,0.0002472063060849905,16021
25976,0.00024721340741962194,14720
25977,0.00024721730733290315,24133
25978,0.00024723217939026654,9571
25979,0.0002472330234013498,10172
25980,0.00024724018294364214,26200
25981,0.00024725779076106846,25647
25982,0.0002472642227075994,22491
25983,0.0002472652413416654,3132
25984,0.0002473302301950753,20006
25985,0.00024733514874242246,336
25986,0.0002473406493663788,27364
25987,0.0002473483909852803,27692
25988,0.00024735709303058684,11947
25989,0.00024736023624427617,3339
25990,0.0002473634958732873,21296
25991,0.00024737545754760504,21943
25992,0.0002473887871019542,4316
25993,0.00024740881053730845,11693
25994,0.00024742644745856524,27064
25995,0.0002474271459504962,11854
25996,0.000247449817834422,15407
25997,0.000247452175244689,9030
25998,0.00024747088900767267,26416
25999,0.00024750392185524106,13086
26000,0.00024750438751652837,12373
26001,0.0002475283981766552,14583
26002,0.0002475294459145516,2376
26003,0.0002475391956977546,18707
26004,0.00024753957404755056,3394
26005,0.0002475470828358084,7083
26006,0.00024754746118560433,11533
26007,0.00024757275241427124,5891
26008,0.00024757589562796056,7132
26009,0.0002475889341440052,14636
26010,0.00024760118685662746,26548
26011,0.0002476123336236924,26704
26012,0.0002476225490681827,195
26013,0.00024763497640378773,13762
26014,0.00024766504066064954,18297
26015,0.0002476922527421266,15652
26016,0.0002477194357197732,13361
26017,0.00024771972675807774,17062
26018,0.0002477455709595233,15139
26019,0.0002477587840985507,13043
26020,0.00024776242207735777,25831
26021,0.000247766962274909,25113
26022,0.00024777124053798616,8673
26023,0.00024778005899861455,4659
26024,0.0002477825910318643,7487
26025,0.0002477962407283485,25099
26026,0.00024781315005384386,26526
26027,0.00024781879619695246,1994
26028,0.0002478473470546305,22675
26029,0.0002478525566402823,15830
26030,0.0002478640235494822,7074
26031,0.0002478713868185878,17265
26032,0.00024788721930235624,4515
26033,0.00024788803420960903,6016
26034,0.0002479017712175846,18057
26035,0.0002479026443324983,7753
26036,0.00024790881434455514,3866
26037,0.0002479127433616668,13154
26038,0.0002479169052094221,3281
26039,0.00024792514159344137,17355
26040,0.00024793457123450935,23615
26041,0.00024793820921331644,15443
26042,0.00024794365162961185,164
26043,0.0002479491231497377,12910
26044,0.0002479553804732859,8649
26045,0.0002479849208611995,8812
26046,0.00024799208040349185,10223
26047,0.0002480035473126918,16866
26048,0.00024800424580462277,19030
26049,0.0002480176044628024,10463
26050,0.0002480237453710288,1702
26051,0.00024802403640933335,3436
26052,0.0002480329421814531,6140
26053,0.00024804260465316474,11723
26054,0.0002480526454746723,16202
26055,0.00024807691806927323,18375
26056,0.00024808014859445393,23284
26057,0.0002480850671418011,18469
26058,0.00024810954346321523,25469
26059,0.0002481497067492455,7131
26060,0.00024816356017254293,15426
26061,0.000248175609158352,10015
26062,0.0002481952542439103,8448
26063,0.000248243217356503,17068
26064,0.0002482749114278704,17349
26065,0.00024829115136526525,26319
26066,0.00024832822964526713,7452
26067,0.0002483295975252986,9628
26068,0.0002483538701198995,16316
26069,0.00024836903321556747,20456
26070,0.00024837578530423343,932
26071,0.00024837907403707504,13529
26072,0.00024837907403707504,15498
26073,0.00024837933597154915,24440
26074,0.0002484066935721785,13287
26075,0.0002484192082192749,891
26076,0.0002484220021869987,4352
26077,0.00024842366110533476,14980
26078,0.00024843291612342,20695
26079,0.0002484559954609722,1226
26080,0.0002484617871232331,1699
26081,0.0002484668220859021,4257
26082,0.0002484760188963264,1308
26083,0.000248476309934631,20815
26084,0.000248481024755165,11837
26085,0.00024851426132954657,23101
26086,0.0002485232544131577,6449
26087,0.00024852450587786734,27642
26088,0.00024852727074176073,4092
26089,0.00024853460490703583,1104
26090,0.00024853533250279725,4052
26091,0.00024855334777384996,15365
26092,0.00024856417439877987,21113
26093,0.00024861987913027406,27271
26094,0.00024862270220182836,1980
26095,0.00024862270220182836,9734
26096,0.00024862270220182836,15173
26097,0.00024862270220182836,17070
26098,0.0002486228186171502,22204
26099,0.0002486275334376842,13232
26100,0.00024867677711881697,11292
26101,0.0002486851008143276,8902
26102,0.0002486941812094301,26465
26103,0.00024869642220437527,18802
26104,0.0002487004385329783,4174
26105,0.0002487070159986615,1934
26106,0.00024871143978089094,14581
26107,0.00024871385539881885,24839
26108,0.00024871985078789294,18657
26109,0.00024873806978575885,9839
26110,0.0002487395249772817,18449
26111,0.00024875596864148974,17035
26112,0.00024876411771401763,16187
26113,0.00024881830904632807,15291
26114,0.00024882896104827523,21398
26115,0.0002488546015229076,15938
26116,0.00024886021856218576,13328
26117,0.0002488686586730182,25151
26118,0.00024887017207220197,20746
26119,0.00024890986969694495,11513
26120,0.0002489270700607449,3902
26121,0.00024893684894777834,4314
26122,0.000248938100412488,20362
26123,0.0002489619073458016,26887
26124,0.0002489674952812493,8371
26125,0.00024898783885873854,10330
26126,0.00024898917763493955,16416
26127,0.00024898973060771823,7541
26128,0.00024900163407437503,24736
26129,0.00024903143639676273,21894
26130,0.0002490459301043302,18650
26131,0.0002490489277988672,3632
26132,0.00024905611644499004,22403
26133,0.00024906473117880523,6070
26134,0.00024906740873120725,20426
26135,0.0002490698534529656,7905
26136,0.00024910017964430153,2457
26137,0.000249100528890267,10396
26138,0.00024911644868552685,26650
26139,0.00024912317167036235,13594
26140,0.0002491328923497349,526
26141,0.0002491369377821684,4005
26142,0.00024913952802307904,17261
26143,0.0002491421764716506,23056
26144,0.00024914651294238865,16057
26145,0.0002491614141035825,27146
26146,0.0002491683990228921,12852
26147,0.0002491732593625784,564
26148,0.000249174190685153,9104
26149,0.0002491754712536931,18783
26150,0.0002491766354069114,17005
26151,0.0002491793711669743,17147
26152,0.000249195727519691,27321
26153,0.0002492134226486087,15930
26154,0.0002492208732292056,17305
26155,0.00024922151351347566,11007
26156,0.0002492240455467254,8215
26157,0.00024926121113821864,25808
26158,0.00024926592595875263,22459
26159,0.0002492752973921597,25268
26160,0.00024931851658038795,26914
26161,0.000249338336288929,7114
26162,0.000249360513407737,1093
26163,0.00024937017587944865,22315
26164,0.000249382050242275,19182
26165,0.00024939284776337445,17022
26166,0.0002494055952411145,10996
26167,0.00024941310402937233,20436
26168,0.0002494193322490901,27752
26169,0.00024943234166130424,2296
26170,0.00024943536845967174,18912
26171,0.00024943656171672046,19385
26172,0.00024945661425590515,8045
26173,0.00024949709768407047,12534
26174,0.0002494982327334583,11704
26175,0.00024950873921625316,14530
26176,0.00024950940860435367,26543
26177,0.00024951560772024095,12744
26178,0.00024952355306595564,27252
26179,0.0002495241351425648,10889
26180,0.0002495295484550297,26995
26181,0.0002495305088814348,22533
26182,0.0002495307708159089,18123
26183,0.0002495383669156581,17148
26184,0.0002495385124348104,9476
26185,0.00024956147535704076,784
26186,0.00024956854758784175,12327
26187,0.0002495704684406519,22745
26188,0.00024960419978015125,15961
26189,0.0002496092929504812,11929
26190,0.00024962518364191055,9510
26191,0.0002496280358172953,9378
26192,0.00024963554460555315,4399
26193,0.00024965216289274395,22378
26194,0.0002496732340659946,19225
26195,0.00024968417710624635,1212
26196,0.00024969186051748693,15441
26197,0.0002496982051525265,654
26198,0.00024970617960207164,27407
26199,0.0002497111854609102,17209
26200,0.0002497213426977396,6435
26201,0.0002497324312571436,24377
26202,0.0002497491950634867,10304
26203,0.000249759090365842,17888
26204,0.0002497691020835191,24958
26205,0.00024977559223771095,27187
26206,0.00024978630244731903,744
26207,0.00024980405578389764,13897
26208,0.0002498052781447768,27728
26209,0.00024981392198242247,3592
26210,0.00024982300237752497,21580
26211,0.000249823642661795,9170
26212,0.0002498258836567402,23832
26213,0.00024982975446619093,23569
26214,0.0002498696558177471,13135
26215,0.0002498765825293958,14110
26216,0.00024987966753542423,23312
26217,0.00024988886434584856,17673
26218,0.00024990097153931856,23793
26219,0.0002499068505130708,8620
26220,0.00024990885867737234,15414
26221,0.0002499297261238098,14856
26222,0.0002499458787497133,9139
26223,0.00024994919658638537,6474
26224,0.0002499593829270452,2451
26225,0.0002499624388292432,15072
26226,0.00024996360298246145,10082
26227,0.00024996534921228886,10923
26228,0.0002499757392797619,15102
26229,0.00024997576838359237,4558
26230,0.0002499808033462614,4441
26231,0.00025001424364745617,5370
26232,0.0002500143018551171,3284
26233,0.00025003720656968653,16466
26234,0.00025004049530252814,20036
26235,0.00025004567578434944,12703
26236,0.0002500465780030936,7028
26237,0.0002500466362107545,25996
26238,0.0002500613045413047,3442
26239,0.00025008496595546603,16232
26240,0.0002500871487427503,26172
26241,0.0002501133712939918,26703
26242,0.00025011703837662935,27153
26243,0.0002501273120287806,1054
26244,0.00025013391859829426,15434
26245,0.0002501349663361907,24969
26246,0.0002501406706869602,2167
26247,0.0002501473936717957,27483
26248,0.00025015234132297337,13442
26249,0.0002501673297956586,22294
26250,0.0002501760609447956,444
26251,0.000250177487032488,6846
26252,0.0002501866838429123,23861
26253,0.00025020205066539347,26022
26254,0.0002502099669072777,21139
26255,0.0002502274001017213,6164
26256,0.0002502274001017213,15569
26257,0.0002502274001017213,24415
26258,0.00025027836090885103,25822
26259,0.00025028703385032713,6208
26260,0.00025029212702065706,17729
26261,0.0002502939023543149,15936
26262,0.0002502984425518662,4512
26263,0.00025030484539456666,27684
26264,0.00025030627148225904,14663
26265,0.0002503208816051483,20392
26266,0.000250333541771397,23159
26267,0.0002503882278688252,10823
26268,0.0002503970463294536,19305
26269,0.00025040743639692664,14570
26270,0.00025041549815796316,15144
26271,0.00025041549815796316,17926
26272,0.0002504236181266606,2736
26273,0.00025043089408427477,21853
26274,0.00025045638903975487,17395
26275,0.0002504690201021731,7750
26276,0.0002504727162886411,2599
26277,0.00025048371753655374,6874
26278,0.0002505051379557699,13167
26279,0.00025051014381460845,22245
26280,0.00025051645934581757,8022
26281,0.0002505834854673594,14775
26282,0.0002505868615116924,18359
26283,0.0002505895681679249,24660
26284,0.0002505993179511279,8314
26285,0.00025061401538550854,4125
26286,0.0002506168675608933,12153
26287,0.00025063715293072164,4798
26288,0.00025066311354748905,22325
26289,0.0002506673918105662,25117
26290,0.00025067172828130424,15792
26291,0.00025068491231650114,454
26292,0.0002506906457711011,15021
26293,0.00025073453434742987,8293
26294,0.00025073924916796386,1229
26295,0.0002507400931790471,8706
26296,0.00025074134464375675,21779
26297,0.0002507462922949344,21561
26298,0.0002507582539692521,14826
26299,0.00025075857411138713,15760
26300,0.00025076017482206225,13702
26301,0.00025077073951251805,10191
26302,0.0002507824101485312,20509
26303,0.00025079501210711896,13614
26304,0.0002508236502762884,1337
26305,0.0002508699835743755,13016
26306,0.000250871671596542,13775
26307,0.0002508823818061501,26624
26308,0.0002508919860702008,5209
26309,0.0002509007463231683,17354
26310,0.00025091145653277636,22036
26311,0.0002509486803319305,10056
26312,0.00025096727767959237,19377
26313,0.00025096911122091115,19850
26314,0.00025097921025007963,7879
26315,0.00025099006597884,5843
26316,0.00025101780192926526,3127
26317,0.00025102286599576473,8714
26318,0.00025105217355303466,15350
26319,0.000251056655542925,20710
26320,0.00025109833222813904,16326
26321,0.00025110915885306895,24428
26322,0.00025113069568760693,20989
26323,0.00025113445008173585,22330
26324,0.0002511414641048759,17143
26325,0.0002511446364223957,3968
26326,0.00025115738390013576,2508
26327,0.00025118395569734275,9748
26328,0.0002511928614694625,13358
26329,0.0002511957718525082,8845
26330,0.0002512065984774381,13592
26331,0.00025120784994214773,25033
26332,0.00025122391525655985,2140
26333,0.0002512262435629964,11011
26334,0.0002512460632715374,5480
26335,0.00025126783293671906,6802
26336,0.0002512716455385089,15097
26337,0.0002512727805878967,25870
26338,0.00025128130801022053,26617
26339,0.0002512870414648205,17531
26340,0.0002512982755433768,22914
26341,0.000251303194090724,9216
26342,0.0002513040089979768,1151
26343,0.00025135825853794813,1321
26344,0.0002513670187909156,21507
26345,0.00025137775810435414,19404
26346,0.0002513782528694719,7963
26347,0.00025138448108918965,12085
26348,0.0002513979561626911,21057
26349,0.0002514208317734301,6184
26350,0.0002514319203328341,2748
26351,0.00025144030223600566,16815
26352,0.00025144891696982086,8181
26353,0.0002514571533538401,10342
26354,0.0002514694060664624,3262
26355,0.00025148250279016793,6718
26356,0.0002514851512387395,18493
26357,0.0002514912630431354,9500
26358,0.00025150831788778305,1195
26359,0.0002515249652788043,3437
26360,0.0002515471132937819,6527
26361,0.0002515490632504225,11917
26362,0.00025155144976451993,24388
26363,0.0002515600644983351,6067
26364,0.0002515645755920559,2306
26365,0.0002515901578590274,26590
26366,0.0002515970845706761,20898
26367,0.00025160497170872986,3574
26368,0.0002516217064112425,15036
26369,0.00025166687555611134,10083
26370,0.00025168838328681886,11382
26371,0.0002516901004128158,10242
26372,0.0002517248794902116,15749
26373,0.0002517259563319385,4070
26374,0.0002517341636121273,17451
26375,0.0002517368411645293,5504
26376,0.00025175424525514245,16642
26377,0.0002518035180401057,24847
26378,0.00025181181263178587,5903
26379,0.0002518351830076426,15716
26380,0.0002518475812394172,1441
26381,0.00025186047423630953,8992
26382,0.00025186818675138056,16022
26383,0.00025187243591062725,21176
26384,0.00025187822757288814,7604
26385,0.0002518941182643175,21649
26386,0.0002518966794013977,26448
26387,0.0002519131812732667,24353
26388,0.0002519328554626554,2810
26389,0.00025193419423885643,9590
26390,0.000251943914918229,9140
26391,0.0002519547415431589,10693
26392,0.00025195599300786853,27787
26393,0.00025199263473041356,17880
26394,0.0002520065463613719,6881
26395,0.00025202755932696164,5242
26396,0.0002520349808037281,23845
26397,0.0002520516572985798,2856
26398,0.00025205855490639806,17679
26399,0.0002520628913771361,12405
26400,0.0002520975249353796,8710
26401,0.00025209804880432785,27779
26402,0.00025211781030520797,26534
26403,0.00025213658227585256,9517
26404,0.00025217587244696915,27422
26405,0.0002522030845284462,11913
26406,0.00025221254327334464,22138
26407,0.0002522143186070025,8205
26408,0.0002522360300645232,21141
26409,0.0002522894355934113,19427
26410,0.0002522932190913707,22609
26411,0.00025229566381312907,1551
26412,0.0002523071598261595,9196
26413,0.00025241132243536413,2681
26414,0.00025242179981432855,8762
26415,0.00025242281844839454,7198
26416,0.00025243626441806555,12307
26417,0.00025243780692107975,24445
26418,0.0002524397277738899,10536
26419,0.00025244607240892947,18925
26420,0.00025249054306186736,999
26421,0.000252497848123312,7327
26422,0.0002525195013731718,7803
26423,0.00025252604973502457,27742
26424,0.00025253178318962455,27336
26425,0.0002526304160710424,25705
26426,0.00025264316354878247,22705
26427,0.00025264895521104336,11176
26428,0.00025267674936912954,11687
26429,0.00025270000332966447,9501
26430,0.00025272901984862983,19902
26431,0.00025274514337070286,18974
26432,0.0002527534670662135,11547
26433,0.0002527718897908926,10265
26434,0.0002527916512917727,10719
26435,0.00025280460249632597,6678
26436,0.00025282162823714316,8752
26437,0.00025282485876232386,9377
26438,0.0002528366167098284,13083
26439,0.0002528655168134719,6781
26440,0.00025289703626185656,12164
26441,0.0002528980257920921,8084
26442,0.00025290815392509103,18656
26443,0.00025291001657024026,7149
26444,0.00025291432393714786,8451
26445,0.0002529323101043701,1237
26446,0.0002529479388613254,16531
26447,0.0002529500634409487,14251
26448,0.00025297299725934863,4317
26449,0.0002529938647057861,10254
26450,0.00025299729895778,13957
26451,0.0002530081255827099,5409
26452,0.0002530548663344234,20926
26453,0.0002530638303142041,16342
26454,0.00025306647876277566,25409
26455,0.0002530706115067005,4458
26456,0.0002530794299673289,13381
26457,0.0002530825149733573,15157
26458,0.0002530893834773451,13971
26459,0.00025309566990472376,7631
26460,0.00025313583319075406,11626
26461,0.00025314028607681394,26459
26462,0.0002531720674596727,25953
26463,0.0002532060898374766,17210
26464,0.00025320888380520046,5232
26465,0.00025322954752482474,17096
26466,0.00025324837770313025,13624
26467,0.00025329392519779503,7279
26468,0.00025331179494969547,27627
26469,0.0002533142687752843,25842
26470,0.0002533376682549715,7188
26471,0.00025336843100376427,21635
26472,0.00025337227270938456,630
26473,0.00025337302940897644,22635
26474,0.00025340350111946464,26698
26475,0.0002534205268602818,13831
26476,0.00025344526511617005,17435
26477,0.0002534549857955426,15348
26478,0.00025345594622194767,16273
26479,0.00025346592883579433,18782
26480,0.00025347157497890294,15599
26481,0.0002534974191803485,2551
26482,0.0002535289677325636,18891
26483,0.000253533769864589,25141
26484,0.00025354509125463665,9004
26485,0.00025355725665576756,11662
26486,0.000253564037848264,11536
26487,0.00025362943415530026,13344
26488,0.0002536715765018016,15263
26489,0.0002536805404815823,24566
26490,0.0002536879910621792,17867
26491,0.0002536946558393538,12956
26492,0.0002537064428906888,17768
26493,0.0002537071122787893,17289
26494,0.0002537099935580045,17292
26495,0.0002537328691687435,16349
26496,0.0002537337422836572,19840
26497,0.000253738253377378,12324
26498,0.0002537442487664521,17680
26499,0.00025374622782692313,2633
26500,0.0002537498075980693,5137
26501,0.00025377768906764686,10184
26502,0.0002537905820645392,27502
26503,0.0002538131666369736,18195
26504,0.00025383057072758675,11285
26505,0.0002538331027608365,27045
26506,0.00025383965112268925,4124
26507,0.00025384887703694403,23621
26508,0.0002538590633776039,27636
26509,0.0002539062115829438,11661
26510,0.0002539228298701346,3738
26511,0.0002539238194003701,13279
26512,0.00025393557734787464,1749
26513,0.0002539439592510462,15456
26514,0.0002539475681260228,10272
26515,0.00025397594436071813,10802
26516,0.00025398549041710794,20872
26517,0.00025400074082426727,23116
26518,0.0002540188725106418,5393
26519,0.0002540306595619768,13065
26520,0.00025403514155186713,25237
26521,0.0002540547284297645,14999
26522,0.0002540894492994994,414
26523,0.00025409625959582627,13851
26524,0.0002541097055654973,25433
26525,0.0002541230642236769,16044
26526,0.0002541253052186221,12579
26527,0.0002541301364544779,26248
26528,0.00025414596893824637,7038
26529,0.0002541545545682311,15832
26530,0.0002541674766689539,15997
26531,0.0002541858411859721,15442
26532,0.0002541957946959883,3494
26533,0.0002542205329518765,20494
26534,0.0002542223082855344,13877
26535,0.00025422399630770087,1494
26536,0.0002542361617088318,10935
26537,0.0002542401780374348,1662
26538,0.00025425225612707436,19154
26539,0.00025425999774597585,24746
26540,0.00025435295538045466,23695
26541,0.00025439716409891844,13779
26542,0.0002544051967561245,17853
26543,0.00025441485922783613,20979
26544,0.00025443010963499546,380
26545,0.00025449131499044597,23903
26546,0.00025449550594203174,20798
26547,0.00025451212422922254,24992
26548,0.00025454830029048026,5934
26549,0.00025456096045672894,15705
26550,0.0002545957686379552,25380
26551,0.0002546176838222891,20231
26552,0.0002546698378864676,20139
26553,0.0002547130570746958,5694
26554,0.0002547134063206613,26432
26555,0.00025474256835877895,8485
26556,0.00025474964058957994,19005
26557,0.0002547557814978063,9268
26558,0.00025485033984296024,7020
26559,0.0002548769989516586,15646
26560,0.00025489271502010524,15695
26561,0.00025490045663900673,26055
26562,0.00025490589905530214,19248
26563,0.0002549156779423356,13113
26564,0.000254917104030028,13847
26565,0.00025493200519122183,13403
26566,0.00025493279099464417,19658
26567,0.00025494149303995073,1825
26568,0.0002549567143432796,5527
26569,0.00025495977024547756,21795
26570,0.00025498136528767645,2294
26571,0.0002549900091253221,27154
26572,0.00025502152857370675,15308
26573,0.00025502676726318896,13396
26574,0.0002550389908719808,26094
26575,0.0002550459757912904,26681
26576,0.0002550462959334254,5403
26577,0.0002550585486460477,19462
26578,0.00025505959638394415,20359
26579,0.00025507903774268925,25548
26580,0.0002550866629462689,18347
26581,0.00025509120314382017,17396
26582,0.0002551056386437267,19953
26583,0.0002551433863118291,22679
26584,0.00025515269953757524,19459
26585,0.00025515694869682193,19312
26586,0.00025516029563732445,809
26587,0.0002551708894316107,749
26588,0.0002551758079789579,25056
26589,0.00025518983602523804,15015
26590,0.0002551978104747832,13525
26591,0.0002552094229031354,21684
26592,0.00025522755458950996,19509
26593,0.00025523320073261857,22297
26594,0.0002552473160903901,23525
26595,0.0002552607620600611,12219
26596,0.0002552792720962316,7728
26597,0.0002552857913542539,11620
26598,0.0002553081139922142,5508
26599,0.00025535901659168303,331
26600,0.0002553628000896424,10341
26601,0.0002553856757003814,5726
26602,0.00025539606576785445,10700
26603,0.0002553991798777133,27066
26604,0.00025540601927787066,11361
26605,0.0002554078819230199,2277
26606,0.000255418213782832,3623
26607,0.0002554249076638371,13447
26608,0.000255428662057966,25416
26609,0.0002554709790274501,15704
26610,0.0002554783714003861,16265
26611,0.00025552615988999605,16478
26612,0.00025553067098371685,23449
26613,0.0002555667015258223,20617
26614,0.00025556894252076745,144
26615,0.00025559880305081606,22198
26616,0.00025559982168488204,21266
26617,0.0002556022664066404,5445
26618,0.0002556600666139275,12718
26619,0.0002556616673246026,7611
26620,0.0002556644903961569,18418
26621,0.0002556820691097528,2812
26622,0.000255685969023034,25939
26623,0.00025569420540705323,24720
26624,0.00025574848405085504,10655
26625,0.00025574848405085504,19974
26626,0.0002557597472332418,3006
26627,0.00025576463667675853,17921
26628,0.00025582435773685575,22876
26629,0.00025591920712031424,23301
26630,0.00025592639576643705,6883
26631,0.00025593105237931013,17702
26632,0.00025593419559299946,3832
26633,0.00025594551698304713,13590
26634,0.0002559479034971446,4983
26635,0.0002559591375757009,14700
26636,0.0002559768327046186,3299
26637,0.000255987630225718,7904
26638,0.00025600785738788545,7476
26639,0.0002560106513556093,2191
26640,0.00025601263041608036,16425
26641,0.00025607357383705676,5157
26642,0.0002560762513894588,21975
26643,0.00025608274154365063,15537
26644,0.0002561404835432768,23117
26645,0.0002561476139817387,25206
26646,0.00025617345818318427,25157
26647,0.0002562092267908156,7734
26648,0.0002562497975304723,24329
26649,0.00025626173010095954,14480
26650,0.00025628082221373916,23876
26651,0.0002562889421824366,17703
26652,0.0002562923473306,25221
26653,0.00025630355230532587,8454
26654,0.0002563185407780111,25200
26655,0.00025640142848715186,27080
26656,0.00025640151579864323,6488
26657,0.00025642692344263196,15919
26658,0.000256431958405301,4359
26659,0.00025643353001214564,26276
26660,0.0002564408059697598,15343
26661,0.00025646184803918004,5235
26662,0.00025647602160461247,15494
26663,0.0002565020404290408,1807
26664,0.0002565035247243941,1504
26665,0.0002565108297858387,4595
26666,0.00025652203476056457,13936
26667,0.00025654188357293606,11433
26668,0.0002565596951171756,11061
26669,0.0002565818722359836,13827
26670,0.0002565871982369572,21006
26671,0.0002566142356954515,24683
26672,0.0002566550683695823,6019
26673,0.00025665771681815386,22202
26674,0.0002566987823229283,24592
26675,0.0002567063784226775,10757
26676,0.0002567229967098683,18164
26677,0.0002567376650404185,1264
26678,0.0002567612682469189,24918
26679,0.000256787781836465,1049
26680,0.000256800907664001,26550
26681,0.000256810657447204,9400
26682,0.00025681572151370347,13032
26683,0.00025685469154268503,26042
26684,0.0002569198259152472,1290
26685,0.0002569242496974766,23549
26686,0.0002569618518464267,27381
26687,0.00025698551326058805,18228
26688,0.0002569968346506357,1217
26689,0.0002570014330558479,20641
26690,0.0002570195938460529,26269
26691,0.00025705891312099993,19924
26692,0.0002570720389485359,2828
26693,0.0002570768992882222,5702
26694,0.00025708615430630744,23764
26695,0.00025709671899676323,20341
26696,0.00025715038646012545,8959
26697,0.00025718085817061365,3841
26698,0.00025718132383190095,9129
26699,0.00025720754638314247,3327
26700,0.000257271429290995,27683
26701,0.0002572944213170558,13768
26702,0.0002572972734924406,513
26703,0.00025730207562446594,18126
26704,0.0002573202073108405,5019
26705,0.0002573253877926618,20293
26706,0.000257327250437811,14552
26707,0.0002573419187683612,17252
26708,0.00025734773953445256,10876
26709,0.0002573819656390697,17923
26710,0.00025740888668224216,17496
26711,0.00025741170975379646,20745
26712,0.0002574213140178472,26761
26713,0.0002574622631072998,23010
26714,0.00025747797917574644,1553
26715,0.0002574810350779444,25196
26716,0.00025750105851329863,15804
26717,0.0002575267571955919,20561
26718,0.00025754215312190354,16429
26719,0.0002575471589807421,23982
26720,0.0002575721882749349,8481
26721,0.00025763409212231636,23083
26722,0.0002576391852926463,2254
26723,0.0002576471015345305,15968
26724,0.0002576540573500097,3626
26725,0.0002576940751168877,3039
26726,0.00025772047229111195,21124
26727,0.0002577767299953848,11595
26728,0.00025781866861507297,23390
26729,0.0002578513522166759,18485
26730,0.00025790042127482593,7546
26731,0.0002579070278443396,23965
26732,0.0002579120628070086,21336
26733,0.00025791232474148273,13647
26734,0.00025798732531256974,25436
26735,0.00025800205185078084,4398
26736,0.00025800327421166003,8675
26737,0.00025800656294450164,17391
26738,0.00025805187760852277,19590
26739,0.0002581111912149936,27720
26740,0.0002581227454356849,23190
26741,0.00025814410764724016,2050
26742,0.00025814835680648685,27112
26743,0.00025815420667640865,24509
26744,0.0002582159067969769,27439
26745,0.0002582216402515769,20587
26746,0.00025823141913861036,7681
26747,0.00025823619216680527,6697
26748,0.00025824029580689967,13390
26749,0.00025824125623330474,10692
26750,0.00025824407930485904,19467
26751,0.0002582513843663037,8509
26752,0.00025827536592260003,5833
26753,0.0002582845918368548,27424
26754,0.00025830292725004256,27661
26755,0.0002583081950433552,1602
26756,0.00025831745006144047,23886
26757,0.00025833083782345057,21262
26758,0.0002583556342869997,16571
26759,0.00025837356224656105,10171
26760,0.00025839245063252747,6684
26761,0.00025841081514954567,17952
26762,0.00025841116439551115,12163
26763,0.0002584172470960766,10110
26764,0.0002584206231404096,7938
26765,0.00025842429022304714,13246
26766,0.00025843357434496284,19619
26767,0.0002584864851087332,18025
26768,0.0002585254260338843,3222
26769,0.00025854434352368116,20177
26770,0.00025858706794679165,4064
26771,0.0002586030459497124,18027
26772,0.0002586034534033388,17787
26773,0.00025861061294563115,23613
26774,0.00025861174799501896,21298
26775,0.0002586156188044697,1709
26776,0.0002586203336250037,2503
26777,0.00025870578247122467,17095
26778,0.0002587551425676793,20395
26779,0.00025880959583446383,7002
26780,0.00025882746558636427,3595
26781,0.00025882941554300487,497
26782,0.00025884612114168704,15984
26783,0.0002588618954177946,10911
26784,0.00025888285017572343,822
26785,0.0002589280775282532,25792
26786,0.00025893893325701356,4739
26787,0.0002589872165117413,17733
26788,0.0002589928626548499,17661
26789,0.00025901218759827316,14894
26790,0.0002590305812191218,21578
26791,0.00025907784583978355,9352
26792,0.00025907918461598456,10433
26793,0.0002590859367046505,9304
26794,0.0002590914082247764,20094
26795,0.0002590985386632383,12109
26796,0.0002591205120552331,26847
26797,0.00025912231649272144,23823
26798,0.0002591446100268513,11470
26799,0.00025917094899341464,20411
26800,0.00025917484890669584,13680
26801,0.0002592098026070744,25780
26802,0.0002592101227492094,5451
26803,0.0002592400414869189,11272
26804,0.0002592605887912214,1787
26805,0.00025926833041012287,22214
26806,0.00025926882517524064,19369
26807,0.0002592735690996051,15506
26808,0.0002593094832263887,12995
26809,0.0002593632088974118,9232
26810,0.0002594092511571944,14913
26811,0.00025948419352062047,2655
26812,0.0002594933903310448,7584
26813,0.0002595030819065869,16238
26814,0.0002595071855466813,1233
26815,0.0002595324185676873,23635
26816,0.00025958949117921293,4846
26817,0.00025959222693927586,2525
26818,0.00025960977654904127,22464
26819,0.0002596547710709274,15413
26820,0.00025965526583604515,705
26821,0.0002596624835859984,20045
26822,0.00025967718102037907,25681
26823,0.00025969475973397493,22155
26824,0.0002597113198135048,14305
26825,0.00025973771698772907,20096
26826,0.00025977951008826494,24785
26827,0.0002597874845378101,4446
26828,0.00025979793281294405,21703
26829,0.0002598002029117197,26728
26830,0.0002598157443571836,16702
26831,0.00025981711223721504,27186
26832,0.00025982808438129723,20640
26833,0.00025982901570387185,2927
26834,0.0002598852734081447,15423
26835,0.00025988867855630815,23972
26836,0.00025989129790104926,4884
26837,0.0002599502040538937,16484
26838,0.0002599605359137058,13141
26839,0.0002599621657282114,6603
26840,0.00025998885394074023,22636
26841,0.00026000270736403763,18862
26842,0.0002600312582217157,10870
26843,0.0002600697334855795,9039
26844,0.0002600775333121419,9997
26845,0.0002600950829219073,24880
26846,0.0002601113519631326,7301
26847,0.00026012209127657115,17335
26848,0.00026013122987933457,27034
26849,0.00026013393653556705,23313
26850,0.00026014988543465734,21831
26851,0.00026024566614069045,15478
26852,0.0002602481108624488,23243
26853,0.0002602498570922762,11840
26854,0.0002602518943604082,2356
26855,0.00026028548018075526,579
26856,0.00026030183653347194,9445
26857,0.0002603056491352618,19838
26858,0.0002603102766443044,16597
26859,0.0002603133034426719,15396
26860,0.0002603165339678526,12694
26861,0.00026032087043859065,18445
26862,0.0002603323955554515,22975
26863,0.00026035355404019356,4572
26864,0.00026036426424980164,14052
26865,0.00026036438066512346,18728
26866,0.00026037258794531226,13890
26867,0.00026037837960757315,22964
26868,0.0002603925240691751,10376
26869,0.00026041289675049484,27104
26870,0.0002604310866445303,24842
26871,0.0002604843466542661,27529
26872,0.00026048580184578896,2054
26873,0.0002605103945825249,9242
26874,0.00026053196052089334,20912
26875,0.0002605431363917887,22137
26876,0.00026055192574858665,11887
26877,0.00026057640207000077,9351
26878,0.0002606039051897824,18320
26879,0.0002606251509860158,19826
26880,0.0002606791676953435,20320
26881,0.000260713481111452,13323
26882,0.0002607286151032895,10428
26883,0.0002607304195407778,6253
26884,0.00026073690969496965,1126
26885,0.00026074674678966403,19600
26886,0.00026074706693179905,26773
26887,0.00026075064670294523,6695
26888,0.00026075224741362035,970
26889,0.00026076188078150153,2011
26890,0.0002607642381917685,6955
26891,0.00026080262614414096,5310
26892,0.00026082509430125356,7493
26893,0.00026083464035764337,21947
26894,0.00026085873832926154,27755
26895,0.0002608649374451488,18260
26896,0.0002608719514682889,16644
26897,0.0002608731447253376,423
26898,0.00026090251049026847,7693
26899,0.000260927394265309,7690
26900,0.0002609451476018876,25481
26901,0.00026096226065419614,20051
26902,0.00026099366368725896,6274
26903,0.00026102334959432483,3588
26904,0.0002610274823382497,2292
26905,0.00026104223798029125,13027
26906,0.000261042732745409,22956
26907,0.00026107518351636827,17159
26908,0.0002610772498883307,11037
26909,0.0002610797237139195,23195
26910,0.000261100591160357,19126
26911,0.000261100591160357,23121
26912,0.0002611069940030575,13639
26913,0.00026113048079423606,17084
26914,0.0002611679956316948,2101
26915,0.00026119331596419215,7421
26916,0.00026121491100639105,15587
26917,0.0002612988173495978,24079
26918,0.0002613112155813724,6875
26919,0.0002613274264149368,6832
26920,0.0002613894466776401,24009
26921,0.0002615108678583056,17779
26922,0.0002615305420476943,11234
26923,0.00026154975057579577,13938
26924,0.00026156206149607897,8534
26925,0.0002615699195303023,21151
26926,0.000261570094153285,9320
26927,0.0002615705016069114,18779
26928,0.00026160862762480974,12357
26929,0.0002616172714624554,24284
26930,0.0002616863639559597,16400
26931,0.0002616872370708734,13276
26932,0.0002616884303279221,17834
26933,0.000261728186160326,10970
26934,0.00026173421065323055,7840
26935,0.00026174119557254016,18633
26936,0.00026174754020757973,25556
26937,0.0002617545542307198,21061
26938,0.0002617637801449746,9341
26939,0.0002617687568999827,2909
26940,0.00026178627740591764,15054
26941,0.000261807581409812,715
26942,0.00026181916473433375,26487
26943,0.00026185857132077217,5353
26944,0.0002618725411593914,20210
26945,0.00026188313495367765,18796
26946,0.0002619089209474623,7937
26947,0.00026192227960564196,19588
26948,0.0002619721053633839,6594
26949,0.0002619812439661473,14789
26950,0.00026210155920125544,27224
26951,0.00026210720534436405,23194
26952,0.0002621189341880381,14384
26953,0.0002621632011141628,19755
26954,0.0002622136671561748,25804
26955,0.00026224649627693,13803
26956,0.0002623195177875459,15847
26957,0.00026235118275508285,4394
26958,0.00026236241683363914,17380
26959,0.0002624274347908795,3395
26960,0.00026243325555697083,23017
26961,0.000262474495684728,6671
26962,0.0002624808403197676,3666
26963,0.00026248543872497976,17399
26964,0.00026252985117025673,1827
26965,0.00026254841941408813,3887
26966,0.0002625620400067419,2108
26967,0.0002625629131216556,590
26968,0.0002626603818498552,27700
26969,0.0002626682398840785,19886
26970,0.00026270534726791084,21365
26971,0.00026273305411450565,9650
26972,0.00026273346156813204,15305
26973,0.0002627696667332202,21907
26974,0.00026277685537934303,7428
26975,0.000262782268691808,12583
26976,0.0002627930080052465,11563
26977,0.0002628216752782464,27262
26978,0.0002628315123729408,26289
26979,0.000262832036241889,18915
26980,0.00026285977219231427,7215
26981,0.0002628904767334461,8096
26982,0.00026289376546628773,19941
26983,0.00026292295660823584,1335
26984,0.00026293203700333834,23057
26985,0.00026293596602045,18512
26986,0.0002629754599183798,23603
26987,0.0002629775262903422,15707
26988,0.0002629799710121006,16129
26989,0.0002629859372973442,11956
26990,0.00026298852753825486,26484
26991,0.00026301873731426895,17542
26992,0.0002630756644066423,309
26993,0.00026310101384297013,17607
26994,0.0002631081151776016,14754
26995,0.00026312778936699033,18295
26996,0.0002631592797115445,10329
26997,0.00026320130564272404,7360
26998,0.0002632027317304164,27557
26999,0.00026320997858420014,1194
27000,0.00026324798818677664,14777
27001,0.00026325375074520707,6582
27002,0.0002632628893479705,4357
27003,0.00026327729574404657,14116
27004,0.0002632983378134668,16814
27005,0.00026330151013098657,16210
27006,0.0002633510739542544,14618
27007,0.00026335418806411326,19962
27008,0.0002633949334267527,15596
27009,0.0002634031989146024,7706
27010,0.0002635168784763664,13821
27011,0.000263523863395676,14464
27012,0.0002635333512444049,19697
27013,0.0002636079443618655,15499
27014,0.0002636343997437507,15702
27015,0.0002636402496136725,13756
27016,0.0002636748249642551,13153
27017,0.00026369141414761543,9588
27018,0.00026376277673989534,25142
27019,0.0002637993893586099,11129
27020,0.0002638101577758789,12671
27021,0.00026383280055597425,18876
27022,0.00026383917429484427,9793
27023,0.0002638635050971061,1166
27024,0.00026389240520074964,10538
27025,0.00026389877893961966,7827
27026,0.00026393463485874236,4482
27027,0.00026394447195343673,27097
27028,0.00026396146859042346,4114
27029,0.0002639857993926853,7042
27030,0.00026400297065265477,27743
27031,0.0002640133025124669,21660
27032,0.0002640478778630495,656
27033,0.00026407319819554687,12572
27034,0.00026407849509269,1614
27035,0.0002640875172801316,24578
27036,0.00026413777959533036,17823
27037,0.0002641573373693973,15713
27038,0.00026415736647322774,1113
27039,0.0002641843748278916,4669
27040,0.00026418999186716974,5234
27041,0.000264231173787266,11741
27042,0.00026426257682032883,26130
27043,0.0002642663021106273,18399
27044,0.0002642829203978181,26614
27045,0.0002643332118168473,1109
27046,0.00026433533639647067,18430
27047,0.00026445125695317984,18111
27048,0.0002644555061124265,23400
27049,0.0002644852502271533,21150
27050,0.00026453976170159876,17774
27051,0.00026457649073563516,20272
27052,0.0002645890926942229,14152
27053,0.0002646360080689192,20487
27054,0.00026471164892427623,15823
27055,0.000264771661022678,13503
27056,0.00026478225481696427,7701
27057,0.0002647886867634952,15806
27058,0.0002647913061082363,5545
27059,0.00026480903034098446,10473
27060,0.0002649038506206125,3504
27061,0.0002649092930369079,18040
27062,0.0002649769012350589,17796
27063,0.0002649788511916995,10747
27064,0.00026498507941141725,13110
27065,0.0002650408132467419,137
27066,0.00026506592985242605,12625
27067,0.00026507009170018137,20014
27068,0.0002650964888744056,12566
27069,0.0002651550166774541,15861
27070,0.00026516031357459724,9485
27071,0.00026517626247368753,6466
27072,0.0002652142138686031,5574
27073,0.00026521782274357975,25415
27074,0.0002652350813150406,1905
27075,0.0002652362745720893,15650
27076,0.00026526793953962624,27744
27077,0.00026530117611400783,4886
27078,0.0002653606061358005,25090
27079,0.00026538167730905116,4115
27080,0.0002653875562828034,13905
27081,0.0002654310374055058,17051
27082,0.0002654560375958681,14844
27083,0.00026545693981461227,20571
27084,0.00026545891887508333,1024
27085,0.0002654714335221797,22927
27086,0.00026548595633357763,6389
27087,0.0002655423304531723,23386
27088,0.0002655537973623723,24362
27089,0.0002655832504387945,26353
27090,0.0002655956195667386,8028
27091,0.00026561430422589183,20628
27092,0.00026570685440674424,27217
27093,0.00026573528884910047,9868
27094,0.0002657540317159146,7414
27095,0.00026578607503324747,6926
27096,0.00026586069725453854,15255
27097,0.0002658880839589983,18568
27098,0.0002658967860043049,1186
27099,0.00026591302594169974,8355
27100,0.00026603543665260077,10540
27101,0.00026603700825944543,27444
27102,0.00026611596695147455,9813
27103,0.0002661265025380999,2974
27104,0.0002661375910975039,27464
27105,0.0002661505131982267,13343
27106,0.00026615828392095864,23202
27107,0.00026616142713464797,16074
27108,0.0002661792386788875,12232
27109,0.00026620060089044273,15264
27110,0.00026620764401741326,16125
27111,0.00026628797058947384,21171
27112,0.0002662978949956596,16605
27113,0.0002663547929842025,5722
27114,0.00026635840185917914,24928
27115,0.0002664143103174865,23019
27116,0.00026643509045243263,17615
27117,0.00026650255313143134,9403
27118,0.0002665311039891094,19517
27119,0.0002665613719727844,19057
27120,0.00026668497594073415,25438
27121,0.000266729126451537,13097
27122,0.00026674807304516435,2145
27123,0.0002667764783836901,14565
27124,0.0002668305241968483,16839
27125,0.0002668459201231599,9794
27126,0.0002668568922672421,8994
27127,0.0002669001114554703,5503
27128,0.00026691972743719816,4826
27129,0.0002670213580131531,22656
27130,0.00026706812786869705,8083
27131,0.0002671095135156065,9394
27132,0.00026714251725934446,8360
27133,0.0002671507536433637,5281
27134,0.0002671518304850906,8525
27135,0.00026719889137893915,2561
27136,0.0002672182163223624,17449
27137,0.0002672327682375908,15031
27138,0.0002672380651347339,2392
27139,0.00026723864721134305,19355
27140,0.00026724464260041714,18923
27141,0.00026737694861367345,3519
27142,0.000267380935838446,14701
27143,0.00026742558111436665,20597
27144,0.00026743824128061533,19879
27145,0.00026745221111923456,539
27146,0.00026751135010272264,9744
27147,0.00026753981364890933,11719
27148,0.0002675430732779205,5334
27149,0.0002675530267879367,15422
27150,0.00026756030274555087,15010
27151,0.00026757706655189395,26917
27152,0.0002675801806617528,16435
27153,0.0002676063741091639,15995
27154,0.00026762409834191203,1171
27155,0.0002676387666724622,1639
27156,0.000267670548055321,7417
27157,0.0002677079464774579,21491
27158,0.00026771609554998577,8722
27159,0.00026775096193887293,15950
27160,0.0002677768061403185,14184
27161,0.00026780684129334986,11806
27162,0.00026785305817611516,9851
27163,0.00026787311071529984,9762
27164,0.00026789659750647843,15087
27165,0.00026791522395797074,12991
27166,0.00026794467703439295,16952
27167,0.0002679658937267959,24991
27168,0.0002679899916984141,9920
27169,0.00026799735496751964,13334
27170,0.00026807337417267263,4227
27171,0.0002680850448086858,24056
27172,0.0002680865873117,26021
27173,0.000268101051915437,22410
27174,0.00026816155877895653,9697
27175,0.00026816423633135855,20462
27176,0.0002681662735994905,3273
27177,0.00026822896325029433,25975
27178,0.00026825061650015414,1227
27179,0.00026827832334674895,6613
27180,0.0002682953781913966,16230
27181,0.0002683091734070331,9550
27182,0.00026833274750970304,5607
27183,0.0002683419734239578,14736
27184,0.0002684159262571484,27506
27185,0.0002684219798538834,1176
27186,0.00026847401750274,24645
27187,0.00026847567642107606,22049
27188,0.00026847730623558164,12157
27189,0.00026855809846892953,13380
27190,0.0002685672661755234,21086
27191,0.00026859575882554054,11598
27192,0.0002686434017959982,25979
27193,0.0002686574007384479,8756
27194,0.00026876755873672664,13195
27195,0.00026878173230215907,17225
27196,0.00026880286168307066,21287
27197,0.0002688330423552543,21325
27198,0.00026883569080382586,25384
27199,0.00026887786225415766,7652
27200,0.00026891156448982656,5290
27201,0.0002689280081540346,16344
27202,0.0002689529792405665,14151
27203,0.00026898557553067803,9760
27204,0.00026899168733507395,7632
27205,0.0002690250112209469,23606
27206,0.00026903764228336513,10746
27207,0.0002690851397346705,22574
27208,0.00026909346343018115,842
27209,0.00026914133923128247,1341
27210,0.00026916590286418796,2079
27211,0.00026920170057564974,15277
27212,0.0002692175330594182,14175
27213,0.00026923068799078465,832
27214,0.0002692323469091207,17911
27215,0.0002692437556106597,11653
27216,0.00026931092725135386,22515
27217,0.0002694178547244519,35
27218,0.000269449403276667,25994
27219,0.00026946087018586695,12608
27220,0.0002694955328479409,3440
27221,0.0002695668663363904,11618
27222,0.0002695745206438005,22107
27223,0.0002696597948670387,13836
27224,0.0002696627052500844,3304
27225,0.00026966643054038286,21005
27226,0.0002696830779314041,22055
27227,0.0002697352028917521,17581
27228,0.00026977891684509814,1085
27229,0.000269792479230091,7463
27230,0.000269805226707831,18269
27231,0.00026986704324372113,2898
27232,0.00026987015735358,18170
27233,0.00026987894671037793,24038
27234,0.0002698845346458256,13812
27235,0.0002699366305023432,9313
27236,0.00026995569351129234,4159
27237,0.0002700982731766999,21702
27238,0.00027013925136998296,7812
27239,0.0002701458288356662,9724
27240,0.0002701552875805646,8716
27241,0.00027018727269023657,12076
27242,0.0002702309866435826,14755
27243,0.0002703013306017965,14707
27244,0.00027031684294342995,23257
27245,0.00027032714569941163,18125
27246,0.0002703460631892085,15057
27247,0.0002703692007344216,16790
27248,0.00027037010295316577,12865
27249,0.000270400894805789,12302
27250,0.0002704214712139219,17820
27251,0.00027046457398682833,19919
27252,0.0002704657963477075,17596
27253,0.0002704948128666729,8622
27254,0.00027051122742705047,13147
27255,0.00027061253786087036,25679
27256,0.0002706268569454551,16554
27257,0.00027063360903412104,21840
27258,0.0002706407685764134,2868
27259,0.0002706656523514539,11390
27260,0.0002706988889258355,5780
27261,0.0002707706589717418,27731
27262,0.0002708305837586522,13581
27263,0.0002708518586587161,11889
27264,0.00027092843083664775,17079
27265,0.000270959862973541,4047
27266,0.000271040917141363,10323
27267,0.00027104472974315286,5513
27268,0.00027113387477584183,4570
27269,0.00027119560400024056,9365
27270,0.00027120718732476234,8197
27271,0.000271262921160087,20195
27272,0.00027128876536153257,17490
27273,0.00027129065711051226,26150
27274,0.00027134010451845825,17341
27275,0.00027135061100125313,3667
27276,0.000271393422735855,5324
27277,0.00027139531448483467,5004
27278,0.0002714088186621666,25879
27279,0.00027141973259858787,22632
27280,0.0002714816655497998,17416
27281,0.0002715754962991923,21543
27282,0.000271608994808048,6118
27283,0.00027162322658114135,17494
27284,0.0002716451999731362,17180
27285,0.0002716627495829016,8497
27286,0.0002716935414355248,5291
27287,0.00027169735403731465,20841
27288,0.00027169915847480297,11164
27289,0.00027170375688001513,3013
27290,0.0002717612369451672,2090
27291,0.00027177916490472853,7745
27292,0.0002717932511586696,11100
27293,0.0002718089963309467,5630
27294,0.00027190870605409145,16944
27295,0.0002719433105085045,3083
27296,0.00027196414885111153,9579
27297,0.0002720010816119611,8916
27298,0.0002721136261243373,2067
27299,0.00027214412693865597,21244
27300,0.00027215766021981835,15590
27301,0.0002721670607570559,8779
27302,0.0002721709315665066,49
27303,0.00027217422029934824,27693
27304,0.00027218693867325783,13282
27305,0.0002722219505812973,22308
27306,0.00027222803328186274,8405
27307,0.00027226231759414077,6033
27308,0.0002723585639614612,5865
27309,0.00027238865732215345,7076
27310,0.0002724272198975086,11248
27311,0.00027244637021794915,13476
27312,0.00027248720289207995,16874
27313,0.0002725300146266818,4545
27314,0.0002725448866840452,2417
27315,0.00027257512556388974,11308
27316,0.00027273991145193577,8818
27317,0.0002727697719819844,19198
27318,0.00027279421919956803,20782
27319,0.0002728152903728187,13623
27320,0.0002728851686697453,4339
27321,0.00027292370214127004,6383
27322,0.0002729798434302211,22731
27323,0.00027303662500344217,1541
27324,0.0002731140120886266,12369
27325,0.00027316619525663555,1415
27326,0.00027321174275130033,13518
27327,0.0002732683205977082,50
27328,0.0002734192821662873,815
27329,0.00027342335670255125,26486
27330,0.0002734458539634943,23953
27331,0.00027365144342184067,12128
27332,0.00027367399889044464,20877
27333,0.0002736767928581685,24761
27334,0.00027371180476620793,4261
27335,0.0002737397444434464,5939
27336,0.0002737610484473407,11766
27337,0.00027383031556382775,20146
27338,0.00027383057749830186,13440
27339,0.00027383165434002876,18765
27340,0.0002738414332270622,15541
27341,0.00027386442525312304,5335
27342,0.0002738721377681941,21185
27343,0.00027387362206354737,15349
27344,0.00027387827867642045,12235
27345,0.000273926358204335,19173
27346,0.0002739595074672252,14623
27347,0.0002739636111073196,19839
27348,0.00027412400231696665,7159
27349,0.00027417688397690654,18638
27350,0.00027423654682934284,18966
27351,0.00027427758323028684,21857
27352,0.0002743639051914215,12935
27353,0.000274379039183259,2628
27354,0.0002744292141869664,7846
27355,0.00027453398797661066,23437
27356,0.00027456964016892016,22153
27357,0.0002746150130406022,16574
27358,0.0002746203972492367,17950
27359,0.0002746416430454701,13359
27360,0.00027467167819850147,20235
27361,0.0002746872487477958,5747
27362,0.0002746961254160851,20742
27363,0.000274721416644752,27114
27364,0.0002747416729107499,26680
27365,0.0002747708058450371,20136
27366,0.00027482063160277903,27116
27367,0.00027482357108965516,2064
27368,0.000274846883257851,17719
27369,0.0002748714468907565,12292
27370,0.0002748761617112905,12766
27371,0.00027487718034535646,1549
27372,0.0002748852130025625,4366
27373,0.00027490645879879594,19534
27374,0.00027492502704262733,4712
27375,0.00027497709379531443,16190
27376,0.00027499289717525244,10034
27377,0.0002750671992544085,15762
27378,0.00027507980121299624,25931
27379,0.0002750887942966074,9923
27380,0.00027523821336217225,23962
27381,0.00027530521037988365,19220
27382,0.0002753310836851597,13178
27383,0.0002753639128059149,17847
27384,0.0002754296001512557,23053
27385,0.0002754430170170963,9070
27386,0.0002755052992142737,18981
27387,0.00027551085804589093,9327
27388,0.00027554394910112023,1365
27389,0.00027563824551180005,22178
27390,0.0002757250622380525,10162
27391,0.00027572945691645145,25297
27392,0.00027582168695516884,9020
27393,0.00027586446958594024,14096
27394,0.00027594532002694905,23413
27395,0.0002761342329904437,21216
27396,0.0002761392970569432,3677
27397,0.0002761653740890324,22913
27398,0.00027621601475402713,9695
27399,0.00027628138195723295,6495
27400,0.00027631904231384397,2121
27401,0.0002763371157925576,15196
27402,0.00027636930462904274,1562
27403,0.00027641819906421006,13712
27404,0.00027643496287055314,18266
27405,0.00027662317734211683,26769
27406,0.00027664448134601116,5027
27407,0.00027664759545587003,11721
27408,0.0002766487014014274,15018
27409,0.0002766501856967807,12873
27410,0.0002766636898741126,10364
27411,0.000276671489700675,24166
27412,0.00027670295094139874,21016
27413,0.0002767061232589185,26049
27414,0.000276747508905828,25211
27415,0.00027675609453581274,26996
27416,0.0002768963167909533,19195
27417,0.00027695827884599566,27263
27418,0.00027699474594555795,2076
27419,0.0002770140126813203,8827
27420,0.0002771176805254072,13160
27421,0.0002771335421130061,24031
27422,0.000277147744782269,5788
27423,0.0002771493454929441,8537
27424,0.00027731142472475767,16477
27425,0.00027732193120755255,15556
27426,0.00027758500073105097,24971
27427,0.00027763706748373806,10299
27428,0.0002777546760626137,6187
27429,0.0002777663175947964,391
27430,0.0002778394555207342,9990
27431,0.0002779025526251644,21707
27432,0.0002779630303848535,1682
27433,0.0002780117793008685,9884
27434,0.000278101593721658,12659
27435,0.00027811512700282037,12758
27436,0.0002781461225822568,12398
27437,0.0002782010706141591,19461
27438,0.0002782182418741286,14256
27439,0.00027829015743918717,13649
27440,0.000278297666227445,2668
27441,0.0002784640237223357,1753
27442,0.0002784714160952717,16275
27443,0.0002785604156088084,16474
27444,0.00027858291286975145,3270
27445,0.00027858561952598393,5877
27446,0.00027859024703502655,15237
27447,0.00027859595138579607,21065
27448,0.0002786291588563472,4881
27449,0.0002786708646453917,2879
27450,0.0002787646371871233,4860
27451,0.0002788521524053067,17704
27452,0.00027887726901099086,19219
27453,0.0002789406571537256,19829
27454,0.00027894394588656723,25479
27455,0.0002790881262626499,23014
27456,0.0002791075094137341,19963
27457,0.00027917721308767796,11699
27458,0.0002792182203847915,27330
27459,0.00027932075317949057,24412
27460,0.00027932520606555045,5063
27461,0.00027942805900238454,21549
27462,0.00027943149325437844,2045
27463,0.00027946222689934075,19667
27464,0.00027957704151049256,7315
27465,0.00027961720479652286,25420
27466,0.00027966947527602315,10835
27467,0.0002797283814288676,51
27468,0.0002797306515276432,26657
27469,0.00027974590193480253,6746
27470,0.00027974744443781674,3895
27471,0.00027977992431260645,6102
27472,0.0002798370842356235,24515
27473,0.00027985748602077365,7512
27474,0.00027990812668576837,19933
27475,0.0002799647336360067,240
27476,0.00028008859953843057,12276
27477,0.00028011505492031574,20463
27478,0.0002801443624775857,23816
27479,0.00028018519515171647,17450
27480,0.0002802108647301793,1881
27481,0.0002802765811793506,20473
27482,0.00028034549904987216,18774
27483,0.00028034663409925997,13703
27484,0.0002803494280669838,7774
27485,0.00028045845101587474,18205
27486,0.00028051415574736893,1222
27487,0.0002806624979712069,9434
27488,0.0002806859847623855,17662
27489,0.00028075071168132126,19980
27490,0.0002807619166560471,26846
27491,0.0002808251010719687,24647
27492,0.000280896172625944,21400
27493,0.00028102361829951406,12586
27494,0.00028103432850912213,17850
27495,0.0002810881705954671,11094
27496,0.00028110158746130764,15295
27497,0.0002811614249367267,24664
27498,0.0002811922167893499,6215
27499,0.000281257729511708,22701
27500,0.0002812880848068744,23275
27501,0.00028129827114753425,13962
27502,0.0002813362516462803,3606
27503,0.0002817422791849822,6097
27504,0.0002817736240103841,16623
27505,0.0002817960630636662,11230
27506,0.00028189236763864756,10708
27507,0.0002821641101036221,20236
27508,0.0002822076203301549,14704
27509,0.00028227345319464803,4393
27510,0.0002823490940500051,25457
27511,0.0002824674011208117,13996
27512,0.0002826113486662507,27111
27513,0.0002827536372933537,12210
27514,0.0002828426077030599,4584
27515,0.00028285395819693804,1976
27516,0.0002829218574333936,12231
27517,0.000283040979411453,10821
27518,0.00028305381420068443,24435
27519,0.00028313687653280795,12794
27520,0.0002831510500982404,3116
27521,0.0002832110913004726,15371
27522,0.00028322040452621877,8757
27523,0.0002832690079230815,18287
27524,0.0002833158359862864,17810
27525,0.0002834174083545804,9667
27526,0.00028346534236334264,998
27527,0.0002835504710674286,13570
27528,0.00028358754934743047,10072
27529,0.0002837242209352553,26380
27530,0.0002838339423760772,27247
27531,0.0002842094108927995,22300
27532,0.000284255133010447,1294
27533,0.00028429972007870674,26213
27534,0.000284445530269295,22951
27535,0.0002844850823748857,19078
27536,0.00028450990794226527,1968
27537,0.00028455210849642754,3015
27538,0.000284565583569929,13579
27539,0.0002845684648491442,10997
27540,0.0002846115967258811,27532
27541,0.0002846451534423977,8699
27542,0.0002846534480340779,12672
27543,0.00028467411175370216,21184
27544,0.0002847007417585701,15706
27545,0.0002848520234692842,12654
27546,0.0002848641015589237,12143
27547,0.00028500030748546124,17878
27548,0.00028504387591965497,12825
27549,0.0002851061581168324,8563
27550,0.0002851931203622371,25112
27551,0.00028539489721879363,9178
27552,0.0002853996120393276,18543
27553,0.00028544620727188885,6529
27554,0.00028549463604576886,11425
27555,0.00028566847322508693,16055
27556,0.00028574650059454143,18775
27557,0.0002857633517123759,4528
27558,0.00028589690919034183,9157
27559,0.00028596899937838316,335
27560,0.00028600168297998607,2934
27561,0.0002860246750060469,8517
27562,0.0002860560198314488,17337
27563,0.0002860960375983268,23347
27564,0.0002862411201931536,9438
27565,0.00028652255423367023,10167
27566,0.00028657287475652993,23128
27567,0.0002868896699510515,14189
27568,0.00028696138178929687,10813
27569,0.0002871128963306546,21524
27570,0.0002871495671570301,20280
27571,0.0002871789620257914,16976
27572,0.00028718699468299747,13291
27573,0.0002872790500987321,13472
27574,0.0002873432822525501,2326
27575,0.000287500093691051,22298
27576,0.0002875901700463146,8362
27577,0.00028792425291612744,1772
27578,0.00028806363116018474,27777
27579,0.00028825353365391493,2495
27580,0.000288306619040668,6690
27581,0.00028832704992964864,595
27582,0.0002883689303416759,14009
27583,0.000288430746877566,25579
27584,0.0002888870076276362,25992
27585,0.00028889381792396307,8453
27586,0.00028901835321448743,19726
27587,0.0002890448668040335,20082
27588,0.0002890538307838142,15973
27589,0.00028913281857967377,9740
27590,0.0002895302895922214,23509
27591,0.0002895512734539807,21788
27592,0.0002895980142056942,17162
27593,0.0002896867226809263,25443
27594,0.0002897932135965675,1733
27595,0.0002898014208767563,23064
27596,0.0002898084057960659,13720
27597,0.0002898291568271816,10847
27598,0.00028992374427616596,20543
27599,0.000289987976429984,7471
27600,0.0002900611434597522,224
27601,0.00029021521913819015,12647
27602,0.00029038600041531026,25988
27603,0.000290727213723585,12819
27604,0.00029073641053400934,5096
27605,0.00029095530044287443,4600
27606,0.0002910189505200833,8309
27607,0.0002913032949436456,16929
27608,0.00029130533221177757,13174
27609,0.0002913117059506476,13566
27610,0.00029133789939805865,22283
27611,0.000291417381959036,22886
27612,0.0002914683718699962,14594
27613,0.0002917614474426955,21174
27614,0.0002918349637184292,3563
27615,0.0002918919490184635,18377
27616,0.00029189386987127364,20552
27617,0.0002919019607361406,11055
27618,0.00029192803776822984,3540
27619,0.0002921657869592309,13284
27620,0.00029224055469967425,15676
27621,0.00029255327535793185,19945
27622,0.000292578071821481,20580
27623,0.0002926257729995996,812
27624,0.0002926333690993488,8435
27625,0.00029264972545206547,10946
27626,0.0002927340683527291,14759
27627,0.0002927417808678001,15208
27628,0.00029283040203154087,10772
27629,0.0002932592178694904,21653
27630,0.00029385066591203213,7035
27631,0.00029385066591203213,10884
27632,0.00029385066591203213,14674
27633,0.00029385066591203213,14842
27634,0.00029385066591203213,16619
27635,0.00029385066591203213,16937
27636,0.00029385066591203213,20130
27637,0.00029385066591203213,20318
27638,0.00029385066591203213,22431
27639,0.0002939268888439983,13823
27640,0.0002941135608125478,2115
27641,0.00029418710619211197,8060
27642,0.00029422712395899,16253
27643,0.00029437296325340867,13593
27644,0.00029482325771823525,26287
27645,0.0002951231726910919,19703
27646,0.0002951539063360542,12624
27647,0.0002952473296318203,913
27648,0.00029527724836952984,10707
27649,0.0002953359216917306,7037
27650,0.0002954184601549059,23633
27651,0.00029548053862527013,18890
27652,0.00029548999737016857,21841
27653,0.00029573129722848535,12610
27654,0.0002957895048893988,16195
27655,0.00029585103038698435,214
27656,0.0002961909049190581,9652
27657,0.0002962262078654021,7961
27658,0.00029642300796695054,10468
27659,0.00029646727489307523,14693
27660,0.000296558893751353,22835
27661,0.000296704878564924,22500
27662,0.00029671884840354323,18235
27663,0.0002967360196635127,15770
27664,0.00029682464082725346,531
27665,0.00029721276951022446,11578
27666,0.0002976587857119739,11787
27667,0.00029769353568553925,12900
27668,0.00029786076629534364,4845
27669,0.0002978686534333974,13941
27670,0.0002980375720653683,23270
27671,0.00029805590747855604,27789
27672,0.0002981915313284844,10266
27673,0.00029835663735866547,6475
27674,0.00029837843612767756,11134
27675,0.00029853740124963224,11544
27676,0.00029857197660021484,5113
27677,0.00029860518407076597,6082
27678,0.0002986197650898248,17482
27679,0.0002988493943121284,18371
27680,0.000298921309877187,4148
27681,0.0002990163047797978,20767
27682,0.000299136561807245,14074
27683,0.0002993341477122158,14807
27684,0.00029941985849291086,26572
27685,0.00029951450414955616,16113
27686,0.00029953266493976116,17137
27687,0.00029955783975310624,14023
27688,0.000299688836093992,10729
27689,0.0002997314149979502,4768
27690,0.00029977483791299164,22263
27691,0.00029985804576426744,27269
27692,0.0002999611897394061,15172
27693,0.0003001781296916306,3336
27694,0.00030062123551033437,5930
27695,0.0003007919294759631,11068
27696,0.0003009061620105058,14326
27697,0.0003012017405126244,9108
27698,0.00030127368518151343,23713
27699,0.0003013178356923163,13502
27700,0.0003015383845195174,17492
27701,0.000301670836051926,4095
27702,0.0003019825089722872,994
27703,0.0003019933355972171,13467
27704,0.00030262014479376376,1304
27705,0.0003026908088941127,5815
27706,0.00030279409838840365,10873
27707,0.0003028591745533049,8218
27708,0.0003032125241588801,17512
27709,0.0003032783861272037,4557
27710,0.0003034170367754996,17119
27711,0.00030354352202266455,20153
27712,0.00030368607258424163,15651
27713,0.0003038978320546448,27727
27714,0.0003041494346689433,27351
27715,0.00030526690534316003,24954
27716,0.0003053588734474033,10924
27717,0.0003055025590583682,27278
27718,0.0003056358837056905,4330
27719,0.0003057174908462912,23897
27720,0.0003059354785364121,2830
27721,0.00030594365671277046,13567
27722,0.00030628679087385535,16043
27723,0.00030642375349998474,22862
27724,0.0003065659257117659,15533
27725,0.0003067108627874404,311
27726,0.0003081702161580324,11876
27727,0.00030843852437101305,12154
27728,0.00030878098914399743,15683
27729,0.0003090985701419413,4505
27730,0.0003091519174631685,1270
27731,0.0003093492705374956,1636
27732,0.00030939295538701117,22457
27733,0.0003095284919254482,7148
27734,0.00030959598370827734,16155
27735,0.00030971906380727887,16001
27736,0.00030974173569120467,1114
27737,0.00031060492619872093,15503
27738,0.0003109809767920524,18663
27739,0.0003120808396488428,20676
27740,0.0003123147471342236,11132
27741,0.00031412430689670146,14402
27742,0.00031458394369110465,22084
27743,0.00031539451447315514,10407
27744,0.0003155233571305871,13105
27745,0.00031749019399285316,8915
27746,0.00031751484493725,22853
27747,0.00031762075377628207,22281
27748,0.0003180880448780954,19983
27749,0.00031922446214593947,14286
27750,0.00031978264451026917,17274
27751,0.0003199999628122896,15203
27752,0.0003207072732038796,18444
27753,0.00032130719046108425,23358
27754,0.00032186353928409517,20682
27755,0.00032195329549722373,16209
27756,0.0003221450315322727,8721
27757,0.0003226197441108525,14599
27758,0.00032316308352164924,13459
27759,0.00032373712747357786,918
27760,0.00032557157101109624,8946
27761,0.00032570803887210786,13265
27762,0.000326210429193452,12849
27763,0.0003264608676545322,18573
27764,0.00032654707320034504,11014
27765,0.00032904898398555815,27527
27766,0.0003306129074189812,14213
27767,0.00033283972879871726,24308
27768,0.0003337148518767208,1664
27769,0.0003340538532938808,12270
27770,0.0003346570301800966,27721
27771,0.00033476250246167183,5115
27772,0.0003354665532242507,17193
27773,0.0003357604146003723,12196
27774,0.00034031737595796585,26740
27775,0.00034504191717132926,20478
27776,0.0003465910267550498,20633
27777,0.0003466018242761493,5339
27778,0.00034756879904307425,26626
27779,0.00035136527731083333,7625
27780,0.00035200550337322056,20794
27781,0.00035823744838126004,22752
27782,0.00035935701453126967,12461
27783,0.0003611383435782045,16899
27784,0.00036118380376137793,18392
27785,0.00036135828122496605,19944
27786,0.00036856328370049596,22746
27787,0.000371920526959002,27180
27788,0.00037799568963237107,9277
27789,0.00038386511732824147,26695
27790,0.0003960579342674464,24069
27791,0.0003977145242970437,678
27792,0.00042907020542770624,16341
27793,0.0004348656511865556,17179
